{
  "sentences": [
    {
      "text": {
        "content": "Ollie was rescued from the construction site behind my house.",
        "beginOffset": -1
      },
      "sentiment": {
        "magnitude": 0,
        "score": 0
      }
    },
    {
      "text": {
        "content": "He is quite the manja type and loves to play.",
        "beginOffset": -1
      },
      "sentiment": {
        "magnitude": 0.9,
        "score": 0.9
      }
    },
    {
      "text": {
        "content": "He makes a good companion and playmate for young children.",
        "beginOffset": -1
      },
      "sentiment": {
        "magnitude": 0.9,
        "score": 0.9
      }
    },
    {
      "text": {
        "content": "He is quite the handsome chap with a distinct mark on his face like a beauty mark.",
        "beginOffset": -1
      },
      "sentiment": {
        "magnitude": 0.8,
        "score": 0.8
      }
    }
  ],
  "tokens": [],
  "entities": [
    {
      "name": "Ollie",
      "type": "PERSON",
      "metadata": {},
      "salience": 0.71007854,
      "mentions": [
        {
          "text": {
            "content": "Ollie",
            "beginOffset": -1
          },
          "type": "PROPER"
        }
      ]
    },
    {
      "name": "construction site",
      "type": "LOCATION",
      "metadata": {},
      "salience": 0.13050501,
      "mentions": [
        {
          "text": {
            "content": "construction site",
            "beginOffset": -1
          },
          "type": "COMMON"
        }
      ]
    },
    {
      "name": "house",
      "type": "LOCATION",
      "metadata": {},
      "salience": 0.05270435,
      "mentions": [
        {
          "text": {
            "content": "house",
            "beginOffset": -1
          },
          "type": "COMMON"
        }
      ]
    },
    {
      "name": "manja type",
      "type": "OTHER",
      "metadata": {},
      "salience": 0.022339256,
      "mentions": [
        {
          "text": {
            "content": "manja type",
            "beginOffset": -1
          },
          "type": "COMMON"
        }
      ]
    },
    {
      "name": "playmate",
      "type": "OTHER",
      "metadata": {},
      "salience": 0.01621606,
      "mentions": [
        {
          "text": {
            "content": "playmate",
            "beginOffset": -1
          },
          "type": "COMMON"
        }
      ]
    },
    {
      "name": "children",
      "type": "PERSON",
      "metadata": {},
      "salience": 0.01621606,
      "mentions": [
        {
          "text": {
            "content": "children",
            "beginOffset": -1
          },
          "type": "COMMON"
        }
      ]
    },
    {
      "name": "mark",
      "type": "OTHER",
      "metadata": {},
      "salience": 0.013885808,
      "mentions": [
        {
          "text": {
            "content": "mark",
            "beginOffset": -1
          },
          "type": "COMMON"
        }
      ]
    },
    {
      "name": "companion",
      "type": "OTHER",
      "metadata": {},
      "salience": 0.012866669,
      "mentions": [
        {
          "text": {
            "content": "companion",
            "beginOffset": -1
          },
          "type": "COMMON"
        }
      ]
    },
    {
      "name": "beauty mark",
      "type": "OTHER",
      "metadata": {},
      "salience": 0.009746903,
      "mentions": [
        {
          "text": {
            "content": "beauty mark",
            "beginOffset": -1
          },
          "type": "COMMON"
        }
      ]
    },
    {
      "name": "face",
      "type": "OTHER",
      "metadata": {},
      "salience": 0.008567971,
      "mentions": [
        {
          "text": {
            "content": "face",
            "beginOffset": -1
          },
          "type": "COMMON"
        }
      ]
    },
    {
      "name": "chap",
      "type": "PERSON",
      "metadata": {},
      "salience": 0.0068733725,
      "mentions": [
        {
          "text": {
            "content": "chap",
            "beginOffset": -1
          },
          "type": "COMMON"
        }
      ]
    }
  ],
  "documentSentiment": {
    "magnitude": 2.8,
    "score": 0.7
  },
  "language": "en",
  "categories": []
}
