{
  "sentences": [
    {
      "text": {
        "content": "went to teluk kumba kuanthai restaurant saw this female puppies alone by the beach..",
        "beginOffset": -1
      },
      "sentiment": {
        "magnitude": 0.1,
        "score": 0.1
      }
    },
    {
      "text": {
        "content": "Adopters must vaccinate, spay and keep puppy indoors/fenced Call/WhatsApp: Address: teluk kumba",
        "beginOffset": -1
      },
      "sentiment": {
        "magnitude": 0.5,
        "score": 0.5
      }
    }
  ],
  "tokens": [],
  "entities": [
    {
      "name": "restaurant",
      "type": "LOCATION",
      "metadata": {},
      "salience": 0.26085824,
      "mentions": [
        {
          "text": {
            "content": "restaurant",
            "beginOffset": -1
          },
          "type": "COMMON"
        }
      ]
    },
    {
      "name": "puppies",
      "type": "OTHER",
      "metadata": {},
      "salience": 0.20370758,
      "mentions": [
        {
          "text": {
            "content": "puppies",
            "beginOffset": -1
          },
          "type": "COMMON"
        }
      ]
    },
    {
      "name": "beach",
      "type": "LOCATION",
      "metadata": {},
      "salience": 0.18226475,
      "mentions": [
        {
          "text": {
            "content": "beach",
            "beginOffset": -1
          },
          "type": "COMMON"
        }
      ]
    },
    {
      "name": "Call",
      "type": "OTHER",
      "metadata": {
        "wikipedia_url": "https://en.wikipedia.org/wiki/Telephone_call",
        "mid": "/m/024j49"
      },
      "salience": 0.13754916,
      "mentions": [
        {
          "text": {
            "content": "WhatsApp",
            "beginOffset": -1
          },
          "type": "COMMON"
        },
        {
          "text": {
            "content": "Call",
            "beginOffset": -1
          },
          "type": "PROPER"
        }
      ]
    },
    {
      "name": "teluk kumba",
      "type": "OTHER",
      "metadata": {},
      "salience": 0.09735242,
      "mentions": [
        {
          "text": {
            "content": "Address",
            "beginOffset": -1
          },
          "type": "COMMON"
        },
        {
          "text": {
            "content": "teluk kumba",
            "beginOffset": -1
          },
          "type": "PROPER"
        }
      ]
    },
    {
      "name": "Adopters",
      "type": "PERSON",
      "metadata": {},
      "salience": 0.08974344,
      "mentions": [
        {
          "text": {
            "content": "Adopters",
            "beginOffset": -1
          },
          "type": "COMMON"
        }
      ]
    },
    {
      "name": "puppy",
      "type": "OTHER",
      "metadata": {},
      "salience": 0.028524412,
      "mentions": [
        {
          "text": {
            "content": "puppy",
            "beginOffset": -1
          },
          "type": "COMMON"
        }
      ]
    }
  ],
  "documentSentiment": {
    "magnitude": 0.6,
    "score": 0.3
  },
  "language": "en",
  "categories": []
}
