{
  "sentences": [
    {
      "text": {
        "content": "I found Pup with 2 other brothers who were abandoned and were in terrible condition.",
        "beginOffset": -1
      },
      "sentiment": {
        "magnitude": 0.7,
        "score": -0.7
      }
    },
    {
      "text": {
        "content": "He is the is doing great now and is looking for a home.",
        "beginOffset": -1
      },
      "sentiment": {
        "magnitude": 0.9,
        "score": 0.9
      }
    },
    {
      "text": {
        "content": "He is suspected only 6 weeks old and we will be taking them for the first round of shots this week.",
        "beginOffset": -1
      },
      "sentiment": {
        "magnitude": 0.1,
        "score": -0.1
      }
    },
    {
      "text": {
        "content": "I will pre-pay a vet for the remaining shots and vaccinations all the you have to do is take him there.",
        "beginOffset": -1
      },
      "sentiment": {
        "magnitude": 0,
        "score": 0
      }
    },
    {
      "text": {
        "content": "Photos were taken last week.",
        "beginOffset": -1
      },
      "sentiment": {
        "magnitude": 0,
        "score": 0
      }
    }
  ],
  "tokens": [],
  "entities": [
    {
      "name": "Pup",
      "type": "PERSON",
      "metadata": {},
      "salience": 0.5149203,
      "mentions": [
        {
          "text": {
            "content": "Pup",
            "beginOffset": -1
          },
          "type": "PROPER"
        }
      ]
    },
    {
      "name": "brothers",
      "type": "PERSON",
      "metadata": {},
      "salience": 0.300426,
      "mentions": [
        {
          "text": {
            "content": "brothers",
            "beginOffset": -1
          },
          "type": "COMMON"
        }
      ]
    },
    {
      "name": "condition",
      "type": "OTHER",
      "metadata": {},
      "salience": 0.052936517,
      "mentions": [
        {
          "text": {
            "content": "condition",
            "beginOffset": -1
          },
          "type": "COMMON"
        }
      ]
    },
    {
      "name": "vet",
      "type": "PERSON",
      "metadata": {},
      "salience": 0.05281394,
      "mentions": [
        {
          "text": {
            "content": "vet",
            "beginOffset": -1
          },
          "type": "COMMON"
        }
      ]
    },
    {
      "name": "shots",
      "type": "OTHER",
      "metadata": {},
      "salience": 0.018407885,
      "mentions": [
        {
          "text": {
            "content": "shots",
            "beginOffset": -1
          },
          "type": "COMMON"
        }
      ]
    },
    {
      "name": "home",
      "type": "LOCATION",
      "metadata": {},
      "salience": 0.017503468,
      "mentions": [
        {
          "text": {
            "content": "home",
            "beginOffset": -1
          },
          "type": "COMMON"
        }
      ]
    },
    {
      "name": "round",
      "type": "EVENT",
      "metadata": {},
      "salience": 0.016188992,
      "mentions": [
        {
          "text": {
            "content": "round",
            "beginOffset": -1
          },
          "type": "COMMON"
        }
      ]
    },
    {
      "name": "vaccinations",
      "type": "OTHER",
      "metadata": {},
      "salience": 0.012182665,
      "mentions": [
        {
          "text": {
            "content": "vaccinations",
            "beginOffset": -1
          },
          "type": "COMMON"
        }
      ]
    },
    {
      "name": "Photos",
      "type": "WORK_OF_ART",
      "metadata": {},
      "salience": 0.008519517,
      "mentions": [
        {
          "text": {
            "content": "Photos",
            "beginOffset": -1
          },
          "type": "COMMON"
        }
      ]
    },
    {
      "name": "shots",
      "type": "OTHER",
      "metadata": {},
      "salience": 0.0061007254,
      "mentions": [
        {
          "text": {
            "content": "shots",
            "beginOffset": -1
          },
          "type": "COMMON"
        }
      ]
    }
  ],
  "documentSentiment": {
    "magnitude": 1.8,
    "score": 0
  },
  "language": "en",
  "categories": []
}
