{
  "sentences": [
    {
      "text": {
        "content": "A cute domestic short hair kitten looking for new home.",
        "beginOffset": -1
      },
      "sentiment": {
        "magnitude": 0.6,
        "score": 0.6
      }
    },
    {
      "text": {
        "content": "She is Grey Baby Girl, about 2.5 months old now.",
        "beginOffset": -1
      },
      "sentiment": {
        "magnitude": 0,
        "score": 0
      }
    },
    {
      "text": {
        "content": "She has thick &amp; soft fur in grey &amp; cream colour.",
        "beginOffset": -1
      },
      "sentiment": {
        "magnitude": 0.4,
        "score": 0.4
      }
    },
    {
      "text": {
        "content": "She has beautiful dark grey eyes &amp; a cute, fluffy tail.",
        "beginOffset": -1
      },
      "sentiment": {
        "magnitude": 0.7,
        "score": 0.7
      }
    },
    {
      "text": {
        "content": "She is feeding on kibbles already, but sometimes we gave her wet food (canned fish) as treat.",
        "beginOffset": -1
      },
      "sentiment": {
        "magnitude": 0.2,
        "score": 0.2
      }
    },
    {
      "text": {
        "content": "She is healthy, very active &amp; playful.",
        "beginOffset": -1
      },
      "sentiment": {
        "magnitude": 0.8,
        "score": 0.8
      }
    },
    {
      "text": {
        "content": "She loves to chase tiny insects in the house.",
        "beginOffset": -1
      },
      "sentiment": {
        "magnitude": 0.7,
        "score": 0.7
      }
    },
    {
      "text": {
        "content": "She is under toilet (potty) training now &amp; is ready to go at anytime.",
        "beginOffset": -1
      },
      "sentiment": {
        "magnitude": 0.2,
        "score": 0.2
      }
    },
    {
      "text": {
        "content": "*RM 50 adoption fee would be paid to Cat Charity Club (CCC) for rescuing stray cats.",
        "beginOffset": -1
      },
      "sentiment": {
        "magnitude": 0,
        "score": 0
      }
    },
    {
      "text": {
        "content": "*Another RM neutering / spaying deposit would be fully refundable once the surgery is done.",
        "beginOffset": -1
      },
      "sentiment": {
        "magnitude": 0.6,
        "score": -0.6
      }
    },
    {
      "text": {
        "content": "Anyone interested, please call .",
        "beginOffset": -1
      },
      "sentiment": {
        "magnitude": 0.2,
        "score": 0.2
      }
    }
  ],
  "tokens": [],
  "entities": [
    {
      "name": "kitten",
      "type": "PERSON",
      "metadata": {},
      "salience": 0.7732837,
      "mentions": [
        {
          "text": {
            "content": "kitten",
            "beginOffset": -1
          },
          "type": "COMMON"
        }
      ]
    },
    {
      "name": "home",
      "type": "LOCATION",
      "metadata": {},
      "salience": 0.061432004,
      "mentions": [
        {
          "text": {
            "content": "home",
            "beginOffset": -1
          },
          "type": "COMMON"
        }
      ]
    },
    {
      "name": "Grey Baby Girl",
      "type": "PERSON",
      "metadata": {},
      "salience": 0.022975313,
      "mentions": [
        {
          "text": {
            "content": "Grey Baby Girl",
            "beginOffset": -1
          },
          "type": "PROPER"
        }
      ]
    },
    {
      "name": "grey",
      "type": "OTHER",
      "metadata": {},
      "salience": 0.013121264,
      "mentions": [
        {
          "text": {
            "content": "grey",
            "beginOffset": -1
          },
          "type": "COMMON"
        }
      ]
    },
    {
      "name": "fur",
      "type": "OTHER",
      "metadata": {},
      "salience": 0.011538114,
      "mentions": [
        {
          "text": {
            "content": "fur",
            "beginOffset": -1
          },
          "type": "COMMON"
        }
      ]
    },
    {
      "name": "cream colour",
      "type": "OTHER",
      "metadata": {},
      "salience": 0.011538114,
      "mentions": [
        {
          "text": {
            "content": "cream colour",
            "beginOffset": -1
          },
          "type": "COMMON"
        }
      ]
    },
    {
      "name": "food",
      "type": "OTHER",
      "metadata": {},
      "salience": 0.007849728,
      "mentions": [
        {
          "text": {
            "content": "food",
            "beginOffset": -1
          },
          "type": "COMMON"
        }
      ]
    },
    {
      "name": "fish",
      "type": "OTHER",
      "metadata": {},
      "salience": 0.007849728,
      "mentions": [
        {
          "text": {
            "content": "fish",
            "beginOffset": -1
          },
          "type": "COMMON"
        }
      ]
    },
    {
      "name": "treat",
      "type": "OTHER",
      "metadata": {},
      "salience": 0.007849728,
      "mentions": [
        {
          "text": {
            "content": "treat",
            "beginOffset": -1
          },
          "type": "COMMON"
        }
      ]
    },
    {
      "name": "eyes",
      "type": "OTHER",
      "metadata": {},
      "salience": 0.007775434,
      "mentions": [
        {
          "text": {
            "content": "eyes",
            "beginOffset": -1
          },
          "type": "COMMON"
        }
      ]
    },
    {
      "name": "tail",
      "type": "OTHER",
      "metadata": {},
      "salience": 0.007775434,
      "mentions": [
        {
          "text": {
            "content": "tail",
            "beginOffset": -1
          },
          "type": "COMMON"
        }
      ]
    },
    {
      "name": "kibbles",
      "type": "OTHER",
      "metadata": {},
      "salience": 0.0077542234,
      "mentions": [
        {
          "text": {
            "content": "kibbles",
            "beginOffset": -1
          },
          "type": "COMMON"
        }
      ]
    },
    {
      "name": "insects",
      "type": "OTHER",
      "metadata": {},
      "salience": 0.0071753436,
      "mentions": [
        {
          "text": {
            "content": "insects",
            "beginOffset": -1
          },
          "type": "COMMON"
        }
      ]
    },
    {
      "name": "house",
      "type": "LOCATION",
      "metadata": {},
      "salience": 0.0071753436,
      "mentions": [
        {
          "text": {
            "content": "house",
            "beginOffset": -1
          },
          "type": "COMMON"
        }
      ]
    },
    {
      "name": "toilet",
      "type": "OTHER",
      "metadata": {},
      "salience": 0.0071636187,
      "mentions": [
        {
          "text": {
            "content": "toilet",
            "beginOffset": -1
          },
          "type": "COMMON"
        }
      ]
    },
    {
      "name": "surgery",
      "type": "OTHER",
      "metadata": {},
      "salience": 0.006556968,
      "mentions": [
        {
          "text": {
            "content": "surgery",
            "beginOffset": -1
          },
          "type": "COMMON"
        }
      ]
    },
    {
      "name": "cats",
      "type": "OTHER",
      "metadata": {},
      "salience": 0.0053960686,
      "mentions": [
        {
          "text": {
            "content": "cats",
            "beginOffset": -1
          },
          "type": "COMMON"
        }
      ]
    },
    {
      "name": "neutering",
      "type": "OTHER",
      "metadata": {},
      "salience": 0.0053891,
      "mentions": [
        {
          "text": {
            "content": "neutering",
            "beginOffset": -1
          },
          "type": "COMMON"
        }
      ]
    },
    {
      "name": "spaying deposit",
      "type": "OTHER",
      "metadata": {},
      "salience": 0.0046513355,
      "mentions": [
        {
          "text": {
            "content": "spaying deposit",
            "beginOffset": -1
          },
          "type": "COMMON"
        }
      ]
    },
    {
      "name": "Anyone",
      "type": "PERSON",
      "metadata": {},
      "salience": 0.0037707738,
      "mentions": [
        {
          "text": {
            "content": "Anyone",
            "beginOffset": -1
          },
          "type": "COMMON"
        }
      ]
    },
    {
      "name": "RM",
      "type": "LOCATION",
      "metadata": {},
      "salience": 0.0036299347,
      "mentions": [
        {
          "text": {
            "content": "RM",
            "beginOffset": -1
          },
          "type": "PROPER"
        }
      ]
    },
    {
      "name": "Cat Charity Club",
      "type": "ORGANIZATION",
      "metadata": {},
      "salience": 0.0036057692,
      "mentions": [
        {
          "text": {
            "content": "Cat Charity Club",
            "beginOffset": -1
          },
          "type": "PROPER"
        },
        {
          "text": {
            "content": "CCC",
            "beginOffset": -1
          },
          "type": "PROPER"
        }
      ]
    },
    {
      "name": "training",
      "type": "OTHER",
      "metadata": {},
      "salience": 0.0023731953,
      "mentions": [
        {
          "text": {
            "content": "training",
            "beginOffset": -1
          },
          "type": "COMMON"
        }
      ]
    },
    {
      "name": "adoption fee",
      "type": "OTHER",
      "metadata": {},
      "salience": 0.002369761,
      "mentions": [
        {
          "text": {
            "content": "adoption fee",
            "beginOffset": -1
          },
          "type": "COMMON"
        }
      ]
    }
  ],
  "documentSentiment": {
    "magnitude": 4.7,
    "score": 0.3
  },
  "language": "en",
  "categories": []
}
