{
  "sentences": [
    {
      "text": {
        "content": "16 September update: Aura and Solar both adopted by Liz of Bandar Utama!",
        "beginOffset": -1
      },
      "sentiment": {
        "magnitude": 0.1,
        "score": 0.1
      }
    },
    {
      "text": {
        "content": "Thank you!",
        "beginOffset": -1
      },
      "sentiment": {
        "magnitude": 0.1,
        "score": 0.1
      }
    },
    {
      "text": {
        "content": ": ) Aura &amp; Solar were rescued as part of a 4-kitten litter from a backlane opposite my home on 20 August .",
        "beginOffset": -1
      },
      "sentiment": {
        "magnitude": 0.2,
        "score": -0.2
      }
    },
    {
      "text": {
        "content": "and after ensuring that they are in good health and well socialised after almost a month of fostering them, the 2 kittens are now ready to be rehomed.",
        "beginOffset": -1
      },
      "sentiment": {
        "magnitude": 0.7,
        "score": 0.7
      }
    },
    {
      "text": {
        "content": "It's difficult to tell them apart as their coat colour and pattern are exactly the same but looking at their eyes, you will be able to differentiate both the kittens.",
        "beginOffset": -1
      },
      "sentiment": {
        "magnitude": 0.2,
        "score": -0.2
      }
    },
    {
      "text": {
        "content": "- They have dewormed by a vet on 21 August (RM September (RM12) at a total cost of RM30.",
        "beginOffset": -1
      },
      "sentiment": {
        "magnitude": 0,
        "score": 0
      }
    },
    {
      "text": {
        "content": "- They have been treated with Frontline spray on 21 August to protect against fleas for a month.",
        "beginOffset": -1
      },
      "sentiment": {
        "magnitude": 0.2,
        "score": -0.2
      }
    },
    {
      "text": {
        "content": "- I'm feeding them with Vetri-DMG liquid supplement at 0.5mL twice a day.",
        "beginOffset": -1
      },
      "sentiment": {
        "magnitude": 0,
        "score": 0
      }
    },
    {
      "text": {
        "content": "- Their weights are 0.55kg &amp; 0.65kg as at 12 September .",
        "beginOffset": -1
      },
      "sentiment": {
        "magnitude": 0,
        "score": 0
      }
    },
    {
      "text": {
        "content": "- They're eating Earthborn premium dry kitten kibbles.",
        "beginOffset": -1
      },
      "sentiment": {
        "magnitude": 0.4,
        "score": -0.4
      }
    },
    {
      "text": {
        "content": "- They drink water from a bowl which is cleaned and refilled twice a day to condition the kittens to only take fresh water as outside contaminated water can damage their health and shorten their life.",
        "beginOffset": -1
      },
      "sentiment": {
        "magnitude": 0.1,
        "score": -0.1
      }
    },
    {
      "text": {
        "content": "- They're toilet-trained to use the litter box and I'm using Ever Clean premium litter.",
        "beginOffset": -1
      },
      "sentiment": {
        "magnitude": 0,
        "score": 0
      }
    },
    {
      "text": {
        "content": "- Their poop is solid which is a good indication of good bowel health as well as their overall health.",
        "beginOffset": -1
      },
      "sentiment": {
        "magnitude": 0.5,
        "score": 0.5
      }
    },
    {
      "text": {
        "content": "- Aura &amp; Solar have been vaccinated on 12 September at a cost of RM85.",
        "beginOffset": -1
      },
      "sentiment": {
        "magnitude": 0,
        "score": 0
      }
    },
    {
      "text": {
        "content": "- Aura &amp; Solar's behaviour is perfect as pets as they're completely domesticated, playful, curious and affectionate.",
        "beginOffset": -1
      },
      "sentiment": {
        "magnitude": 0.9,
        "score": 0.9
      }
    },
    {
      "text": {
        "content": "They would purr happily when held.",
        "beginOffset": -1
      },
      "sentiment": {
        "magnitude": 0.2,
        "score": -0.2
      }
    },
    {
      "text": {
        "content": "They are friendly to other cats and kittens (but of course, they must accept them too) as they're well-socialised.",
        "beginOffset": -1
      },
      "sentiment": {
        "magnitude": 0.7,
        "score": 0.7
      }
    },
    {
      "text": {
        "content": "The adopter must agree to the following conditions: 1) The kittens must be adopted together because they keep each other company (and out of trouble).",
        "beginOffset": -1
      },
      "sentiment": {
        "magnitude": 0.7,
        "score": 0.7
      }
    },
    {
      "text": {
        "content": "2) The adopter must be a Malaysian.",
        "beginOffset": -1
      },
      "sentiment": {
        "magnitude": 0.7,
        "score": 0.7
      }
    },
    {
      "text": {
        "content": "However, I will consider an expatriate adopter if you can provide assurances for Their future when you return to your home country.",
        "beginOffset": -1
      },
      "sentiment": {
        "magnitude": 0.7,
        "score": 0.7
      }
    },
    {
      "text": {
        "content": "3) They must be kept indoors at all times.",
        "beginOffset": -1
      },
      "sentiment": {
        "magnitude": 0,
        "score": 0
      }
    },
    {
      "text": {
        "content": "4) Vaccinate them yearly to protect against diseases.",
        "beginOffset": -1
      },
      "sentiment": {
        "magnitude": 0.6,
        "score": 0.6
      }
    },
    {
      "text": {
        "content": "5) Apply spot-on medication (Revolution recommended) monthly to protect against ticks/fleas/ear mites/intestinal worms/heartworms. 6) The RM adoption fee must be paid in full as it will only cover their vaccination &amp; deworming costs.",
        "beginOffset": -1
      },
      "sentiment": {
        "magnitude": 0.4,
        "score": -0.4
      }
    },
    {
      "text": {
        "content": "Your adoption fee will help the next needy furkid.",
        "beginOffset": -1
      },
      "sentiment": {
        "magnitude": 0.4,
        "score": 0.4
      }
    },
    {
      "text": {
        "content": "It would be appreciated if the adopter is on Facebook so that we can get pictorial updates on Aura &amp; Solar.",
        "beginOffset": -1
      },
      "sentiment": {
        "magnitude": 0.2,
        "score": 0.2
      }
    },
    {
      "text": {
        "content": "If possible, please adopt Aura &amp; Solar at Sunsuria Avenue (same building as Tune Hotel near Sunway Giza Mall), Kota Damansara on a weekend as I'm working on weekdays.",
        "beginOffset": -1
      },
      "sentiment": {
        "magnitude": 0.2,
        "score": 0.2
      }
    },
    {
      "text": {
        "content": "If you're interested to adopt Aura &amp; Solar, please sent a message (via petfinder.my) and please share about yourself (Malaysian/expatriate?",
        "beginOffset": -1
      },
      "sentiment": {
        "magnitude": 0.2,
        "score": -0.2
      }
    },
    {
      "text": {
        "content": "Working/student?), your place (eg If renting, landlord allows pets?",
        "beginOffset": -1
      },
      "sentiment": {
        "magnitude": 0,
        "score": 0
      }
    },
    {
      "text": {
        "content": "If living with family/friends, do they agree to pets?) and your cat ownership experience.",
        "beginOffset": -1
      },
      "sentiment": {
        "magnitude": 0.2,
        "score": 0.2
      }
    },
    {
      "text": {
        "content": "Please don't just provide a phone number because I won't call/sms and prefer to correspond by e-mail first.",
        "beginOffset": -1
      },
      "sentiment": {
        "magnitude": 0.5,
        "score": -0.5
      }
    },
    {
      "text": {
        "content": "Looking forward to hearing from you! :)",
        "beginOffset": -1
      },
      "sentiment": {
        "magnitude": 0.7,
        "score": 0.7
      }
    }
  ],
  "tokens": [],
  "entities": [
    {
      "name": "kittens",
      "type": "PERSON",
      "metadata": {},
      "salience": 0.20621884,
      "mentions": [
        {
          "text": {
            "content": "kittens",
            "beginOffset": -1
          },
          "type": "COMMON"
        }
      ]
    },
    {
      "name": "Aura & Solar",
      "type": "ORGANIZATION",
      "metadata": {},
      "salience": 0.13136908,
      "mentions": [
        {
          "text": {
            "content": "Aura",
            "beginOffset": -1
          },
          "type": "PROPER"
        },
        {
          "text": {
            "content": "Aura &amp; Solar",
            "beginOffset": -1
          },
          "type": "PROPER"
        }
      ]
    },
    {
      "name": "indication",
      "type": "OTHER",
      "metadata": {},
      "salience": 0.049286973,
      "mentions": [
        {
          "text": {
            "content": "poop",
            "beginOffset": -1
          },
          "type": "COMMON"
        },
        {
          "text": {
            "content": "indication",
            "beginOffset": -1
          },
          "type": "COMMON"
        }
      ]
    },
    {
      "name": "update",
      "type": "OTHER",
      "metadata": {},
      "salience": 0.03890022,
      "mentions": [
        {
          "text": {
            "content": "update",
            "beginOffset": -1
          },
          "type": "COMMON"
        }
      ]
    },
    {
      "name": "kittens",
      "type": "PERSON",
      "metadata": {},
      "salience": 0.03547526,
      "mentions": [
        {
          "text": {
            "content": "kittens",
            "beginOffset": -1
          },
          "type": "COMMON"
        },
        {
          "text": {
            "content": "kittens",
            "beginOffset": -1
          },
          "type": "COMMON"
        }
      ]
    },
    {
      "name": "both",
      "type": "OTHER",
      "metadata": {},
      "salience": 0.03421126,
      "mentions": [
        {
          "text": {
            "content": "both",
            "beginOffset": -1
          },
          "type": "COMMON"
        }
      ]
    },
    {
      "name": "Solar",
      "type": "OTHER",
      "metadata": {},
      "salience": 0.031529244,
      "mentions": [
        {
          "text": {
            "content": "Solar",
            "beginOffset": -1
          },
          "type": "PROPER"
        }
      ]
    },
    {
      "name": "coat colour",
      "type": "OTHER",
      "metadata": {},
      "salience": 0.02576418,
      "mentions": [
        {
          "text": {
            "content": "coat colour",
            "beginOffset": -1
          },
          "type": "COMMON"
        },
        {
          "text": {
            "content": "same",
            "beginOffset": -1
          },
          "type": "COMMON"
        }
      ]
    },
    {
      "name": "adopter",
      "type": "PERSON",
      "metadata": {},
      "salience": 0.023735015,
      "mentions": [
        {
          "text": {
            "content": "adopter",
            "beginOffset": -1
          },
          "type": "COMMON"
        },
        {
          "text": {
            "content": "adopter",
            "beginOffset": -1
          },
          "type": "COMMON"
        }
      ]
    },
    {
      "name": "Aura & Solar",
      "type": "OTHER",
      "metadata": {},
      "salience": 0.022006813,
      "mentions": [
        {
          "text": {
            "content": "Aura &amp; Solar",
            "beginOffset": -1
          },
          "type": "PROPER"
        },
        {
          "text": {
            "content": "Aura &amp; Solar",
            "beginOffset": -1
          },
          "type": "PROPER"
        },
        {
          "text": {
            "content": "Aura &amp; Solar",
            "beginOffset": -1
          },
          "type": "PROPER"
        },
        {
          "text": {
            "content": "Aura &amp; Solar",
            "beginOffset": -1
          },
          "type": "PROPER"
        },
        {
          "text": {
            "content": "Aura &amp; Solar",
            "beginOffset": -1
          },
          "type": "PROPER"
        }
      ]
    },
    {
      "name": "health",
      "type": "OTHER",
      "metadata": {},
      "salience": 0.021886658,
      "mentions": [
        {
          "text": {
            "content": "health",
            "beginOffset": -1
          },
          "type": "COMMON"
        }
      ]
    },
    {
      "name": "litter",
      "type": "OTHER",
      "metadata": {},
      "salience": 0.02045819,
      "mentions": [
        {
          "text": {
            "content": "litter",
            "beginOffset": -1
          },
          "type": "COMMON"
        }
      ]
    },
    {
      "name": "Liz",
      "type": "PERSON",
      "metadata": {},
      "salience": 0.02029354,
      "mentions": [
        {
          "text": {
            "content": "Liz",
            "beginOffset": -1
          },
          "type": "PROPER"
        }
      ]
    },
    {
      "name": "Bandar Utama",
      "type": "PERSON",
      "metadata": {},
      "salience": 0.02029354,
      "mentions": [
        {
          "text": {
            "content": "Bandar Utama",
            "beginOffset": -1
          },
          "type": "PROPER"
        }
      ]
    },
    {
      "name": "home",
      "type": "LOCATION",
      "metadata": {},
      "salience": 0.018667504,
      "mentions": [
        {
          "text": {
            "content": "home",
            "beginOffset": -1
          },
          "type": "COMMON"
        }
      ]
    },
    {
      "name": "part",
      "type": "OTHER",
      "metadata": {},
      "salience": 0.01640529,
      "mentions": [
        {
          "text": {
            "content": "part",
            "beginOffset": -1
          },
          "type": "COMMON"
        }
      ]
    },
    {
      "name": "backlane",
      "type": "OTHER",
      "metadata": {},
      "salience": 0.01640529,
      "mentions": [
        {
          "text": {
            "content": "backlane",
            "beginOffset": -1
          },
          "type": "COMMON"
        }
      ]
    },
    {
      "name": "bowl",
      "type": "CONSUMER_GOOD",
      "metadata": {},
      "salience": 0.010533746,
      "mentions": [
        {
          "text": {
            "content": "bowl",
            "beginOffset": -1
          },
          "type": "COMMON"
        }
      ]
    },
    {
      "name": "kittens",
      "type": "PERSON",
      "metadata": {},
      "salience": 0.009623434,
      "mentions": [
        {
          "text": {
            "content": "kittens",
            "beginOffset": -1
          },
          "type": "COMMON"
        }
      ]
    },
    {
      "name": "cost",
      "type": "OTHER",
      "metadata": {},
      "salience": 0.007694743,
      "mentions": [
        {
          "text": {
            "content": "cost",
            "beginOffset": -1
          },
          "type": "COMMON"
        }
      ]
    },
    {
      "name": "assurances",
      "type": "OTHER",
      "metadata": {},
      "salience": 0.007413082,
      "mentions": [
        {
          "text": {
            "content": "assurances",
            "beginOffset": -1
          },
          "type": "COMMON"
        }
      ]
    },
    {
      "name": "fleas",
      "type": "OTHER",
      "metadata": {},
      "salience": 0.00700559,
      "mentions": [
        {
          "text": {
            "content": "fleas",
            "beginOffset": -1
          },
          "type": "COMMON"
        }
      ]
    },
    {
      "name": "kittens",
      "type": "PERSON",
      "metadata": {},
      "salience": 0.0064318604,
      "mentions": [
        {
          "text": {
            "content": "kittens",
            "beginOffset": -1
          },
          "type": "COMMON"
        }
      ]
    },
    {
      "name": "Sunsuria Avenue",
      "type": "LOCATION",
      "metadata": {},
      "salience": 0.0064223506,
      "mentions": [
        {
          "text": {
            "content": "Sunsuria Avenue",
            "beginOffset": -1
          },
          "type": "PROPER"
        },
        {
          "text": {
            "content": "building",
            "beginOffset": -1
          },
          "type": "COMMON"
        }
      ]
    },
    {
      "name": "pattern",
      "type": "OTHER",
      "metadata": {},
      "salience": 0.006179525,
      "mentions": [
        {
          "text": {
            "content": "pattern",
            "beginOffset": -1
          },
          "type": "COMMON"
        }
      ]
    },
    {
      "name": "eyes",
      "type": "OTHER",
      "metadata": {},
      "salience": 0.006179525,
      "mentions": [
        {
          "text": {
            "content": "eyes",
            "beginOffset": -1
          },
          "type": "COMMON"
        }
      ]
    },
    {
      "name": "vet",
      "type": "PERSON",
      "metadata": {},
      "salience": 0.006165688,
      "mentions": [
        {
          "text": {
            "content": "vet",
            "beginOffset": -1
          },
          "type": "COMMON"
        }
      ]
    },
    {
      "name": "spray",
      "type": "CONSUMER_GOOD",
      "metadata": {},
      "salience": 0.006154013,
      "mentions": [
        {
          "text": {
            "content": "spray",
            "beginOffset": -1
          },
          "type": "COMMON"
        }
      ]
    },
    {
      "name": "liquid supplement",
      "type": "OTHER",
      "metadata": {},
      "salience": 0.0061439173,
      "mentions": [
        {
          "text": {
            "content": "liquid supplement",
            "beginOffset": -1
          },
          "type": "COMMON"
        }
      ]
    },
    {
      "name": "water",
      "type": "OTHER",
      "metadata": {},
      "salience": 0.005899852,
      "mentions": [
        {
          "text": {
            "content": "water",
            "beginOffset": -1
          },
          "type": "COMMON"
        }
      ]
    },
    {
      "name": "adopter",
      "type": "OTHER",
      "metadata": {},
      "salience": 0.005682826,
      "mentions": [
        {
          "text": {
            "content": "adopter",
            "beginOffset": -1
          },
          "type": "COMMON"
        }
      ]
    },
    {
      "name": "bowel health",
      "type": "OTHER",
      "metadata": {},
      "salience": 0.0055914964,
      "mentions": [
        {
          "text": {
            "content": "bowel health",
            "beginOffset": -1
          },
          "type": "COMMON"
        }
      ]
    },
    {
      "name": "health",
      "type": "OTHER",
      "metadata": {},
      "salience": 0.0055914964,
      "mentions": [
        {
          "text": {
            "content": "health",
            "beginOffset": -1
          },
          "type": "COMMON"
        }
      ]
    },
    {
      "name": "health",
      "type": "OTHER",
      "metadata": {},
      "salience": 0.0055345134,
      "mentions": [
        {
          "text": {
            "content": "health",
            "beginOffset": -1
          },
          "type": "COMMON"
        }
      ]
    },
    {
      "name": "message",
      "type": "OTHER",
      "metadata": {},
      "salience": 0.0054856236,
      "mentions": [
        {
          "text": {
            "content": "message",
            "beginOffset": -1
          },
          "type": "COMMON"
        }
      ]
    },
    {
      "name": "litter",
      "type": "CONSUMER_GOOD",
      "metadata": {},
      "salience": 0.0052760565,
      "mentions": [
        {
          "text": {
            "content": "litter",
            "beginOffset": -1
          },
          "type": "COMMON"
        }
      ]
    },
    {
      "name": "cost",
      "type": "OTHER",
      "metadata": {},
      "salience": 0.005201693,
      "mentions": [
        {
          "text": {
            "content": "cost",
            "beginOffset": -1
          },
          "type": "COMMON"
        }
      ]
    },
    {
      "name": "pets",
      "type": "OTHER",
      "metadata": {},
      "salience": 0.0051972815,
      "mentions": [
        {
          "text": {
            "content": "pets",
            "beginOffset": -1
          },
          "type": "COMMON"
        }
      ]
    },
    {
      "name": "water",
      "type": "OTHER",
      "metadata": {},
      "salience": 0.005153372,
      "mentions": [
        {
          "text": {
            "content": "water",
            "beginOffset": -1
          },
          "type": "COMMON"
        }
      ]
    },
    {
      "name": "water",
      "type": "OTHER",
      "metadata": {},
      "salience": 0.005153372,
      "mentions": [
        {
          "text": {
            "content": "water",
            "beginOffset": -1
          },
          "type": "COMMON"
        }
      ]
    },
    {
      "name": "adopter",
      "type": "OTHER",
      "metadata": {},
      "salience": 0.0051362254,
      "mentions": [
        {
          "text": {
            "content": "adopter",
            "beginOffset": -1
          },
          "type": "COMMON"
        }
      ]
    },
    {
      "name": "behaviour",
      "type": "OTHER",
      "metadata": {},
      "salience": 0.005007662,
      "mentions": [
        {
          "text": {
            "content": "behaviour",
            "beginOffset": -1
          },
          "type": "COMMON"
        }
      ]
    },
    {
      "name": "updates",
      "type": "OTHER",
      "metadata": {},
      "salience": 0.004165492,
      "mentions": [
        {
          "text": {
            "content": "updates",
            "beginOffset": -1
          },
          "type": "COMMON"
        }
      ]
    },
    {
      "name": "kitten kibbles",
      "type": "OTHER",
      "metadata": {},
      "salience": 0.0041335444,
      "mentions": [
        {
          "text": {
            "content": "kitten kibbles",
            "beginOffset": -1
          },
          "type": "COMMON"
        }
      ]
    },
    {
      "name": "life",
      "type": "OTHER",
      "metadata": {},
      "salience": 0.0041287,
      "mentions": [
        {
          "text": {
            "content": "life",
            "beginOffset": -1
          },
          "type": "COMMON"
        }
      ]
    },
    {
      "name": "litter box",
      "type": "OTHER",
      "metadata": {},
      "salience": 0.004124283,
      "mentions": [
        {
          "text": {
            "content": "litter box",
            "beginOffset": -1
          },
          "type": "COMMON"
        }
      ]
    },
    {
      "name": "Malaysian",
      "type": "LOCATION",
      "metadata": {
        "mid": "/m/09pmkv",
        "wikipedia_url": "https://en.wikipedia.org/wiki/Malaysia"
      },
      "salience": 0.0040858323,
      "mentions": [
        {
          "text": {
            "content": "Malaysian",
            "beginOffset": -1
          },
          "type": "PROPER"
        },
        {
          "text": {
            "content": "Malaysian",
            "beginOffset": -1
          },
          "type": "PROPER"
        }
      ]
    },
    {
      "name": "weights",
      "type": "OTHER",
      "metadata": {},
      "salience": 0.0040383064,
      "mentions": [
        {
          "text": {
            "content": "weights",
            "beginOffset": -1
          },
          "type": "COMMON"
        }
      ]
    },
    {
      "name": "landlord",
      "type": "PERSON",
      "metadata": {},
      "salience": 0.0039336104,
      "mentions": [
        {
          "text": {
            "content": "landlord",
            "beginOffset": -1
          },
          "type": "COMMON"
        }
      ]
    },
    {
      "name": "cats",
      "type": "OTHER",
      "metadata": {},
      "salience": 0.0038144088,
      "mentions": [
        {
          "text": {
            "content": "cats",
            "beginOffset": -1
          },
          "type": "COMMON"
        }
      ]
    },
    {
      "name": "course",
      "type": "OTHER",
      "metadata": {},
      "salience": 0.0038144088,
      "mentions": [
        {
          "text": {
            "content": "course",
            "beginOffset": -1
          },
          "type": "COMMON"
        }
      ]
    },
    {
      "name": "conditions",
      "type": "OTHER",
      "metadata": {},
      "salience": 0.003811727,
      "mentions": [
        {
          "text": {
            "content": "conditions",
            "beginOffset": -1
          },
          "type": "COMMON"
        }
      ]
    },
    {
      "name": "trouble",
      "type": "OTHER",
      "metadata": {},
      "salience": 0.003811727,
      "mentions": [
        {
          "text": {
            "content": "trouble",
            "beginOffset": -1
          },
          "type": "COMMON"
        }
      ]
    },
    {
      "name": "fleas",
      "type": "OTHER",
      "metadata": {},
      "salience": 0.0036505456,
      "mentions": [
        {
          "text": {
            "content": "fleas",
            "beginOffset": -1
          },
          "type": "COMMON"
        }
      ]
    },
    {
      "name": "DMG",
      "type": "ORGANIZATION",
      "metadata": {},
      "salience": 0.0036319757,
      "mentions": [
        {
          "text": {
            "content": "DMG",
            "beginOffset": -1
          },
          "type": "PROPER"
        }
      ]
    },
    {
      "name": "Vetri",
      "type": "PERSON",
      "metadata": {},
      "salience": 0.0036319757,
      "mentions": [
        {
          "text": {
            "content": "Vetri",
            "beginOffset": -1
          },
          "type": "PROPER"
        }
      ]
    },
    {
      "name": "company",
      "type": "ORGANIZATION",
      "metadata": {},
      "salience": 0.0034543846,
      "mentions": [
        {
          "text": {
            "content": "company",
            "beginOffset": -1
          },
          "type": "COMMON"
        }
      ]
    },
    {
      "name": "adoption fee",
      "type": "OTHER",
      "metadata": {},
      "salience": 0.0029252137,
      "mentions": [
        {
          "text": {
            "content": "adoption fee",
            "beginOffset": -1
          },
          "type": "COMMON"
        }
      ]
    },
    {
      "name": "furkid",
      "type": "OTHER",
      "metadata": {},
      "salience": 0.0028619582,
      "mentions": [
        {
          "text": {
            "content": "furkid",
            "beginOffset": -1
          },
          "type": "COMMON"
        }
      ]
    },
    {
      "name": "pets",
      "type": "OTHER",
      "metadata": {},
      "salience": 0.0024954933,
      "mentions": [
        {
          "text": {
            "content": "pets",
            "beginOffset": -1
          },
          "type": "COMMON"
        }
      ]
    },
    {
      "name": "pets",
      "type": "OTHER",
      "metadata": {},
      "salience": 0.0024944157,
      "mentions": [
        {
          "text": {
            "content": "pets",
            "beginOffset": -1
          },
          "type": "COMMON"
        }
      ]
    },
    {
      "name": "Earthborn",
      "type": "LOCATION",
      "metadata": {},
      "salience": 0.0024429446,
      "mentions": [
        {
          "text": {
            "content": "Earthborn",
            "beginOffset": -1
          },
          "type": "PROPER"
        }
      ]
    },
    {
      "name": "adoption fee",
      "type": "OTHER",
      "metadata": {},
      "salience": 0.0024250709,
      "mentions": [
        {
          "text": {
            "content": "adoption fee",
            "beginOffset": -1
          },
          "type": "COMMON"
        }
      ]
    },
    {
      "name": "expatriate",
      "type": "OTHER",
      "metadata": {},
      "salience": 0.0019998814,
      "mentions": [
        {
          "text": {
            "content": "expatriate",
            "beginOffset": -1
          },
          "type": "COMMON"
        }
      ]
    },
    {
      "name": "place",
      "type": "OTHER",
      "metadata": {},
      "salience": 0.0019989861,
      "mentions": [
        {
          "text": {
            "content": "place",
            "beginOffset": -1
          },
          "type": "COMMON"
        }
      ]
    },
    {
      "name": "student",
      "type": "PERSON",
      "metadata": {},
      "salience": 0.0019989861,
      "mentions": [
        {
          "text": {
            "content": "student",
            "beginOffset": -1
          },
          "type": "COMMON"
        }
      ]
    },
    {
      "name": "family",
      "type": "PERSON",
      "metadata": {},
      "salience": 0.0019981228,
      "mentions": [
        {
          "text": {
            "content": "family",
            "beginOffset": -1
          },
          "type": "COMMON"
        }
      ]
    },
    {
      "name": "friends",
      "type": "PERSON",
      "metadata": {},
      "salience": 0.0019981228,
      "mentions": [
        {
          "text": {
            "content": "friends",
            "beginOffset": -1
          },
          "type": "COMMON"
        }
      ]
    },
    {
      "name": "cat ownership experience",
      "type": "OTHER",
      "metadata": {},
      "salience": 0.0019981228,
      "mentions": [
        {
          "text": {
            "content": "cat ownership experience",
            "beginOffset": -1
          },
          "type": "COMMON"
        }
      ]
    },
    {
      "name": "e-mail",
      "type": "OTHER",
      "metadata": {},
      "salience": 0.001997289,
      "mentions": [
        {
          "text": {
            "content": "e-mail",
            "beginOffset": -1
          },
          "type": "COMMON"
        }
      ]
    },
    {
      "name": "sms",
      "type": "OTHER",
      "metadata": {},
      "salience": 0.001997289,
      "mentions": [
        {
          "text": {
            "content": "sms",
            "beginOffset": -1
          },
          "type": "COMMON"
        }
      ]
    },
    {
      "name": "Facebook",
      "type": "OTHER",
      "metadata": {
        "mid": "/m/02y1vz",
        "wikipedia_url": "https://en.wikipedia.org/wiki/Facebook"
      },
      "salience": 0.0016903186,
      "mentions": [
        {
          "text": {
            "content": "Facebook",
            "beginOffset": -1
          },
          "type": "PROPER"
        }
      ]
    },
    {
      "name": "Sunway Giza Mall",
      "type": "LOCATION",
      "metadata": {
        "mid": "/g/1th7_fxk"
      },
      "salience": 0.0016895026,
      "mentions": [
        {
          "text": {
            "content": "Sunway Giza Mall",
            "beginOffset": -1
          },
          "type": "PROPER"
        }
      ]
    },
    {
      "name": "Kota Damansara",
      "type": "LOCATION",
      "metadata": {
        "wikipedia_url": "https://en.wikipedia.org/wiki/Kota_Damansara",
        "mid": "/m/0cw79v"
      },
      "salience": 0.0016895026,
      "mentions": [
        {
          "text": {
            "content": "Kota Damansara",
            "beginOffset": -1
          },
          "type": "PROPER"
        }
      ]
    },
    {
      "name": "Tune Hotel",
      "type": "LOCATION",
      "metadata": {},
      "salience": 0.0016895026,
      "mentions": [
        {
          "text": {
            "content": "Tune Hotel",
            "beginOffset": -1
          },
          "type": "PROPER"
        }
      ]
    },
    {
      "name": "petfinder.my",
      "type": "OTHER",
      "metadata": {},
      "salience": 0.0016887177,
      "mentions": [
        {
          "text": {
            "content": "petfinder.my",
            "beginOffset": -1
          },
          "type": "PROPER"
        }
      ]
    },
    {
      "name": "phone number",
      "type": "OTHER",
      "metadata": {},
      "salience": 0.001523384,
      "mentions": [
        {
          "text": {
            "content": "phone number",
            "beginOffset": -1
          },
          "type": "COMMON"
        }
      ]
    },
    {
      "name": "home country",
      "type": "LOCATION",
      "metadata": {},
      "salience": 0.0012572397,
      "mentions": [
        {
          "text": {
            "content": "home country",
            "beginOffset": -1
          },
          "type": "COMMON"
        }
      ]
    },
    {
      "name": "diseases",
      "type": "OTHER",
      "metadata": {},
      "salience": 0.0012557651,
      "mentions": [
        {
          "text": {
            "content": "diseases",
            "beginOffset": -1
          },
          "type": "COMMON"
        }
      ]
    },
    {
      "name": "vaccination",
      "type": "OTHER",
      "metadata": {},
      "salience": 0.001255078,
      "mentions": [
        {
          "text": {
            "content": "vaccination",
            "beginOffset": -1
          },
          "type": "COMMON"
        }
      ]
    },
    {
      "name": "worms",
      "type": "OTHER",
      "metadata": {},
      "salience": 0.001255078,
      "mentions": [
        {
          "text": {
            "content": "worms",
            "beginOffset": -1
          },
          "type": "COMMON"
        }
      ]
    },
    {
      "name": "ear mites",
      "type": "OTHER",
      "metadata": {},
      "salience": 0.001255078,
      "mentions": [
        {
          "text": {
            "content": "ear mites",
            "beginOffset": -1
          },
          "type": "COMMON"
        }
      ]
    },
    {
      "name": "ticks",
      "type": "OTHER",
      "metadata": {},
      "salience": 0.001255078,
      "mentions": [
        {
          "text": {
            "content": "ticks",
            "beginOffset": -1
          },
          "type": "COMMON"
        }
      ]
    },
    {
      "name": "medication",
      "type": "OTHER",
      "metadata": {},
      "salience": 0.001255078,
      "mentions": [
        {
          "text": {
            "content": "medication",
            "beginOffset": -1
          },
          "type": "COMMON"
        }
      ]
    },
    {
      "name": "deworming costs",
      "type": "OTHER",
      "metadata": {},
      "salience": 0.0009693514,
      "mentions": [
        {
          "text": {
            "content": "deworming costs",
            "beginOffset": -1
          },
          "type": "COMMON"
        }
      ]
    },
    {
      "name": "RM",
      "type": "LOCATION",
      "metadata": {},
      "salience": 0.0008442918,
      "mentions": [
        {
          "text": {
            "content": "RM",
            "beginOffset": -1
          },
          "type": "PROPER"
        }
      ]
    },
    {
      "name": "Revolution",
      "type": "ORGANIZATION",
      "metadata": {},
      "salience": 0.0007983619,
      "mentions": [
        {
          "text": {
            "content": "Revolution",
            "beginOffset": -1
          },
          "type": "PROPER"
        }
      ]
    }
  ],
  "documentSentiment": {
    "magnitude": 11.4,
    "score": 0.1
  },
  "language": "en",
  "categories": []
}
