{
  "sentences": [
    {
      "text": {
        "content": "The mother brought her babies up to my balcony one day.",
        "beginOffset": -1
      },
      "sentiment": {
        "magnitude": 0.1,
        "score": 0.1
      }
    },
    {
      "text": {
        "content": "I think they are about one month old.",
        "beginOffset": -1
      },
      "sentiment": {
        "magnitude": 0,
        "score": 0
      }
    },
    {
      "text": {
        "content": "The cutest little creatures.",
        "beginOffset": -1
      },
      "sentiment": {
        "magnitude": 0.9,
        "score": 0.9
      }
    },
    {
      "text": {
        "content": "Help me give her a nice new home :)",
        "beginOffset": -1
      },
      "sentiment": {
        "magnitude": 0.8,
        "score": 0.8
      }
    }
  ],
  "tokens": [],
  "entities": [
    {
      "name": "mother",
      "type": "PERSON",
      "metadata": {},
      "salience": 0.47142687,
      "mentions": [
        {
          "text": {
            "content": "mother",
            "beginOffset": -1
          },
          "type": "COMMON"
        }
      ]
    },
    {
      "name": "babies",
      "type": "PERSON",
      "metadata": {},
      "salience": 0.3755802,
      "mentions": [
        {
          "text": {
            "content": "babies",
            "beginOffset": -1
          },
          "type": "COMMON"
        }
      ]
    },
    {
      "name": "balcony",
      "type": "LOCATION",
      "metadata": {},
      "salience": 0.12433078,
      "mentions": [
        {
          "text": {
            "content": "balcony",
            "beginOffset": -1
          },
          "type": "COMMON"
        }
      ]
    },
    {
      "name": "home",
      "type": "LOCATION",
      "metadata": {},
      "salience": 0.01570411,
      "mentions": [
        {
          "text": {
            "content": "home",
            "beginOffset": -1
          },
          "type": "COMMON"
        }
      ]
    },
    {
      "name": "creatures",
      "type": "OTHER",
      "metadata": {},
      "salience": 0.0129580265,
      "mentions": [
        {
          "text": {
            "content": "creatures",
            "beginOffset": -1
          },
          "type": "COMMON"
        }
      ]
    }
  ],
  "documentSentiment": {
    "magnitude": 2,
    "score": 0.4
  },
  "language": "en",
  "categories": []
}
