{
  "sentences": [
    {
      "text": {
        "content": "26/5/ - Ren is reserved for adoption already.",
        "beginOffset": -1
      },
      "sentiment": {
        "magnitude": 0,
        "score": 0
      }
    },
    {
      "text": {
        "content": "Thanks for the enquiries!",
        "beginOffset": -1
      },
      "sentiment": {
        "magnitude": 0.3,
        "score": 0.3
      }
    },
    {
      "text": {
        "content": "Ren is part of five siblings (kittens) that my cat, Mimi gave birth to.",
        "beginOffset": -1
      },
      "sentiment": {
        "magnitude": 0.4,
        "score": 0.4
      }
    },
    {
      "text": {
        "content": "She is very energetic and has even started eating soft kitten food.",
        "beginOffset": -1
      },
      "sentiment": {
        "magnitude": 0.8,
        "score": 0.8
      }
    }
  ],
  "tokens": [],
  "entities": [
    {
      "name": "/ - Ren",
      "type": "PERSON",
      "metadata": {},
      "salience": 0.23413719,
      "mentions": [
        {
          "text": {
            "content": "/ - Ren",
            "beginOffset": -1
          },
          "type": "PROPER"
        }
      ]
    },
    {
      "name": "Ren",
      "type": "PERSON",
      "metadata": {},
      "salience": 0.20447569,
      "mentions": [
        {
          "text": {
            "content": "Ren",
            "beginOffset": -1
          },
          "type": "PROPER"
        }
      ]
    },
    {
      "name": "siblings",
      "type": "PERSON",
      "metadata": {},
      "salience": 0.15031984,
      "mentions": [
        {
          "text": {
            "content": "siblings",
            "beginOffset": -1
          },
          "type": "COMMON"
        },
        {
          "text": {
            "content": "kittens",
            "beginOffset": -1
          },
          "type": "COMMON"
        }
      ]
    },
    {
      "name": "adoption",
      "type": "OTHER",
      "metadata": {},
      "salience": 0.13643204,
      "mentions": [
        {
          "text": {
            "content": "adoption",
            "beginOffset": -1
          },
          "type": "COMMON"
        }
      ]
    },
    {
      "name": "Thanks",
      "type": "OTHER",
      "metadata": {},
      "salience": 0.06706287,
      "mentions": [
        {
          "text": {
            "content": "Thanks",
            "beginOffset": -1
          },
          "type": "COMMON"
        }
      ]
    },
    {
      "name": "part",
      "type": "OTHER",
      "metadata": {},
      "salience": 0.058452256,
      "mentions": [
        {
          "text": {
            "content": "part",
            "beginOffset": -1
          },
          "type": "COMMON"
        }
      ]
    },
    {
      "name": "enquiries",
      "type": "OTHER",
      "metadata": {},
      "salience": 0.045563526,
      "mentions": [
        {
          "text": {
            "content": "enquiries",
            "beginOffset": -1
          },
          "type": "COMMON"
        }
      ]
    },
    {
      "name": "cat",
      "type": "OTHER",
      "metadata": {},
      "salience": 0.04215747,
      "mentions": [
        {
          "text": {
            "content": "cat",
            "beginOffset": -1
          },
          "type": "COMMON"
        }
      ]
    },
    {
      "name": "Mimi",
      "type": "PERSON",
      "metadata": {},
      "salience": 0.025053611,
      "mentions": [
        {
          "text": {
            "content": "Mimi",
            "beginOffset": -1
          },
          "type": "PROPER"
        }
      ]
    },
    {
      "name": "kitten food",
      "type": "OTHER",
      "metadata": {},
      "salience": 0.022294512,
      "mentions": [
        {
          "text": {
            "content": "kitten food",
            "beginOffset": -1
          },
          "type": "COMMON"
        }
      ]
    },
    {
      "name": "birth",
      "type": "OTHER",
      "metadata": {},
      "salience": 0.014050992,
      "mentions": [
        {
          "text": {
            "content": "birth",
            "beginOffset": -1
          },
          "type": "COMMON"
        }
      ]
    }
  ],
  "documentSentiment": {
    "magnitude": 1.7,
    "score": 0.4
  },
  "language": "en",
  "categories": []
}
