{
  "sentences": [
    {
      "text": {
        "content": "Found this pregnant cat eating rubbish at the market two months ago.",
        "beginOffset": -1
      },
      "sentiment": {
        "magnitude": 0.7,
        "score": -0.7
      }
    },
    {
      "text": {
        "content": "Now she gave birth to 5 kittens(3 black, 1 black tabby and 1black tabby with white legs).",
        "beginOffset": -1
      },
      "sentiment": {
        "magnitude": 0,
        "score": 0
      }
    },
    {
      "text": {
        "content": "Hope somebody can adopt them in group or at least in pair.",
        "beginOffset": -1
      },
      "sentiment": {
        "magnitude": 0,
        "score": 0
      }
    },
    {
      "text": {
        "content": "The kittens are able to eat dry and wet food.",
        "beginOffset": -1
      },
      "sentiment": {
        "magnitude": 0.3,
        "score": 0.3
      }
    },
    {
      "text": {
        "content": "Please help to adopt these cats as soon as possible because i just received a warning letter from mppj to get rid of the cats due to neighbor complaints.",
        "beginOffset": -1
      },
      "sentiment": {
        "magnitude": 0.2,
        "score": -0.2
      }
    }
  ],
  "tokens": [],
  "entities": [
    {
      "name": "cat",
      "type": "OTHER",
      "metadata": {},
      "salience": 0.20138407,
      "mentions": [
        {
          "text": {
            "content": "cat",
            "beginOffset": -1
          },
          "type": "COMMON"
        }
      ]
    },
    {
      "name": "market",
      "type": "OTHER",
      "metadata": {},
      "salience": 0.20138407,
      "mentions": [
        {
          "text": {
            "content": "market",
            "beginOffset": -1
          },
          "type": "COMMON"
        }
      ]
    },
    {
      "name": "rubbish",
      "type": "OTHER",
      "metadata": {},
      "salience": 0.20138407,
      "mentions": [
        {
          "text": {
            "content": "rubbish",
            "beginOffset": -1
          },
          "type": "COMMON"
        }
      ]
    },
    {
      "name": "kittens",
      "type": "PERSON",
      "metadata": {},
      "salience": 0.044210292,
      "mentions": [
        {
          "text": {
            "content": "kittens",
            "beginOffset": -1
          },
          "type": "COMMON"
        }
      ]
    },
    {
      "name": "birth",
      "type": "OTHER",
      "metadata": {},
      "salience": 0.038905527,
      "mentions": [
        {
          "text": {
            "content": "birth",
            "beginOffset": -1
          },
          "type": "COMMON"
        }
      ]
    },
    {
      "name": "black",
      "type": "OTHER",
      "metadata": {},
      "salience": 0.038905527,
      "mentions": [
        {
          "text": {
            "content": "black",
            "beginOffset": -1
          },
          "type": "COMMON"
        }
      ]
    },
    {
      "name": "tabby",
      "type": "OTHER",
      "metadata": {},
      "salience": 0.029971214,
      "mentions": [
        {
          "text": {
            "content": "tabby",
            "beginOffset": -1
          },
          "type": "COMMON"
        }
      ]
    },
    {
      "name": "tabby",
      "type": "OTHER",
      "metadata": {},
      "salience": 0.029971214,
      "mentions": [
        {
          "text": {
            "content": "tabby",
            "beginOffset": -1
          },
          "type": "COMMON"
        }
      ]
    },
    {
      "name": "kittens",
      "type": "PERSON",
      "metadata": {},
      "salience": 0.026958684,
      "mentions": [
        {
          "text": {
            "content": "kittens",
            "beginOffset": -1
          },
          "type": "COMMON"
        }
      ]
    },
    {
      "name": "somebody",
      "type": "PERSON",
      "metadata": {},
      "salience": 0.02654947,
      "mentions": [
        {
          "text": {
            "content": "somebody",
            "beginOffset": -1
          },
          "type": "COMMON"
        }
      ]
    },
    {
      "name": "group",
      "type": "OTHER",
      "metadata": {},
      "salience": 0.02654947,
      "mentions": [
        {
          "text": {
            "content": "group",
            "beginOffset": -1
          },
          "type": "COMMON"
        }
      ]
    },
    {
      "name": "legs",
      "type": "OTHER",
      "metadata": {},
      "salience": 0.026357675,
      "mentions": [
        {
          "text": {
            "content": "legs",
            "beginOffset": -1
          },
          "type": "COMMON"
        }
      ]
    },
    {
      "name": "pair",
      "type": "OTHER",
      "metadata": {},
      "salience": 0.024376329,
      "mentions": [
        {
          "text": {
            "content": "pair",
            "beginOffset": -1
          },
          "type": "COMMON"
        }
      ]
    },
    {
      "name": "warning letter",
      "type": "WORK_OF_ART",
      "metadata": {},
      "salience": 0.020169117,
      "mentions": [
        {
          "text": {
            "content": "warning letter",
            "beginOffset": -1
          },
          "type": "COMMON"
        }
      ]
    },
    {
      "name": "mppj",
      "type": "OTHER",
      "metadata": {},
      "salience": 0.018289434,
      "mentions": [
        {
          "text": {
            "content": "mppj",
            "beginOffset": -1
          },
          "type": "COMMON"
        }
      ]
    },
    {
      "name": "cats",
      "type": "OTHER",
      "metadata": {},
      "salience": 0.014590407,
      "mentions": [
        {
          "text": {
            "content": "cats",
            "beginOffset": -1
          },
          "type": "COMMON"
        }
      ]
    },
    {
      "name": "neighbor complaints",
      "type": "OTHER",
      "metadata": {},
      "salience": 0.012822195,
      "mentions": [
        {
          "text": {
            "content": "neighbor complaints",
            "beginOffset": -1
          },
          "type": "COMMON"
        }
      ]
    },
    {
      "name": "cats",
      "type": "OTHER",
      "metadata": {},
      "salience": 0.009155368,
      "mentions": [
        {
          "text": {
            "content": "cats",
            "beginOffset": -1
          },
          "type": "COMMON"
        }
      ]
    },
    {
      "name": "food",
      "type": "OTHER",
      "metadata": {},
      "salience": 0.008065888,
      "mentions": [
        {
          "text": {
            "content": "food",
            "beginOffset": -1
          },
          "type": "COMMON"
        }
      ]
    }
  ],
  "documentSentiment": {
    "magnitude": 1.4,
    "score": -0.1
  },
  "language": "en",
  "categories": []
}
