{
  "sentences": [
    {
      "text": {
        "content": "Coco is a 6-year-old female ragdoll from Australia.",
        "beginOffset": -1
      },
      "sentiment": {
        "magnitude": 0,
        "score": 0
      }
    },
    {
      "text": {
        "content": "Her companion Momo is a 10 year-old Persian Ragdoll.",
        "beginOffset": -1
      },
      "sentiment": {
        "magnitude": 0.3,
        "score": 0.3
      }
    },
    {
      "text": {
        "content": "They are much loved but their owner have to give them up due to unforeseen circumstances.",
        "beginOffset": -1
      },
      "sentiment": {
        "magnitude": 0.4,
        "score": 0.4
      }
    },
    {
      "text": {
        "content": "They must be adopted together.",
        "beginOffset": -1
      },
      "sentiment": {
        "magnitude": 0,
        "score": 0
      }
    },
    {
      "text": {
        "content": "Coco is sweet but Momo can be a bit wary of people Looking for a home where they will be much loved and able to roam freely inside the house.",
        "beginOffset": -1
      },
      "sentiment": {
        "magnitude": 0.3,
        "score": 0.3
      }
    },
    {
      "text": {
        "content": "Please call if interested.",
        "beginOffset": -1
      },
      "sentiment": {
        "magnitude": 0.2,
        "score": -0.2
      }
    },
    {
      "text": {
        "content": "To be adopted by nancy in Shah Alam",
        "beginOffset": -1
      },
      "sentiment": {
        "magnitude": 0.1,
        "score": -0.1
      }
    }
  ],
  "tokens": [],
  "entities": [
    {
      "name": "Coco",
      "type": "PERSON",
      "metadata": {
        "mid": "/g/11c3p50xq_",
        "wikipedia_url": "https://en.wikipedia.org/wiki/Coco_(2017_film)"
      },
      "salience": 0.52901965,
      "mentions": [
        {
          "text": {
            "content": "Coco",
            "beginOffset": -1
          },
          "type": "PROPER"
        },
        {
          "text": {
            "content": "Coco",
            "beginOffset": -1
          },
          "type": "PROPER"
        }
      ]
    },
    {
      "name": "ragdoll",
      "type": "OTHER",
      "metadata": {},
      "salience": 0.17021066,
      "mentions": [
        {
          "text": {
            "content": "ragdoll",
            "beginOffset": -1
          },
          "type": "COMMON"
        }
      ]
    },
    {
      "name": "Momo",
      "type": "PERSON",
      "metadata": {},
      "salience": 0.10140503,
      "mentions": [
        {
          "text": {
            "content": "companion",
            "beginOffset": -1
          },
          "type": "COMMON"
        },
        {
          "text": {
            "content": "Momo",
            "beginOffset": -1
          },
          "type": "PROPER"
        },
        {
          "text": {
            "content": "Momo",
            "beginOffset": -1
          },
          "type": "PROPER"
        }
      ]
    },
    {
      "name": "Australia",
      "type": "LOCATION",
      "metadata": {
        "mid": "/m/0chghy",
        "wikipedia_url": "https://en.wikipedia.org/wiki/Australia"
      },
      "salience": 0.07331817,
      "mentions": [
        {
          "text": {
            "content": "Australia",
            "beginOffset": -1
          },
          "type": "PROPER"
        }
      ]
    },
    {
      "name": "Ragdoll",
      "type": "OTHER",
      "metadata": {
        "mid": "/m/02w7c7",
        "wikipedia_url": "https://en.wikipedia.org/wiki/Ragdoll"
      },
      "salience": 0.01997273,
      "mentions": [
        {
          "text": {
            "content": "Ragdoll",
            "beginOffset": -1
          },
          "type": "PROPER"
        }
      ]
    },
    {
      "name": "circumstances",
      "type": "OTHER",
      "metadata": {},
      "salience": 0.015802527,
      "mentions": [
        {
          "text": {
            "content": "circumstances",
            "beginOffset": -1
          },
          "type": "COMMON"
        }
      ]
    },
    {
      "name": "owner",
      "type": "PERSON",
      "metadata": {},
      "salience": 0.015049396,
      "mentions": [
        {
          "text": {
            "content": "owner",
            "beginOffset": -1
          },
          "type": "COMMON"
        }
      ]
    },
    {
      "name": "people",
      "type": "PERSON",
      "metadata": {},
      "salience": 0.014990852,
      "mentions": [
        {
          "text": {
            "content": "people",
            "beginOffset": -1
          },
          "type": "COMMON"
        }
      ]
    },
    {
      "name": "bit",
      "type": "OTHER",
      "metadata": {},
      "salience": 0.0144177545,
      "mentions": [
        {
          "text": {
            "content": "bit",
            "beginOffset": -1
          },
          "type": "COMMON"
        }
      ]
    },
    {
      "name": "Persian",
      "type": "PERSON",
      "metadata": {},
      "salience": 0.013760238,
      "mentions": [
        {
          "text": {
            "content": "Persian",
            "beginOffset": -1
          },
          "type": "PROPER"
        }
      ]
    },
    {
      "name": "home",
      "type": "LOCATION",
      "metadata": {},
      "salience": 0.012178537,
      "mentions": [
        {
          "text": {
            "content": "home",
            "beginOffset": -1
          },
          "type": "COMMON"
        }
      ]
    },
    {
      "name": "house",
      "type": "LOCATION",
      "metadata": {},
      "salience": 0.010883063,
      "mentions": [
        {
          "text": {
            "content": "house",
            "beginOffset": -1
          },
          "type": "COMMON"
        }
      ]
    },
    {
      "name": "nancy",
      "type": "PERSON",
      "metadata": {},
      "salience": 0.004495696,
      "mentions": [
        {
          "text": {
            "content": "nancy",
            "beginOffset": -1
          },
          "type": "PROPER"
        }
      ]
    },
    {
      "name": "Shah Alam",
      "type": "LOCATION",
      "metadata": {
        "mid": "/m/0syrf",
        "wikipedia_url": "https://en.wikipedia.org/wiki/Shah_Alam"
      },
      "salience": 0.004495696,
      "mentions": [
        {
          "text": {
            "content": "Shah Alam",
            "beginOffset": -1
          },
          "type": "PROPER"
        }
      ]
    }
  ],
  "documentSentiment": {
    "magnitude": 1.5,
    "score": 0.1
  },
  "language": "en",
  "categories": []
}
