{
  "sentences": [
    {
      "text": {
        "content": "I found this active playful kitten outside my hose and have been unable to find it's mother or original owner so I'm temporarily taking it in.",
        "beginOffset": -1
      },
      "sentiment": {
        "magnitude": 0.3,
        "score": -0.3
      }
    },
    {
      "text": {
        "content": "I would dearly love to keep it but the problem is that I will be leaving soon on the 20th of September which is only 12 days away to study overseas so I really really need to find it a home or at least a foster family to avoid having to put it back on the streets or sending it to the SPCA where it may be put down ...",
        "beginOffset": -1
      },
      "sentiment": {
        "magnitude": 0.4,
        "score": 0.4
      }
    },
    {
      "text": {
        "content": "PLEASE HELP I will even throw in free cat food and accessories for anyone willing to take this kitten in :)",
        "beginOffset": -1
      },
      "sentiment": {
        "magnitude": 0.5,
        "score": 0.5
      }
    }
  ],
  "tokens": [],
  "entities": [
    {
      "name": "kitten",
      "type": "PERSON",
      "metadata": {},
      "salience": 0.58080786,
      "mentions": [
        {
          "text": {
            "content": "kitten",
            "beginOffset": -1
          },
          "type": "COMMON"
        },
        {
          "text": {
            "content": "kitten",
            "beginOffset": -1
          },
          "type": "COMMON"
        }
      ]
    },
    {
      "name": "hose",
      "type": "CONSUMER_GOOD",
      "metadata": {},
      "salience": 0.13779461,
      "mentions": [
        {
          "text": {
            "content": "hose",
            "beginOffset": -1
          },
          "type": "COMMON"
        }
      ]
    },
    {
      "name": "mother",
      "type": "PERSON",
      "metadata": {},
      "salience": 0.08304055,
      "mentions": [
        {
          "text": {
            "content": "mother",
            "beginOffset": -1
          },
          "type": "COMMON"
        }
      ]
    },
    {
      "name": "owner",
      "type": "PERSON",
      "metadata": {},
      "salience": 0.053947497,
      "mentions": [
        {
          "text": {
            "content": "owner",
            "beginOffset": -1
          },
          "type": "COMMON"
        }
      ]
    },
    {
      "name": "SPCA",
      "type": "ORGANIZATION",
      "metadata": {
        "mid": "/m/0117qddf",
        "wikipedia_url": "https://en.wikipedia.org/wiki/Society_for_the_Prevention_of_Cruelty_to_Animals"
      },
      "salience": 0.03742573,
      "mentions": [
        {
          "text": {
            "content": "SPCA",
            "beginOffset": -1
          },
          "type": "PROPER"
        }
      ]
    },
    {
      "name": "home",
      "type": "LOCATION",
      "metadata": {},
      "salience": 0.025528146,
      "mentions": [
        {
          "text": {
            "content": "home",
            "beginOffset": -1
          },
          "type": "COMMON"
        }
      ]
    },
    {
      "name": "problem",
      "type": "OTHER",
      "metadata": {},
      "salience": 0.021258527,
      "mentions": [
        {
          "text": {
            "content": "problem",
            "beginOffset": -1
          },
          "type": "COMMON"
        }
      ]
    },
    {
      "name": "family",
      "type": "PERSON",
      "metadata": {},
      "salience": 0.016445383,
      "mentions": [
        {
          "text": {
            "content": "family",
            "beginOffset": -1
          },
          "type": "COMMON"
        }
      ]
    },
    {
      "name": "HELP",
      "type": "OTHER",
      "metadata": {},
      "salience": 0.012346909,
      "mentions": [
        {
          "text": {
            "content": "HELP",
            "beginOffset": -1
          },
          "type": "COMMON"
        }
      ]
    },
    {
      "name": "cat food",
      "type": "CONSUMER_GOOD",
      "metadata": {},
      "salience": 0.008651096,
      "mentions": [
        {
          "text": {
            "content": "cat food",
            "beginOffset": -1
          },
          "type": "COMMON"
        }
      ]
    },
    {
      "name": "accessories",
      "type": "CONSUMER_GOOD",
      "metadata": {},
      "salience": 0.008651096,
      "mentions": [
        {
          "text": {
            "content": "accessories",
            "beginOffset": -1
          },
          "type": "COMMON"
        }
      ]
    },
    {
      "name": "anyone",
      "type": "PERSON",
      "metadata": {},
      "salience": 0.008651096,
      "mentions": [
        {
          "text": {
            "content": "anyone",
            "beginOffset": -1
          },
          "type": "COMMON"
        }
      ]
    },
    {
      "name": "streets",
      "type": "LOCATION",
      "metadata": {},
      "salience": 0.005451519,
      "mentions": [
        {
          "text": {
            "content": "streets",
            "beginOffset": -1
          },
          "type": "COMMON"
        }
      ]
    }
  ],
  "documentSentiment": {
    "magnitude": 1.3,
    "score": 0.2
  },
  "language": "en",
  "categories": []
}
