{
  "sentences": [
    {
      "text": {
        "content": "Pony was injured when she was a pup.she was resting under a lorry and when the lorry moved it ran over her legs and now she walks with a limp.Pony is one of the more loving dogs in the construction site where she lives with her mother.She is such a joy to watch as she prances about waiting to be fed.",
        "beginOffset": -1
      },
      "sentiment": {
        "magnitude": 0.7,
        "score": 0.7
      }
    }
  ],
  "tokens": [],
  "entities": [
    {
      "name": "pup.",
      "type": "OTHER",
      "metadata": {},
      "salience": 0.45460242,
      "mentions": [
        {
          "text": {
            "content": "pup.",
            "beginOffset": -1
          },
          "type": "COMMON"
        },
        {
          "text": {
            "content": "one",
            "beginOffset": -1
          },
          "type": "COMMON"
        }
      ]
    },
    {
      "name": "joy",
      "type": "OTHER",
      "metadata": {},
      "salience": 0.41325712,
      "mentions": [
        {
          "text": {
            "content": "joy",
            "beginOffset": -1
          },
          "type": "COMMON"
        }
      ]
    },
    {
      "name": "Pony",
      "type": "ORGANIZATION",
      "metadata": {},
      "salience": 0.038135335,
      "mentions": [
        {
          "text": {
            "content": "Pony",
            "beginOffset": -1
          },
          "type": "PROPER"
        }
      ]
    },
    {
      "name": "lorry",
      "type": "OTHER",
      "metadata": {},
      "salience": 0.022421777,
      "mentions": [
        {
          "text": {
            "content": "lorry",
            "beginOffset": -1
          },
          "type": "COMMON"
        }
      ]
    },
    {
      "name": "limp.Pony",
      "type": "OTHER",
      "metadata": {},
      "salience": 0.015481322,
      "mentions": [
        {
          "text": {
            "content": "limp.Pony",
            "beginOffset": -1
          },
          "type": "COMMON"
        }
      ]
    },
    {
      "name": "lorry",
      "type": "CONSUMER_GOOD",
      "metadata": {},
      "salience": 0.015296434,
      "mentions": [
        {
          "text": {
            "content": "lorry",
            "beginOffset": -1
          },
          "type": "COMMON"
        }
      ]
    },
    {
      "name": "legs",
      "type": "OTHER",
      "metadata": {},
      "salience": 0.013473825,
      "mentions": [
        {
          "text": {
            "content": "legs",
            "beginOffset": -1
          },
          "type": "COMMON"
        }
      ]
    },
    {
      "name": "dogs",
      "type": "OTHER",
      "metadata": {},
      "salience": 0.01253317,
      "mentions": [
        {
          "text": {
            "content": "dogs",
            "beginOffset": -1
          },
          "type": "COMMON"
        }
      ]
    },
    {
      "name": "construction site",
      "type": "LOCATION",
      "metadata": {},
      "salience": 0.010606109,
      "mentions": [
        {
          "text": {
            "content": "construction site",
            "beginOffset": -1
          },
          "type": "COMMON"
        }
      ]
    },
    {
      "name": "mother.",
      "type": "PERSON",
      "metadata": {},
      "salience": 0.0041924655,
      "mentions": [
        {
          "text": {
            "content": "mother.",
            "beginOffset": -1
          },
          "type": "COMMON"
        }
      ]
    }
  ],
  "documentSentiment": {
    "magnitude": 0.7,
    "score": 0.7
  },
  "language": "en",
  "categories": []
}
