{
  "sentences": [
    {
      "text": {
        "content": "Pure breed Rottweiler rescued fr breeder.",
        "beginOffset": -1
      },
      "sentiment": {
        "magnitude": 0.2,
        "score": 0.2
      }
    },
    {
      "text": {
        "content": "Already spayed, vaccinated and deworm.",
        "beginOffset": -1
      },
      "sentiment": {
        "magnitude": 0,
        "score": 0
      }
    },
    {
      "text": {
        "content": "Ready to go to a home.",
        "beginOffset": -1
      },
      "sentiment": {
        "magnitude": 0.1,
        "score": 0.1
      }
    },
    {
      "text": {
        "content": "Friendly but will bark when see strangers.",
        "beginOffset": -1
      },
      "sentiment": {
        "magnitude": 0.6,
        "score": 0.6
      }
    },
    {
      "text": {
        "content": "Adopter must hv a big compound for her to run as she is a big dog.",
        "beginOffset": -1
      },
      "sentiment": {
        "magnitude": 0.3,
        "score": 0.3
      }
    },
    {
      "text": {
        "content": "Reimbursement of spaying fee and some medical expenses is required upon adoption.",
        "beginOffset": -1
      },
      "sentiment": {
        "magnitude": 0,
        "score": 0
      }
    },
    {
      "text": {
        "content": "If you are interested to adopt pls contact Amy Ang @",
        "beginOffset": -1
      },
      "sentiment": {
        "magnitude": 0.3,
        "score": 0.3
      }
    }
  ],
  "tokens": [],
  "entities": [
    {
      "name": "breeder",
      "type": "PERSON",
      "metadata": {},
      "salience": 0.34329012,
      "mentions": [
        {
          "text": {
            "content": "breeder",
            "beginOffset": -1
          },
          "type": "COMMON"
        }
      ]
    },
    {
      "name": "Adopter",
      "type": "PERSON",
      "metadata": {},
      "salience": 0.22235793,
      "mentions": [
        {
          "text": {
            "content": "Adopter",
            "beginOffset": -1
          },
          "type": "COMMON"
        }
      ]
    },
    {
      "name": "Rottweiler",
      "type": "PERSON",
      "metadata": {
        "mid": "/m/01nw62",
        "wikipedia_url": "https://en.wikipedia.org/wiki/Rottweiler"
      },
      "salience": 0.18929549,
      "mentions": [
        {
          "text": {
            "content": "Rottweiler",
            "beginOffset": -1
          },
          "type": "PROPER"
        }
      ]
    },
    {
      "name": "strangers",
      "type": "PERSON",
      "metadata": {},
      "salience": 0.044115607,
      "mentions": [
        {
          "text": {
            "content": "strangers",
            "beginOffset": -1
          },
          "type": "COMMON"
        }
      ]
    },
    {
      "name": "compound",
      "type": "OTHER",
      "metadata": {},
      "salience": 0.041407418,
      "mentions": [
        {
          "text": {
            "content": "compound",
            "beginOffset": -1
          },
          "type": "COMMON"
        }
      ]
    },
    {
      "name": "home",
      "type": "LOCATION",
      "metadata": {},
      "salience": 0.04116233,
      "mentions": [
        {
          "text": {
            "content": "home",
            "beginOffset": -1
          },
          "type": "COMMON"
        }
      ]
    },
    {
      "name": "adoption",
      "type": "EVENT",
      "metadata": {},
      "salience": 0.03261342,
      "mentions": [
        {
          "text": {
            "content": "adoption",
            "beginOffset": -1
          },
          "type": "COMMON"
        }
      ]
    },
    {
      "name": "expenses",
      "type": "OTHER",
      "metadata": {},
      "salience": 0.02868257,
      "mentions": [
        {
          "text": {
            "content": "expenses",
            "beginOffset": -1
          },
          "type": "COMMON"
        }
      ]
    },
    {
      "name": "Reimbursement",
      "type": "OTHER",
      "metadata": {},
      "salience": 0.016348135,
      "mentions": [
        {
          "text": {
            "content": "Reimbursement",
            "beginOffset": -1
          },
          "type": "COMMON"
        }
      ]
    },
    {
      "name": "dog",
      "type": "OTHER",
      "metadata": {},
      "salience": 0.016185248,
      "mentions": [
        {
          "text": {
            "content": "dog",
            "beginOffset": -1
          },
          "type": "COMMON"
        }
      ]
    },
    {
      "name": "spaying fee",
      "type": "OTHER",
      "metadata": {},
      "salience": 0.012638783,
      "mentions": [
        {
          "text": {
            "content": "spaying fee",
            "beginOffset": -1
          },
          "type": "COMMON"
        }
      ]
    },
    {
      "name": "Amy Ang @",
      "type": "PERSON",
      "metadata": {},
      "salience": 0.011902968,
      "mentions": [
        {
          "text": {
            "content": "Amy Ang @",
            "beginOffset": -1
          },
          "type": "PROPER"
        }
      ]
    }
  ],
  "documentSentiment": {
    "magnitude": 1.8,
    "score": 0.2
  },
  "language": "en",
  "categories": []
}
