{
  "sentences": [
    {
      "text": {
        "content": "Name of Pet: NT-Female Puppy-05 Age: 1 month Breed: Mixed/Mongrel Gender: Female Location: Butterworth, Penang Contact: Fen Ying () Email: mddb.",
        "beginOffset": -1
      },
      "sentiment": {
        "magnitude": 0,
        "score": 0
      }
    }
  ],
  "tokens": [],
  "entities": [
    {
      "name": "Name",
      "type": "OTHER",
      "metadata": {},
      "salience": 0.34397954,
      "mentions": [
        {
          "text": {
            "content": "Name",
            "beginOffset": -1
          },
          "type": "COMMON"
        }
      ]
    },
    {
      "name": "Pet",
      "type": "OTHER",
      "metadata": {},
      "salience": 0.34397954,
      "mentions": [
        {
          "text": {
            "content": "Pet",
            "beginOffset": -1
          },
          "type": "COMMON"
        }
      ]
    },
    {
      "name": "Puppy",
      "type": "OTHER",
      "metadata": {},
      "salience": 0.14951278,
      "mentions": [
        {
          "text": {
            "content": "Puppy",
            "beginOffset": -1
          },
          "type": "COMMON"
        }
      ]
    },
    {
      "name": "Mongrel Gender: Female Location: Butterworth",
      "type": "LOCATION",
      "metadata": {},
      "salience": 0.05867798,
      "mentions": [
        {
          "text": {
            "content": "Mongrel Gender: Female Location: Butterworth",
            "beginOffset": -1
          },
          "type": "PROPER"
        }
      ]
    },
    {
      "name": "Email",
      "type": "OTHER",
      "metadata": {},
      "salience": 0.05255332,
      "mentions": [
        {
          "text": {
            "content": "Email",
            "beginOffset": -1
          },
          "type": "COMMON"
        }
      ]
    },
    {
      "name": "mddb",
      "type": "OTHER",
      "metadata": {},
      "salience": 0.031456478,
      "mentions": [
        {
          "text": {
            "content": "mddb",
            "beginOffset": -1
          },
          "type": "PROPER"
        }
      ]
    },
    {
      "name": "Penang Contact: Fen Ying",
      "type": "WORK_OF_ART",
      "metadata": {},
      "salience": 0.019840367,
      "mentions": [
        {
          "text": {
            "content": "Penang Contact: Fen Ying",
            "beginOffset": -1
          },
          "type": "PROPER"
        }
      ]
    }
  ],
  "documentSentiment": {
    "magnitude": 0,
    "score": 0
  },
  "language": "en",
  "categories": []
}
