{
  "sentences": [
    {
      "text": {
        "content": "Young puppy for adoption.",
        "beginOffset": -1
      },
      "sentiment": {
        "magnitude": 0,
        "score": 0
      }
    },
    {
      "text": {
        "content": "Found abandoned.",
        "beginOffset": -1
      },
      "sentiment": {
        "magnitude": 0.6,
        "score": -0.6
      }
    },
    {
      "text": {
        "content": "Able to take moist food.",
        "beginOffset": -1
      },
      "sentiment": {
        "magnitude": 0.9,
        "score": 0.9
      }
    },
    {
      "text": {
        "content": "she is now eating Acana Puppy dry food soften with luke warm water.",
        "beginOffset": -1
      },
      "sentiment": {
        "magnitude": 0.9,
        "score": -0.9
      }
    }
  ],
  "tokens": [],
  "entities": [
    {
      "name": "puppy",
      "type": "OTHER",
      "metadata": {},
      "salience": 0.44990024,
      "mentions": [
        {
          "text": {
            "content": "puppy",
            "beginOffset": -1
          },
          "type": "COMMON"
        }
      ]
    },
    {
      "name": "adoption",
      "type": "OTHER",
      "metadata": {},
      "salience": 0.40661156,
      "mentions": [
        {
          "text": {
            "content": "adoption",
            "beginOffset": -1
          },
          "type": "COMMON"
        }
      ]
    },
    {
      "name": "food",
      "type": "OTHER",
      "metadata": {},
      "salience": 0.07918504,
      "mentions": [
        {
          "text": {
            "content": "food",
            "beginOffset": -1
          },
          "type": "COMMON"
        }
      ]
    },
    {
      "name": "water",
      "type": "OTHER",
      "metadata": {},
      "salience": 0.03003102,
      "mentions": [
        {
          "text": {
            "content": "water",
            "beginOffset": -1
          },
          "type": "COMMON"
        }
      ]
    },
    {
      "name": "food",
      "type": "OTHER",
      "metadata": {},
      "salience": 0.021508764,
      "mentions": [
        {
          "text": {
            "content": "food",
            "beginOffset": -1
          },
          "type": "COMMON"
        }
      ]
    },
    {
      "name": "Acana Puppy",
      "type": "PERSON",
      "metadata": {},
      "salience": 0.012763374,
      "mentions": [
        {
          "text": {
            "content": "Acana Puppy",
            "beginOffset": -1
          },
          "type": "PROPER"
        }
      ]
    }
  ],
  "documentSentiment": {
    "magnitude": 2.5,
    "score": -0.1
  },
  "language": "en",
  "categories": []
}
