{
  "sentences": [
    {
      "text": {
        "content": "Hi, i got thomas 3days ago.. he's so playful and cute.. if anyone wanna adopt him pls contact me :)my no , sms or cal me.. my location at klang :)",
        "beginOffset": -1
      },
      "sentiment": {
        "magnitude": 0.7,
        "score": 0.7
      }
    }
  ],
  "tokens": [],
  "entities": [
    {
      "name": "anyone",
      "type": "PERSON",
      "metadata": {},
      "salience": 0.6725041,
      "mentions": [
        {
          "text": {
            "content": "anyone",
            "beginOffset": -1
          },
          "type": "COMMON"
        }
      ]
    },
    {
      "name": "klang",
      "type": "LOCATION",
      "metadata": {},
      "salience": 0.14477113,
      "mentions": [
        {
          "text": {
            "content": "klang",
            "beginOffset": -1
          },
          "type": "COMMON"
        }
      ]
    },
    {
      "name": "location",
      "type": "LOCATION",
      "metadata": {},
      "salience": 0.09136238,
      "mentions": [
        {
          "text": {
            "content": "location",
            "beginOffset": -1
          },
          "type": "COMMON"
        }
      ]
    },
    {
      "name": "sms",
      "type": "OTHER",
      "metadata": {},
      "salience": 0.09136238,
      "mentions": [
        {
          "text": {
            "content": "sms",
            "beginOffset": -1
          },
          "type": "COMMON"
        }
      ]
    }
  ],
  "documentSentiment": {
    "magnitude": 0.7,
    "score": 0.7
  },
  "language": "en",
  "categories": []
}
