{
  "sentences": [
    {
      "text": {
        "content": "Active and super playful fur-brother and a fur-sister waiting for a loving and committed family.",
        "beginOffset": -1
      },
      "sentiment": {
        "magnitude": 0.9,
        "score": 0.9
      }
    },
    {
      "text": {
        "content": "A home with garden/yard will be ideal for these active pups.",
        "beginOffset": -1
      },
      "sentiment": {
        "magnitude": 0.8,
        "score": 0.8
      }
    }
  ],
  "tokens": [],
  "entities": [
    {
      "name": "fur-brother",
      "type": "PERSON",
      "metadata": {},
      "salience": 0.33020702,
      "mentions": [
        {
          "text": {
            "content": "fur-brother",
            "beginOffset": -1
          },
          "type": "COMMON"
        }
      ]
    },
    {
      "name": "fur-sister",
      "type": "PERSON",
      "metadata": {},
      "salience": 0.2304653,
      "mentions": [
        {
          "text": {
            "content": "fur-sister",
            "beginOffset": -1
          },
          "type": "COMMON"
        }
      ]
    },
    {
      "name": "family",
      "type": "PERSON",
      "metadata": {},
      "salience": 0.21516177,
      "mentions": [
        {
          "text": {
            "content": "family",
            "beginOffset": -1
          },
          "type": "COMMON"
        }
      ]
    },
    {
      "name": "home",
      "type": "LOCATION",
      "metadata": {},
      "salience": 0.13080049,
      "mentions": [
        {
          "text": {
            "content": "home",
            "beginOffset": -1
          },
          "type": "COMMON"
        }
      ]
    },
    {
      "name": "pups",
      "type": "PERSON",
      "metadata": {},
      "salience": 0.05726323,
      "mentions": [
        {
          "text": {
            "content": "pups",
            "beginOffset": -1
          },
          "type": "COMMON"
        }
      ]
    },
    {
      "name": "garden/yard",
      "type": "CONSUMER_GOOD",
      "metadata": {},
      "salience": 0.03610219,
      "mentions": [
        {
          "text": {
            "content": "garden/yard",
            "beginOffset": -1
          },
          "type": "COMMON"
        }
      ]
    }
  ],
  "documentSentiment": {
    "magnitude": 1.7,
    "score": 0.8
  },
  "language": "en",
  "categories": []
}
