{
  "sentences": [
    {
      "text": {
        "content": "Hi there, i'm looking for cat lover who would take care of yeo chi forever and responsibility person.",
        "beginOffset": -1
      },
      "sentiment": {
        "magnitude": 0.1,
        "score": 0.1
      }
    },
    {
      "text": {
        "content": "She is such a lovely cat ever!",
        "beginOffset": -1
      },
      "sentiment": {
        "magnitude": 0.9,
        "score": 0.9
      }
    },
    {
      "text": {
        "content": "She's a bit shy cat though once a time when she knows you, she will become very adorable.",
        "beginOffset": -1
      },
      "sentiment": {
        "magnitude": 0.9,
        "score": 0.9
      }
    },
    {
      "text": {
        "content": "She is such a mama girl!",
        "beginOffset": -1
      },
      "sentiment": {
        "magnitude": 0.1,
        "score": 0.1
      }
    },
    {
      "text": {
        "content": "You would love her so much!",
        "beginOffset": -1
      },
      "sentiment": {
        "magnitude": 0.7,
        "score": 0.7
      }
    },
    {
      "text": {
        "content": "Btw reason why i give away her, i'm going back my country soon.",
        "beginOffset": -1
      },
      "sentiment": {
        "magnitude": 0.1,
        "score": 0.1
      }
    },
    {
      "text": {
        "content": "It is not good reason for excuess but i have no choice..",
        "beginOffset": -1
      },
      "sentiment": {
        "magnitude": 0.8,
        "score": -0.8
      }
    },
    {
      "text": {
        "content": "So i hope i can find a nice and responsibility person.",
        "beginOffset": -1
      },
      "sentiment": {
        "magnitude": 0.5,
        "score": 0.5
      }
    },
    {
      "text": {
        "content": "Also i prefer to looking for family or working adult.",
        "beginOffset": -1
      },
      "sentiment": {
        "magnitude": 0.4,
        "score": -0.4
      }
    },
    {
      "text": {
        "content": "Please contact me",
        "beginOffset": -1
      },
      "sentiment": {
        "magnitude": 0,
        "score": 0
      }
    }
  ],
  "tokens": [],
  "entities": [
    {
      "name": "cat lover",
      "type": "PERSON",
      "metadata": {},
      "salience": 0.7609554,
      "mentions": [
        {
          "text": {
            "content": "cat lover",
            "beginOffset": -1
          },
          "type": "COMMON"
        },
        {
          "text": {
            "content": "mama girl",
            "beginOffset": -1
          },
          "type": "COMMON"
        }
      ]
    },
    {
      "name": "care",
      "type": "OTHER",
      "metadata": {},
      "salience": 0.08811345,
      "mentions": [
        {
          "text": {
            "content": "care",
            "beginOffset": -1
          },
          "type": "COMMON"
        }
      ]
    },
    {
      "name": "responsibility",
      "type": "OTHER",
      "metadata": {},
      "salience": 0.03420602,
      "mentions": [
        {
          "text": {
            "content": "responsibility",
            "beginOffset": -1
          },
          "type": "COMMON"
        }
      ]
    },
    {
      "name": "cat",
      "type": "OTHER",
      "metadata": {},
      "salience": 0.023153318,
      "mentions": [
        {
          "text": {
            "content": "cat",
            "beginOffset": -1
          },
          "type": "COMMON"
        }
      ]
    },
    {
      "name": "person",
      "type": "PERSON",
      "metadata": {},
      "salience": 0.021319496,
      "mentions": [
        {
          "text": {
            "content": "person",
            "beginOffset": -1
          },
          "type": "COMMON"
        }
      ]
    },
    {
      "name": "reason",
      "type": "OTHER",
      "metadata": {},
      "salience": 0.013779348,
      "mentions": [
        {
          "text": {
            "content": "reason",
            "beginOffset": -1
          },
          "type": "COMMON"
        }
      ]
    },
    {
      "name": "cat",
      "type": "OTHER",
      "metadata": {},
      "salience": 0.01221952,
      "mentions": [
        {
          "text": {
            "content": "cat",
            "beginOffset": -1
          },
          "type": "COMMON"
        }
      ]
    },
    {
      "name": "person",
      "type": "PERSON",
      "metadata": {},
      "salience": 0.012003163,
      "mentions": [
        {
          "text": {
            "content": "person",
            "beginOffset": -1
          },
          "type": "COMMON"
        }
      ]
    },
    {
      "name": "responsibility",
      "type": "OTHER",
      "metadata": {},
      "salience": 0.0077231717,
      "mentions": [
        {
          "text": {
            "content": "responsibility",
            "beginOffset": -1
          },
          "type": "COMMON"
        }
      ]
    },
    {
      "name": "choice",
      "type": "OTHER",
      "metadata": {},
      "salience": 0.006714592,
      "mentions": [
        {
          "text": {
            "content": "choice",
            "beginOffset": -1
          },
          "type": "COMMON"
        }
      ]
    },
    {
      "name": "family",
      "type": "PERSON",
      "metadata": {},
      "salience": 0.004746609,
      "mentions": [
        {
          "text": {
            "content": "family",
            "beginOffset": -1
          },
          "type": "COMMON"
        }
      ]
    },
    {
      "name": "adult",
      "type": "PERSON",
      "metadata": {},
      "salience": 0.004746609,
      "mentions": [
        {
          "text": {
            "content": "adult",
            "beginOffset": -1
          },
          "type": "COMMON"
        }
      ]
    },
    {
      "name": "reason",
      "type": "OTHER",
      "metadata": {},
      "salience": 0.0043444266,
      "mentions": [
        {
          "text": {
            "content": "reason",
            "beginOffset": -1
          },
          "type": "COMMON"
        }
      ]
    },
    {
      "name": "country",
      "type": "LOCATION",
      "metadata": {},
      "salience": 0.0029902663,
      "mentions": [
        {
          "text": {
            "content": "country",
            "beginOffset": -1
          },
          "type": "COMMON"
        }
      ]
    },
    {
      "name": "excuess",
      "type": "OTHER",
      "metadata": {},
      "salience": 0.0029846034,
      "mentions": [
        {
          "text": {
            "content": "excuess",
            "beginOffset": -1
          },
          "type": "COMMON"
        }
      ]
    }
  ],
  "documentSentiment": {
    "magnitude": 4.8,
    "score": 0.2
  },
  "language": "en",
  "categories": []
}
