{
  "sentences": [
    {
      "text": {
        "content": "Aslan is a cute soft cat that love to explore the world.",
        "beginOffset": -1
      },
      "sentiment": {
        "magnitude": 0.9,
        "score": 0.9
      }
    },
    {
      "text": {
        "content": "He is the first among his siblings to explore outside their nesting box.",
        "beginOffset": -1
      },
      "sentiment": {
        "magnitude": 0.4,
        "score": 0.4
      }
    },
    {
      "text": {
        "content": "He love to play, jumps here and there.",
        "beginOffset": -1
      },
      "sentiment": {
        "magnitude": 0.8,
        "score": 0.8
      }
    },
    {
      "text": {
        "content": "He can easily eats medicine.",
        "beginOffset": -1
      },
      "sentiment": {
        "magnitude": 0.6,
        "score": 0.6
      }
    },
    {
      "text": {
        "content": "Aslan has been litter box trained and is not fussy about his meals.",
        "beginOffset": -1
      },
      "sentiment": {
        "magnitude": 0,
        "score": 0
      }
    },
    {
      "text": {
        "content": "It is preferably if the adopter can:- - Make him an indoor only cat - Give good food ( non-colourful kibbles especially ) - Update me once in a while about him - Allow me to visit him once in a while - Will bring him for check ups - Will give him all the love in the world",
        "beginOffset": -1
      },
      "sentiment": {
        "magnitude": 0.8,
        "score": 0.8
      }
    }
  ],
  "tokens": [],
  "entities": [
    {
      "name": "Aslan",
      "type": "PERSON",
      "metadata": {
        "mid": "/m/0vl1",
        "wikipedia_url": "https://en.wikipedia.org/wiki/Aslan"
      },
      "salience": 0.6725003,
      "mentions": [
        {
          "text": {
            "content": "Aslan",
            "beginOffset": -1
          },
          "type": "PROPER"
        },
        {
          "text": {
            "content": "Aslan",
            "beginOffset": -1
          },
          "type": "PROPER"
        }
      ]
    },
    {
      "name": "cat",
      "type": "OTHER",
      "metadata": {},
      "salience": 0.20157385,
      "mentions": [
        {
          "text": {
            "content": "cat",
            "beginOffset": -1
          },
          "type": "COMMON"
        }
      ]
    },
    {
      "name": "world",
      "type": "LOCATION",
      "metadata": {},
      "salience": 0.04857159,
      "mentions": [
        {
          "text": {
            "content": "world",
            "beginOffset": -1
          },
          "type": "COMMON"
        }
      ]
    },
    {
      "name": "siblings",
      "type": "PERSON",
      "metadata": {},
      "salience": 0.02042668,
      "mentions": [
        {
          "text": {
            "content": "siblings",
            "beginOffset": -1
          },
          "type": "COMMON"
        }
      ]
    },
    {
      "name": "first",
      "type": "OTHER",
      "metadata": {},
      "salience": 0.010344163,
      "mentions": [
        {
          "text": {
            "content": "first",
            "beginOffset": -1
          },
          "type": "COMMON"
        }
      ]
    },
    {
      "name": "nesting box",
      "type": "OTHER",
      "metadata": {},
      "salience": 0.009218595,
      "mentions": [
        {
          "text": {
            "content": "nesting box",
            "beginOffset": -1
          },
          "type": "COMMON"
        }
      ]
    },
    {
      "name": "litter box",
      "type": "OTHER",
      "metadata": {},
      "salience": 0.0062433234,
      "mentions": [
        {
          "text": {
            "content": "litter box",
            "beginOffset": -1
          },
          "type": "COMMON"
        }
      ]
    },
    {
      "name": "meals",
      "type": "OTHER",
      "metadata": {},
      "salience": 0.005487788,
      "mentions": [
        {
          "text": {
            "content": "meals",
            "beginOffset": -1
          },
          "type": "COMMON"
        }
      ]
    },
    {
      "name": "medicine",
      "type": "OTHER",
      "metadata": {},
      "salience": 0.005435849,
      "mentions": [
        {
          "text": {
            "content": "medicine",
            "beginOffset": -1
          },
          "type": "COMMON"
        }
      ]
    },
    {
      "name": "adopter",
      "type": "PERSON",
      "metadata": {},
      "salience": 0.005025802,
      "mentions": [
        {
          "text": {
            "content": "adopter",
            "beginOffset": -1
          },
          "type": "COMMON"
        }
      ]
    },
    {
      "name": "cat",
      "type": "OTHER",
      "metadata": {},
      "salience": 0.0045311213,
      "mentions": [
        {
          "text": {
            "content": "cat",
            "beginOffset": -1
          },
          "type": "COMMON"
        }
      ]
    },
    {
      "name": "world",
      "type": "LOCATION",
      "metadata": {},
      "salience": 0.0030228717,
      "mentions": [
        {
          "text": {
            "content": "world",
            "beginOffset": -1
          },
          "type": "COMMON"
        }
      ]
    },
    {
      "name": "check ups",
      "type": "OTHER",
      "metadata": {},
      "salience": 0.0026558652,
      "mentions": [
        {
          "text": {
            "content": "check ups",
            "beginOffset": -1
          },
          "type": "COMMON"
        }
      ]
    },
    {
      "name": "love",
      "type": "OTHER",
      "metadata": {},
      "salience": 0.002026874,
      "mentions": [
        {
          "text": {
            "content": "love",
            "beginOffset": -1
          },
          "type": "COMMON"
        }
      ]
    },
    {
      "name": "kibbles",
      "type": "OTHER",
      "metadata": {},
      "salience": 0.0016649925,
      "mentions": [
        {
          "text": {
            "content": "kibbles",
            "beginOffset": -1
          },
          "type": "COMMON"
        }
      ]
    },
    {
      "name": "food",
      "type": "OTHER",
      "metadata": {},
      "salience": 0.0012703284,
      "mentions": [
        {
          "text": {
            "content": "food",
            "beginOffset": -1
          },
          "type": "COMMON"
        }
      ]
    }
  ],
  "documentSentiment": {
    "magnitude": 3.7,
    "score": 0.6
  },
  "language": "en",
  "categories": []
}
