{
  "sentences": [
    {
      "text": {
        "content": "She is friendly and cute, if interested to adopt pls call or whatsapp ms.chan",
        "beginOffset": -1
      },
      "sentiment": {
        "magnitude": 0.7,
        "score": 0.7
      }
    }
  ],
  "tokens": [],
  "entities": [
    {
      "name": "whatsapp",
      "type": "OTHER",
      "metadata": {},
      "salience": 0.5815153,
      "mentions": [
        {
          "text": {
            "content": "whatsapp",
            "beginOffset": -1
          },
          "type": "COMMON"
        }
      ]
    },
    {
      "name": "chan",
      "type": "PERSON",
      "metadata": {},
      "salience": 0.4184847,
      "mentions": [
        {
          "text": {
            "content": "chan",
            "beginOffset": -1
          },
          "type": "COMMON"
        }
      ]
    }
  ],
  "documentSentiment": {
    "magnitude": 0.7,
    "score": 0.7
  },
  "language": "en",
  "categories": []
}
