{
  "sentences": [
    {
      "text": {
        "content": "Volvo is healthy and good but I am looking for adoption because new member in my family was allergy to it.",
        "beginOffset": -1
      },
      "sentiment": {
        "magnitude": 0.5,
        "score": 0.5
      }
    },
    {
      "text": {
        "content": "Looking for adoption",
        "beginOffset": -1
      },
      "sentiment": {
        "magnitude": 0.2,
        "score": 0.2
      }
    }
  ],
  "tokens": [],
  "entities": [
    {
      "name": "Volvo",
      "type": "ORGANIZATION",
      "metadata": {
        "mid": "/m/07yw2",
        "wikipedia_url": "https://en.wikipedia.org/wiki/Volvo"
      },
      "salience": 0.44963008,
      "mentions": [
        {
          "text": {
            "content": "Volvo",
            "beginOffset": -1
          },
          "type": "PROPER"
        }
      ]
    },
    {
      "name": "adoption",
      "type": "OTHER",
      "metadata": {},
      "salience": 0.20100223,
      "mentions": [
        {
          "text": {
            "content": "adoption",
            "beginOffset": -1
          },
          "type": "COMMON"
        }
      ]
    },
    {
      "name": "member",
      "type": "PERSON",
      "metadata": {},
      "salience": 0.18410753,
      "mentions": [
        {
          "text": {
            "content": "member",
            "beginOffset": -1
          },
          "type": "COMMON"
        }
      ]
    },
    {
      "name": "allergy",
      "type": "OTHER",
      "metadata": {},
      "salience": 0.060731977,
      "mentions": [
        {
          "text": {
            "content": "allergy",
            "beginOffset": -1
          },
          "type": "COMMON"
        }
      ]
    },
    {
      "name": "family",
      "type": "PERSON",
      "metadata": {},
      "salience": 0.055794667,
      "mentions": [
        {
          "text": {
            "content": "family",
            "beginOffset": -1
          },
          "type": "COMMON"
        }
      ]
    },
    {
      "name": "adoption",
      "type": "OTHER",
      "metadata": {},
      "salience": 0.048733503,
      "mentions": [
        {
          "text": {
            "content": "adoption",
            "beginOffset": -1
          },
          "type": "COMMON"
        }
      ]
    }
  ],
  "documentSentiment": {
    "magnitude": 0.7,
    "score": 0.3
  },
  "language": "en",
  "categories": []
}
