{
  "sentences": [
    {
      "text": {
        "content": "I need a new home!!",
        "beginOffset": -1
      },
      "sentiment": {
        "magnitude": 0.1,
        "score": 0.1
      }
    },
    {
      "text": {
        "content": "Contact Furry Friends Farm if you want to adopt me.",
        "beginOffset": -1
      },
      "sentiment": {
        "magnitude": 0.3,
        "score": 0.3
      }
    }
  ],
  "tokens": [],
  "entities": [
    {
      "name": "home",
      "type": "LOCATION",
      "metadata": {},
      "salience": 0.81497085,
      "mentions": [
        {
          "text": {
            "content": "home",
            "beginOffset": -1
          },
          "type": "COMMON"
        }
      ]
    },
    {
      "name": "Furry Friends Farm",
      "type": "ORGANIZATION",
      "metadata": {},
      "salience": 0.18502915,
      "mentions": [
        {
          "text": {
            "content": "Furry Friends Farm",
            "beginOffset": -1
          },
          "type": "PROPER"
        }
      ]
    }
  ],
  "documentSentiment": {
    "magnitude": 0.5,
    "score": 0.2
  },
  "language": "en",
  "categories": []
}
