{
  "sentences": [
    {
      "text": {
        "content": "These two little ones were found abandoned by the road side.",
        "beginOffset": -1
      },
      "sentiment": {
        "magnitude": 0.5,
        "score": -0.5
      }
    },
    {
      "text": {
        "content": "They were brought in to Jeans Vet Centre for medical check up.",
        "beginOffset": -1
      },
      "sentiment": {
        "magnitude": 0.3,
        "score": 0.3
      }
    },
    {
      "text": {
        "content": "Now they are ready for adoption.",
        "beginOffset": -1
      },
      "sentiment": {
        "magnitude": 0,
        "score": 0
      }
    },
    {
      "text": {
        "content": "Size of Maturity should be Medium small.",
        "beginOffset": -1
      },
      "sentiment": {
        "magnitude": 0,
        "score": 0
      }
    },
    {
      "text": {
        "content": "We believe not more than 10kg.",
        "beginOffset": -1
      },
      "sentiment": {
        "magnitude": 0.1,
        "score": 0.1
      }
    },
    {
      "text": {
        "content": "If you think you can give them a good home.",
        "beginOffset": -1
      },
      "sentiment": {
        "magnitude": 0.6,
        "score": 0.6
      }
    },
    {
      "text": {
        "content": "Please do contact Jean Vet Centre at Add: 12 Jalan Medan Ipoh, Taman Ipoh Timur, Ipoh.",
        "beginOffset": -1
      },
      "sentiment": {
        "magnitude": 0.2,
        "score": 0.2
      }
    },
    {
      "text": {
        "content": "Perak.",
        "beginOffset": -1
      },
      "sentiment": {
        "magnitude": 0.1,
        "score": 0.1
      }
    }
  ],
  "tokens": [],
  "entities": [
    {
      "name": "ones",
      "type": "OTHER",
      "metadata": {},
      "salience": 0.65179414,
      "mentions": [
        {
          "text": {
            "content": "ones",
            "beginOffset": -1
          },
          "type": "COMMON"
        }
      ]
    },
    {
      "name": "road side",
      "type": "OTHER",
      "metadata": {},
      "salience": 0.17023659,
      "mentions": [
        {
          "text": {
            "content": "road side",
            "beginOffset": -1
          },
          "type": "COMMON"
        }
      ]
    },
    {
      "name": "Size",
      "type": "OTHER",
      "metadata": {},
      "salience": 0.02769628,
      "mentions": [
        {
          "text": {
            "content": "Size",
            "beginOffset": -1
          },
          "type": "COMMON"
        }
      ]
    },
    {
      "name": "Maturity",
      "type": "OTHER",
      "metadata": {},
      "salience": 0.022521293,
      "mentions": [
        {
          "text": {
            "content": "Maturity",
            "beginOffset": -1
          },
          "type": "COMMON"
        }
      ]
    },
    {
      "name": "check",
      "type": "OTHER",
      "metadata": {},
      "salience": 0.022437261,
      "mentions": [
        {
          "text": {
            "content": "check",
            "beginOffset": -1
          },
          "type": "COMMON"
        }
      ]
    },
    {
      "name": "Jeans Vet Centre",
      "type": "LOCATION",
      "metadata": {},
      "salience": 0.022384102,
      "mentions": [
        {
          "text": {
            "content": "Jeans Vet Centre",
            "beginOffset": -1
          },
          "type": "PROPER"
        }
      ]
    },
    {
      "name": "adoption",
      "type": "OTHER",
      "metadata": {},
      "salience": 0.0223267,
      "mentions": [
        {
          "text": {
            "content": "adoption",
            "beginOffset": -1
          },
          "type": "COMMON"
        }
      ]
    },
    {
      "name": "Jalan Medan Ipoh",
      "type": "ORGANIZATION",
      "metadata": {
        "mid": "/g/1wnbvhxz"
      },
      "salience": 0.014463339,
      "mentions": [
        {
          "text": {
            "content": "Jalan Medan Ipoh",
            "beginOffset": -1
          },
          "type": "PROPER"
        }
      ]
    },
    {
      "name": "Jean Vet Centre",
      "type": "LOCATION",
      "metadata": {
        "mid": "/g/11bwdf7v5l"
      },
      "salience": 0.013198535,
      "mentions": [
        {
          "text": {
            "content": "Jean Vet Centre",
            "beginOffset": -1
          },
          "type": "PROPER"
        }
      ]
    },
    {
      "name": "Ipoh",
      "type": "LOCATION",
      "metadata": {
        "wikipedia_url": "https://en.wikipedia.org/wiki/Ipoh",
        "mid": "/m/01rv39"
      },
      "salience": 0.008032705,
      "mentions": [
        {
          "text": {
            "content": "Ipoh",
            "beginOffset": -1
          },
          "type": "PROPER"
        }
      ]
    },
    {
      "name": "contact",
      "type": "OTHER",
      "metadata": {},
      "salience": 0.006824167,
      "mentions": [
        {
          "text": {
            "content": "contact",
            "beginOffset": -1
          },
          "type": "COMMON"
        }
      ]
    },
    {
      "name": "Taman Ipoh Timur",
      "type": "ORGANIZATION",
      "metadata": {
        "mid": "/g/1tvrx67w"
      },
      "salience": 0.006438604,
      "mentions": [
        {
          "text": {
            "content": "Taman Ipoh Timur",
            "beginOffset": -1
          },
          "type": "PROPER"
        }
      ]
    },
    {
      "name": "Perak",
      "type": "LOCATION",
      "metadata": {
        "mid": "/m/015q02",
        "wikipedia_url": "https://en.wikipedia.org/wiki/Perak"
      },
      "salience": 0.0064280555,
      "mentions": [
        {
          "text": {
            "content": "Perak",
            "beginOffset": -1
          },
          "type": "PROPER"
        }
      ]
    },
    {
      "name": "home",
      "type": "LOCATION",
      "metadata": {},
      "salience": 0.0052182465,
      "mentions": [
        {
          "text": {
            "content": "home",
            "beginOffset": -1
          },
          "type": "COMMON"
        }
      ]
    }
  ],
  "documentSentiment": {
    "magnitude": 2,
    "score": 0.1
  },
  "language": "en",
  "categories": []
}
