{
  "sentences": [
    {
      "text": {
        "content": "Hi, I'm looking for a good home for Mabel, She is active, and obeys instruction such as sit and quiet...she wont jump when you feed her...just say sit and will be quiet and wait until her food is served...",
        "beginOffset": -1
      },
      "sentiment": {
        "magnitude": 0.2,
        "score": -0.2
      }
    },
    {
      "text": {
        "content": "Potty trained...you can take her for a walk or just tie her in a spot and place a paper she knows she has to do her poo...",
        "beginOffset": -1
      },
      "sentiment": {
        "magnitude": 0.4,
        "score": -0.4
      }
    },
    {
      "text": {
        "content": "She is a pure breed, with MKA cert and microchip...",
        "beginOffset": -1
      },
      "sentiment": {
        "magnitude": 0.2,
        "score": 0.2
      }
    },
    {
      "text": {
        "content": "Minimal fee of RM applies...",
        "beginOffset": -1
      },
      "sentiment": {
        "magnitude": 0.1,
        "score": -0.1
      }
    },
    {
      "text": {
        "content": "Because i dont believe in giving away free as people dont appreciate...",
        "beginOffset": -1
      },
      "sentiment": {
        "magnitude": 0.6,
        "score": -0.6
      }
    },
    {
      "text": {
        "content": "Do call me if you are interested...",
        "beginOffset": -1
      },
      "sentiment": {
        "magnitude": 0,
        "score": 0
      }
    },
    {
      "text": {
        "content": "Thank you :)",
        "beginOffset": -1
      },
      "sentiment": {
        "magnitude": 0.1,
        "score": 0.1
      }
    }
  ],
  "tokens": [],
  "entities": [
    {
      "name": "Mabel",
      "type": "PERSON",
      "metadata": {},
      "salience": 0.61189735,
      "mentions": [
        {
          "text": {
            "content": "Mabel",
            "beginOffset": -1
          },
          "type": "PROPER"
        }
      ]
    },
    {
      "name": "home",
      "type": "LOCATION",
      "metadata": {},
      "salience": 0.11644731,
      "mentions": [
        {
          "text": {
            "content": "home",
            "beginOffset": -1
          },
          "type": "COMMON"
        }
      ]
    },
    {
      "name": "sit",
      "type": "OTHER",
      "metadata": {},
      "salience": 0.05150839,
      "mentions": [
        {
          "text": {
            "content": "sit",
            "beginOffset": -1
          },
          "type": "COMMON"
        }
      ]
    },
    {
      "name": "instruction",
      "type": "OTHER",
      "metadata": {},
      "salience": 0.04535232,
      "mentions": [
        {
          "text": {
            "content": "instruction",
            "beginOffset": -1
          },
          "type": "COMMON"
        }
      ]
    },
    {
      "name": "sit",
      "type": "OTHER",
      "metadata": {},
      "salience": 0.03496926,
      "mentions": [
        {
          "text": {
            "content": "sit",
            "beginOffset": -1
          },
          "type": "COMMON"
        }
      ]
    },
    {
      "name": "food",
      "type": "OTHER",
      "metadata": {},
      "salience": 0.030764408,
      "mentions": [
        {
          "text": {
            "content": "food",
            "beginOffset": -1
          },
          "type": "COMMON"
        }
      ]
    },
    {
      "name": "Potty",
      "type": "OTHER",
      "metadata": {},
      "salience": 0.015027538,
      "mentions": [
        {
          "text": {
            "content": "Potty",
            "beginOffset": -1
          },
          "type": "COMMON"
        }
      ]
    },
    {
      "name": "walk",
      "type": "EVENT",
      "metadata": {},
      "salience": 0.015027538,
      "mentions": [
        {
          "text": {
            "content": "walk",
            "beginOffset": -1
          },
          "type": "COMMON"
        }
      ]
    },
    {
      "name": "paper",
      "type": "OTHER",
      "metadata": {},
      "salience": 0.01448558,
      "mentions": [
        {
          "text": {
            "content": "paper",
            "beginOffset": -1
          },
          "type": "COMMON"
        }
      ]
    },
    {
      "name": "spot",
      "type": "LOCATION",
      "metadata": {},
      "salience": 0.013793078,
      "mentions": [
        {
          "text": {
            "content": "spot",
            "beginOffset": -1
          },
          "type": "COMMON"
        }
      ]
    },
    {
      "name": "fee",
      "type": "OTHER",
      "metadata": {},
      "salience": 0.010968931,
      "mentions": [
        {
          "text": {
            "content": "fee",
            "beginOffset": -1
          },
          "type": "COMMON"
        }
      ]
    },
    {
      "name": "people",
      "type": "PERSON",
      "metadata": {},
      "salience": 0.0102883065,
      "mentions": [
        {
          "text": {
            "content": "people",
            "beginOffset": -1
          },
          "type": "COMMON"
        }
      ]
    },
    {
      "name": "RM",
      "type": "LOCATION",
      "metadata": {},
      "salience": 0.006104597,
      "mentions": [
        {
          "text": {
            "content": "RM",
            "beginOffset": -1
          },
          "type": "PROPER"
        }
      ]
    },
    {
      "name": "breed",
      "type": "OTHER",
      "metadata": {},
      "salience": 0.005813547,
      "mentions": [
        {
          "text": {
            "content": "breed",
            "beginOffset": -1
          },
          "type": "COMMON"
        }
      ]
    },
    {
      "name": "poo",
      "type": "OTHER",
      "metadata": {},
      "salience": 0.005771227,
      "mentions": [
        {
          "text": {
            "content": "poo",
            "beginOffset": -1
          },
          "type": "COMMON"
        }
      ]
    },
    {
      "name": "cert",
      "type": "PERSON",
      "metadata": {},
      "salience": 0.004546464,
      "mentions": [
        {
          "text": {
            "content": "cert",
            "beginOffset": -1
          },
          "type": "COMMON"
        }
      ]
    },
    {
      "name": "microchip",
      "type": "OTHER",
      "metadata": {},
      "salience": 0.004546464,
      "mentions": [
        {
          "text": {
            "content": "microchip",
            "beginOffset": -1
          },
          "type": "COMMON"
        }
      ]
    },
    {
      "name": "MKA",
      "type": "ORGANIZATION",
      "metadata": {},
      "salience": 0.002687677,
      "mentions": [
        {
          "text": {
            "content": "MKA",
            "beginOffset": -1
          },
          "type": "PROPER"
        }
      ]
    }
  ],
  "documentSentiment": {
    "magnitude": 2,
    "score": -0.1
  },
  "language": "en",
  "categories": []
}
