{
  "sentences": [
    {
      "text": {
        "content": "Bouncer is a happy pup that needs a happy loving environment to grow up in and of course till its last day in this world.",
        "beginOffset": -1
      },
      "sentiment": {
        "magnitude": 0.6,
        "score": 0.6
      }
    },
    {
      "text": {
        "content": "If you can do that for him please call or whatsapp Jocelyn at.",
        "beginOffset": -1
      },
      "sentiment": {
        "magnitude": 0,
        "score": 0
      }
    },
    {
      "text": {
        "content": "Adoption requirement is commit to neutering.",
        "beginOffset": -1
      },
      "sentiment": {
        "magnitude": 0.1,
        "score": 0.1
      }
    },
    {
      "text": {
        "content": "I collect back vaccination fee.",
        "beginOffset": -1
      },
      "sentiment": {
        "magnitude": 0,
        "score": 0
      }
    },
    {
      "text": {
        "content": "Please Don't sms or email.",
        "beginOffset": -1
      },
      "sentiment": {
        "magnitude": 0.4,
        "score": -0.4
      }
    }
  ],
  "tokens": [],
  "entities": [
    {
      "name": "Bouncer",
      "type": "OTHER",
      "metadata": {},
      "salience": 0.7800117,
      "mentions": [
        {
          "text": {
            "content": "Bouncer",
            "beginOffset": -1
          },
          "type": "COMMON"
        },
        {
          "text": {
            "content": "pup",
            "beginOffset": -1
          },
          "type": "COMMON"
        }
      ]
    },
    {
      "name": "environment",
      "type": "OTHER",
      "metadata": {},
      "salience": 0.062130813,
      "mentions": [
        {
          "text": {
            "content": "environment",
            "beginOffset": -1
          },
          "type": "COMMON"
        }
      ]
    },
    {
      "name": "world",
      "type": "LOCATION",
      "metadata": {},
      "salience": 0.050131712,
      "mentions": [
        {
          "text": {
            "content": "world",
            "beginOffset": -1
          },
          "type": "COMMON"
        }
      ]
    },
    {
      "name": "course",
      "type": "OTHER",
      "metadata": {},
      "salience": 0.049535472,
      "mentions": [
        {
          "text": {
            "content": "course",
            "beginOffset": -1
          },
          "type": "COMMON"
        }
      ]
    },
    {
      "name": "vaccination fee",
      "type": "OTHER",
      "metadata": {},
      "salience": 0.016790878,
      "mentions": [
        {
          "text": {
            "content": "vaccination fee",
            "beginOffset": -1
          },
          "type": "COMMON"
        }
      ]
    },
    {
      "name": "Jocelyn",
      "type": "PERSON",
      "metadata": {},
      "salience": 0.013306828,
      "mentions": [
        {
          "text": {
            "content": "Jocelyn",
            "beginOffset": -1
          },
          "type": "PROPER"
        }
      ]
    },
    {
      "name": "email",
      "type": "OTHER",
      "metadata": {},
      "salience": 0.01174924,
      "mentions": [
        {
          "text": {
            "content": "email",
            "beginOffset": -1
          },
          "type": "COMMON"
        }
      ]
    },
    {
      "name": "Adoption requirement",
      "type": "OTHER",
      "metadata": {},
      "salience": 0.008920951,
      "mentions": [
        {
          "text": {
            "content": "Adoption requirement",
            "beginOffset": -1
          },
          "type": "COMMON"
        }
      ]
    },
    {
      "name": "neutering",
      "type": "OTHER",
      "metadata": {},
      "salience": 0.007422366,
      "mentions": [
        {
          "text": {
            "content": "neutering",
            "beginOffset": -1
          },
          "type": "COMMON"
        }
      ]
    }
  ],
  "documentSentiment": {
    "magnitude": 1.2,
    "score": 0
  },
  "language": "en",
  "categories": []
}
