{
  "sentences": [
    {
      "text": {
        "content": "All kittens are super energetic, playful and constantly hungry.",
        "beginOffset": -1
      },
      "sentiment": {
        "magnitude": 0.8,
        "score": 0.8
      }
    },
    {
      "text": {
        "content": "They are all independent to eat by themselves (fight among themselves tbh) and loves to drink milk (lactose free goat milk).",
        "beginOffset": -1
      },
      "sentiment": {
        "magnitude": 0.8,
        "score": 0.8
      }
    }
  ],
  "tokens": [],
  "entities": [
    {
      "name": "kittens",
      "type": "PERSON",
      "metadata": {},
      "salience": 0.8773909,
      "mentions": [
        {
          "text": {
            "content": "kittens",
            "beginOffset": -1
          },
          "type": "COMMON"
        }
      ]
    },
    {
      "name": "milk",
      "type": "OTHER",
      "metadata": {},
      "salience": 0.071878396,
      "mentions": [
        {
          "text": {
            "content": "milk",
            "beginOffset": -1
          },
          "type": "COMMON"
        }
      ]
    },
    {
      "name": "goat milk",
      "type": "OTHER",
      "metadata": {},
      "salience": 0.050730683,
      "mentions": [
        {
          "text": {
            "content": "goat milk",
            "beginOffset": -1
          },
          "type": "COMMON"
        }
      ]
    }
  ],
  "documentSentiment": {
    "magnitude": 1.6,
    "score": 0.8
  },
  "language": "en",
  "categories": []
}
