{
  "sentences": [
    {
      "text": {
        "content": "Heydee was found wandering aimlessly on the street like a lonely, hungry and thirsty dog 2 weeks ago.",
        "beginOffset": -1
      },
      "sentiment": {
        "magnitude": 0.8,
        "score": -0.8
      }
    },
    {
      "text": {
        "content": "Her wounded and rugged condition caught my attention- flea, lice and tick infested, with lots of bleeding &amp; weeping wounds all over her body.",
        "beginOffset": -1
      },
      "sentiment": {
        "magnitude": 0.1,
        "score": 0.1
      }
    },
    {
      "text": {
        "content": "Despite her painful condition, she was a very happy, cheerful, energetic, positive attitude doggy, the tail wagging all the time.",
        "beginOffset": -1
      },
      "sentiment": {
        "magnitude": 0.9,
        "score": 0.9
      }
    },
    {
      "text": {
        "content": "So I brought her to the vet, dewormed, deflead, deticked, vaccinated, spayed.",
        "beginOffset": -1
      },
      "sentiment": {
        "magnitude": 0.1,
        "score": 0.1
      }
    },
    {
      "text": {
        "content": "I even shaved all her hair to allow the wounds to heal and so the new beautiful hair could start to grow.",
        "beginOffset": -1
      },
      "sentiment": {
        "magnitude": 0.8,
        "score": 0.8
      }
    },
    {
      "text": {
        "content": "She's a beautiful, strong, healthy happy puppy now.",
        "beginOffset": -1
      },
      "sentiment": {
        "magnitude": 0.9,
        "score": 0.9
      }
    },
    {
      "text": {
        "content": "Heydee is a very smart alert dog, she learned how to &quot;sit&quot; on command in just a few minutes.",
        "beginOffset": -1
      },
      "sentiment": {
        "magnitude": 0.2,
        "score": 0.2
      }
    },
    {
      "text": {
        "content": "She's very adorable, cheerful, happy-go-lucky, well-disciplined.",
        "beginOffset": -1
      },
      "sentiment": {
        "magnitude": 0.9,
        "score": 0.9
      }
    },
    {
      "text": {
        "content": "I already have 4 big dogs, I can no longer afford to foster her.",
        "beginOffset": -1
      },
      "sentiment": {
        "magnitude": 0.5,
        "score": -0.5
      }
    },
    {
      "text": {
        "content": "Please find a home for this adorable chap.",
        "beginOffset": -1
      },
      "sentiment": {
        "magnitude": 0.9,
        "score": 0.9
      }
    },
    {
      "text": {
        "content": "She's now staying in a temporary shelter, after 2 weeks I would have no place for her, with no choice but to return her to the streets.",
        "beginOffset": -1
      },
      "sentiment": {
        "magnitude": 0.4,
        "score": -0.4
      }
    },
    {
      "text": {
        "content": "Please help, find her a home.",
        "beginOffset": -1
      },
      "sentiment": {
        "magnitude": 0,
        "score": 0
      }
    },
    {
      "text": {
        "content": "She's very friendly to everyone, a good companion &amp; perhaps guard dog too.",
        "beginOffset": -1
      },
      "sentiment": {
        "magnitude": 0.9,
        "score": 0.9
      }
    },
    {
      "text": {
        "content": "She's 15kg.",
        "beginOffset": -1
      },
      "sentiment": {
        "magnitude": 0,
        "score": 0
      }
    },
    {
      "text": {
        "content": "If you love dogs and are looking for a companion dog, to walk with you, exercise with you, play with you, cheer you up, destress, turn your mood around - she's the one for you.",
        "beginOffset": -1
      },
      "sentiment": {
        "magnitude": 0.8,
        "score": 0.8
      }
    },
    {
      "text": {
        "content": "Cuddle her long hair and destress while massaging her (she loves massages).",
        "beginOffset": -1
      },
      "sentiment": {
        "magnitude": 0.9,
        "score": 0.9
      }
    }
  ],
  "tokens": [],
  "entities": [
    {
      "name": "Heydee",
      "type": "PERSON",
      "metadata": {},
      "salience": 0.7018611,
      "mentions": [
        {
          "text": {
            "content": "Heydee",
            "beginOffset": -1
          },
          "type": "PROPER"
        }
      ]
    },
    {
      "name": "dog",
      "type": "OTHER",
      "metadata": {},
      "salience": 0.047566522,
      "mentions": [
        {
          "text": {
            "content": "dog",
            "beginOffset": -1
          },
          "type": "COMMON"
        }
      ]
    },
    {
      "name": "street",
      "type": "LOCATION",
      "metadata": {},
      "salience": 0.04057292,
      "mentions": [
        {
          "text": {
            "content": "street",
            "beginOffset": -1
          },
          "type": "COMMON"
        }
      ]
    },
    {
      "name": "condition",
      "type": "OTHER",
      "metadata": {},
      "salience": 0.019713715,
      "mentions": [
        {
          "text": {
            "content": "condition",
            "beginOffset": -1
          },
          "type": "COMMON"
        }
      ]
    },
    {
      "name": "Heydee",
      "type": "OTHER",
      "metadata": {},
      "salience": 0.017354827,
      "mentions": [
        {
          "text": {
            "content": "Heydee",
            "beginOffset": -1
          },
          "type": "PROPER"
        },
        {
          "text": {
            "content": "dog",
            "beginOffset": -1
          },
          "type": "COMMON"
        }
      ]
    },
    {
      "name": "lots",
      "type": "OTHER",
      "metadata": {},
      "salience": 0.017339436,
      "mentions": [
        {
          "text": {
            "content": "lots",
            "beginOffset": -1
          },
          "type": "COMMON"
        }
      ]
    },
    {
      "name": "lice",
      "type": "OTHER",
      "metadata": {},
      "salience": 0.017339436,
      "mentions": [
        {
          "text": {
            "content": "lice",
            "beginOffset": -1
          },
          "type": "COMMON"
        }
      ]
    },
    {
      "name": "attention- flea",
      "type": "OTHER",
      "metadata": {},
      "salience": 0.017339436,
      "mentions": [
        {
          "text": {
            "content": "attention- flea",
            "beginOffset": -1
          },
          "type": "COMMON"
        }
      ]
    },
    {
      "name": "wounds",
      "type": "OTHER",
      "metadata": {},
      "salience": 0.007508323,
      "mentions": [
        {
          "text": {
            "content": "wounds",
            "beginOffset": -1
          },
          "type": "COMMON"
        }
      ]
    },
    {
      "name": "condition",
      "type": "OTHER",
      "metadata": {},
      "salience": 0.0074710934,
      "mentions": [
        {
          "text": {
            "content": "condition",
            "beginOffset": -1
          },
          "type": "COMMON"
        }
      ]
    },
    {
      "name": "home",
      "type": "LOCATION",
      "metadata": {},
      "salience": 0.007183296,
      "mentions": [
        {
          "text": {
            "content": "home",
            "beginOffset": -1
          },
          "type": "COMMON"
        }
      ]
    },
    {
      "name": "attitude doggy",
      "type": "OTHER",
      "metadata": {},
      "salience": 0.007153576,
      "mentions": [
        {
          "text": {
            "content": "attitude doggy",
            "beginOffset": -1
          },
          "type": "COMMON"
        }
      ]
    },
    {
      "name": "hair",
      "type": "OTHER",
      "metadata": {},
      "salience": 0.0071108094,
      "mentions": [
        {
          "text": {
            "content": "hair",
            "beginOffset": -1
          },
          "type": "COMMON"
        }
      ]
    },
    {
      "name": "body",
      "type": "OTHER",
      "metadata": {},
      "salience": 0.0065977923,
      "mentions": [
        {
          "text": {
            "content": "body",
            "beginOffset": -1
          },
          "type": "COMMON"
        }
      ]
    },
    {
      "name": "tail",
      "type": "OTHER",
      "metadata": {},
      "salience": 0.0065650586,
      "mentions": [
        {
          "text": {
            "content": "tail",
            "beginOffset": -1
          },
          "type": "COMMON"
        }
      ]
    },
    {
      "name": "hair",
      "type": "OTHER",
      "metadata": {},
      "salience": 0.005495706,
      "mentions": [
        {
          "text": {
            "content": "hair",
            "beginOffset": -1
          },
          "type": "COMMON"
        }
      ]
    },
    {
      "name": "wounds",
      "type": "OTHER",
      "metadata": {},
      "salience": 0.0050135218,
      "mentions": [
        {
          "text": {
            "content": "wounds",
            "beginOffset": -1
          },
          "type": "COMMON"
        }
      ]
    },
    {
      "name": "dogs",
      "type": "OTHER",
      "metadata": {},
      "salience": 0.004567454,
      "mentions": [
        {
          "text": {
            "content": "dogs",
            "beginOffset": -1
          },
          "type": "COMMON"
        }
      ]
    },
    {
      "name": "puppy",
      "type": "OTHER",
      "metadata": {},
      "salience": 0.0044491463,
      "mentions": [
        {
          "text": {
            "content": "puppy",
            "beginOffset": -1
          },
          "type": "COMMON"
        }
      ]
    },
    {
      "name": "command",
      "type": "OTHER",
      "metadata": {},
      "salience": 0.00444073,
      "mentions": [
        {
          "text": {
            "content": "command",
            "beginOffset": -1
          },
          "type": "COMMON"
        }
      ]
    },
    {
      "name": "vet",
      "type": "PERSON",
      "metadata": {},
      "salience": 0.004416773,
      "mentions": [
        {
          "text": {
            "content": "vet",
            "beginOffset": -1
          },
          "type": "COMMON"
        }
      ]
    },
    {
      "name": "deflead",
      "type": "PERSON",
      "metadata": {},
      "salience": 0.004416773,
      "mentions": [
        {
          "text": {
            "content": "deflead",
            "beginOffset": -1
          },
          "type": "COMMON"
        }
      ]
    },
    {
      "name": "guard dog",
      "type": "OTHER",
      "metadata": {},
      "salience": 0.004085067,
      "mentions": [
        {
          "text": {
            "content": "guard dog",
            "beginOffset": -1
          },
          "type": "COMMON"
        }
      ]
    },
    {
      "name": "companion dog",
      "type": "OTHER",
      "metadata": {},
      "salience": 0.004077891,
      "mentions": [
        {
          "text": {
            "content": "companion dog",
            "beginOffset": -1
          },
          "type": "COMMON"
        }
      ]
    },
    {
      "name": "chap",
      "type": "PERSON",
      "metadata": {},
      "salience": 0.0040569976,
      "mentions": [
        {
          "text": {
            "content": "chap",
            "beginOffset": -1
          },
          "type": "COMMON"
        }
      ]
    },
    {
      "name": "dogs",
      "type": "OTHER",
      "metadata": {},
      "salience": 0.0036833386,
      "mentions": [
        {
          "text": {
            "content": "dogs",
            "beginOffset": -1
          },
          "type": "COMMON"
        }
      ]
    },
    {
      "name": "companion",
      "type": "PERSON",
      "metadata": {},
      "salience": 0.003469907,
      "mentions": [
        {
          "text": {
            "content": "companion",
            "beginOffset": -1
          },
          "type": "COMMON"
        }
      ]
    },
    {
      "name": "everyone",
      "type": "PERSON",
      "metadata": {},
      "salience": 0.0030481596,
      "mentions": [
        {
          "text": {
            "content": "everyone",
            "beginOffset": -1
          },
          "type": "COMMON"
        }
      ]
    },
    {
      "name": "hair",
      "type": "OTHER",
      "metadata": {},
      "salience": 0.0026564738,
      "mentions": [
        {
          "text": {
            "content": "hair",
            "beginOffset": -1
          },
          "type": "COMMON"
        }
      ]
    },
    {
      "name": "home",
      "type": "LOCATION",
      "metadata": {},
      "salience": 0.0023725182,
      "mentions": [
        {
          "text": {
            "content": "home",
            "beginOffset": -1
          },
          "type": "COMMON"
        }
      ]
    },
    {
      "name": "massages",
      "type": "OTHER",
      "metadata": {},
      "salience": 0.0022633497,
      "mentions": [
        {
          "text": {
            "content": "massages",
            "beginOffset": -1
          },
          "type": "COMMON"
        }
      ]
    },
    {
      "name": "one",
      "type": "OTHER",
      "metadata": {},
      "salience": 0.0021300283,
      "mentions": [
        {
          "text": {
            "content": "one",
            "beginOffset": -1
          },
          "type": "COMMON"
        }
      ]
    },
    {
      "name": "streets",
      "type": "LOCATION",
      "metadata": {},
      "salience": 0.001525179,
      "mentions": [
        {
          "text": {
            "content": "streets",
            "beginOffset": -1
          },
          "type": "COMMON"
        }
      ]
    },
    {
      "name": "choice",
      "type": "OTHER",
      "metadata": {},
      "salience": 0.0013396005,
      "mentions": [
        {
          "text": {
            "content": "choice",
            "beginOffset": -1
          },
          "type": "COMMON"
        }
      ]
    },
    {
      "name": "shelter",
      "type": "LOCATION",
      "metadata": {},
      "salience": 0.0013396005,
      "mentions": [
        {
          "text": {
            "content": "shelter",
            "beginOffset": -1
          },
          "type": "COMMON"
        }
      ]
    },
    {
      "name": "place",
      "type": "OTHER",
      "metadata": {},
      "salience": 0.0013232143,
      "mentions": [
        {
          "text": {
            "content": "place",
            "beginOffset": -1
          },
          "type": "COMMON"
        }
      ]
    },
    {
      "name": "mood",
      "type": "OTHER",
      "metadata": {},
      "salience": 0.0011512561,
      "mentions": [
        {
          "text": {
            "content": "mood",
            "beginOffset": -1
          },
          "type": "COMMON"
        }
      ]
    }
  ],
  "documentSentiment": {
    "magnitude": 9.8,
    "score": 0.3
  },
  "language": "en",
  "categories": []
}
