{
  "sentences": [
    {
      "text": {
        "content": "Qaseh is extra large size male cat but very cute, gentle &amp; loving towards his owners, not spayed, had been dewormed and not complete vaccinated yet.",
        "beginOffset": -1
      },
      "sentiment": {
        "magnitude": 0.7,
        "score": 0.7
      }
    },
    {
      "text": {
        "content": "Chinta is small size female cat, she is super cute, she had been spayed, dewormed but not complete vaccinated yet, i had taken her from SPCA.",
        "beginOffset": -1
      },
      "sentiment": {
        "magnitude": 0.6,
        "score": 0.6
      }
    },
    {
      "text": {
        "content": "Free adoption to the loving &amp; caring new owners.",
        "beginOffset": -1
      },
      "sentiment": {
        "magnitude": 0.9,
        "score": 0.9
      }
    }
  ],
  "tokens": [],
  "entities": [
    {
      "name": "Qaseh",
      "type": "OTHER",
      "metadata": {},
      "salience": 0.4885766,
      "mentions": [
        {
          "text": {
            "content": "Qaseh",
            "beginOffset": -1
          },
          "type": "PROPER"
        },
        {
          "text": {
            "content": "cat",
            "beginOffset": -1
          },
          "type": "COMMON"
        }
      ]
    },
    {
      "name": "Chinta",
      "type": "PERSON",
      "metadata": {},
      "salience": 0.34639987,
      "mentions": [
        {
          "text": {
            "content": "Chinta",
            "beginOffset": -1
          },
          "type": "PROPER"
        }
      ]
    },
    {
      "name": "owners",
      "type": "PERSON",
      "metadata": {},
      "salience": 0.08552568,
      "mentions": [
        {
          "text": {
            "content": "owners",
            "beginOffset": -1
          },
          "type": "COMMON"
        }
      ]
    },
    {
      "name": "cat",
      "type": "OTHER",
      "metadata": {},
      "salience": 0.037049703,
      "mentions": [
        {
          "text": {
            "content": "cat",
            "beginOffset": -1
          },
          "type": "COMMON"
        }
      ]
    },
    {
      "name": "adoption",
      "type": "OTHER",
      "metadata": {},
      "salience": 0.017722536,
      "mentions": [
        {
          "text": {
            "content": "adoption",
            "beginOffset": -1
          },
          "type": "COMMON"
        }
      ]
    },
    {
      "name": "owners",
      "type": "PERSON",
      "metadata": {},
      "salience": 0.014152828,
      "mentions": [
        {
          "text": {
            "content": "owners",
            "beginOffset": -1
          },
          "type": "COMMON"
        }
      ]
    },
    {
      "name": "SPCA",
      "type": "ORGANIZATION",
      "metadata": {
        "wikipedia_url": "https://en.wikipedia.org/wiki/Society_for_the_Prevention_of_Cruelty_to_Animals",
        "mid": "/m/0117qddf"
      },
      "salience": 0.010572792,
      "mentions": [
        {
          "text": {
            "content": "SPCA",
            "beginOffset": -1
          },
          "type": "PROPER"
        }
      ]
    }
  ],
  "documentSentiment": {
    "magnitude": 2.3,
    "score": 0.7
  },
  "language": "en",
  "categories": []
}
