{
  "sentences": [
    {
      "text": {
        "content": "This puppy is borned by my house pet.",
        "beginOffset": -1
      },
      "sentiment": {
        "magnitude": 0.2,
        "score": 0.2
      }
    },
    {
      "text": {
        "content": "There are total 3 of them, 1 male &amp; 2 female.",
        "beginOffset": -1
      },
      "sentiment": {
        "magnitude": 0,
        "score": 0
      }
    },
    {
      "text": {
        "content": "This is one of the female.",
        "beginOffset": -1
      },
      "sentiment": {
        "magnitude": 0.1,
        "score": 0.1
      }
    },
    {
      "text": {
        "content": "She is now awaiting for someone, who can shower her with love, to adopt her and I hope she can live happily forever with her new owner later.",
        "beginOffset": -1
      },
      "sentiment": {
        "magnitude": 0.7,
        "score": 0.7
      }
    }
  ],
  "tokens": [],
  "entities": [
    {
      "name": "female",
      "type": "PERSON",
      "metadata": {},
      "salience": 0.2748672,
      "mentions": [
        {
          "text": {
            "content": "female",
            "beginOffset": -1
          },
          "type": "COMMON"
        }
      ]
    },
    {
      "name": "puppy",
      "type": "OTHER",
      "metadata": {},
      "salience": 0.22236586,
      "mentions": [
        {
          "text": {
            "content": "puppy",
            "beginOffset": -1
          },
          "type": "COMMON"
        }
      ]
    },
    {
      "name": "house pet",
      "type": "OTHER",
      "metadata": {},
      "salience": 0.22236586,
      "mentions": [
        {
          "text": {
            "content": "house pet",
            "beginOffset": -1
          },
          "type": "COMMON"
        }
      ]
    },
    {
      "name": "one",
      "type": "OTHER",
      "metadata": {},
      "salience": 0.16661865,
      "mentions": [
        {
          "text": {
            "content": "one",
            "beginOffset": -1
          },
          "type": "COMMON"
        }
      ]
    },
    {
      "name": "someone",
      "type": "PERSON",
      "metadata": {},
      "salience": 0.056948345,
      "mentions": [
        {
          "text": {
            "content": "someone",
            "beginOffset": -1
          },
          "type": "COMMON"
        }
      ]
    },
    {
      "name": "female",
      "type": "PERSON",
      "metadata": {},
      "salience": 0.03345252,
      "mentions": [
        {
          "text": {
            "content": "female",
            "beginOffset": -1
          },
          "type": "COMMON"
        }
      ]
    },
    {
      "name": "owner",
      "type": "PERSON",
      "metadata": {},
      "salience": 0.014366301,
      "mentions": [
        {
          "text": {
            "content": "owner",
            "beginOffset": -1
          },
          "type": "COMMON"
        }
      ]
    },
    {
      "name": "love",
      "type": "OTHER",
      "metadata": {},
      "salience": 0.009015267,
      "mentions": [
        {
          "text": {
            "content": "love",
            "beginOffset": -1
          },
          "type": "COMMON"
        }
      ]
    }
  ],
  "documentSentiment": {
    "magnitude": 1.2,
    "score": 0.2
  },
  "language": "en",
  "categories": []
}
