{
  "sentences": [
    {
      "text": {
        "content": "Two lovable pure bred American Cocker Spaniel, father and son.",
        "beginOffset": -1
      },
      "sentiment": {
        "magnitude": 0.8,
        "score": 0.8
      }
    },
    {
      "text": {
        "content": "I would really love for them to be adopted as one as they have always been together in and out.",
        "beginOffset": -1
      },
      "sentiment": {
        "magnitude": 0.7,
        "score": 0.7
      }
    },
    {
      "text": {
        "content": "I have to let them go as I am getting married and my in-laws are not able to accept pets in the house to my utter dismay.",
        "beginOffset": -1
      },
      "sentiment": {
        "magnitude": 0.8,
        "score": -0.8
      }
    },
    {
      "text": {
        "content": "I love both of them dearly.",
        "beginOffset": -1
      },
      "sentiment": {
        "magnitude": 0.8,
        "score": 0.8
      }
    },
    {
      "text": {
        "content": "Please let me know if you have room for both my babies as I really do want them to go to a loving home.",
        "beginOffset": -1
      },
      "sentiment": {
        "magnitude": 0.5,
        "score": 0.5
      }
    },
    {
      "text": {
        "content": "Pure breed American Cocker Spaniel (Father) - About 12 years old - Calm &amp; Tender Behavior - Loves to sit and listen to human voices - Loves water &amp; shower time - Slight ear infection that comes and goes - Has a lump in his chest for years which the doctor has informed me that it is nothing to worry about.",
        "beginOffset": -1
      },
      "sentiment": {
        "magnitude": 0.9,
        "score": 0.9
      }
    },
    {
      "text": {
        "content": "Pure breed American Cocker Spaniel (Son) - About 8 years old - Lovable, Hyper &amp; Attention Seeking Behavior - Loves tummy rubs - Loves water &amp; shower time",
        "beginOffset": -1
      },
      "sentiment": {
        "magnitude": 0.9,
        "score": 0.9
      }
    }
  ],
  "tokens": [],
  "entities": [
    {
      "name": "American Cocker Spaniel",
      "type": "ORGANIZATION",
      "metadata": {
        "mid": "/m/01p2lr",
        "wikipedia_url": "https://en.wikipedia.org/wiki/American_Cocker_Spaniel"
      },
      "salience": 0.66159743,
      "mentions": [
        {
          "text": {
            "content": "American Cocker Spaniel",
            "beginOffset": -1
          },
          "type": "PROPER"
        },
        {
          "text": {
            "content": "American Cocker Spaniel",
            "beginOffset": -1
          },
          "type": "PROPER"
        },
        {
          "text": {
            "content": "American Cocker Spaniel",
            "beginOffset": -1
          },
          "type": "PROPER"
        }
      ]
    },
    {
      "name": "father",
      "type": "PERSON",
      "metadata": {},
      "salience": 0.13445786,
      "mentions": [
        {
          "text": {
            "content": "father",
            "beginOffset": -1
          },
          "type": "COMMON"
        },
        {
          "text": {
            "content": "Father",
            "beginOffset": -1
          },
          "type": "COMMON"
        }
      ]
    },
    {
      "name": "son",
      "type": "PERSON",
      "metadata": {},
      "salience": 0.0535268,
      "mentions": [
        {
          "text": {
            "content": "son",
            "beginOffset": -1
          },
          "type": "COMMON"
        }
      ]
    },
    {
      "name": "one",
      "type": "OTHER",
      "metadata": {},
      "salience": 0.023021545,
      "mentions": [
        {
          "text": {
            "content": "one",
            "beginOffset": -1
          },
          "type": "COMMON"
        }
      ]
    },
    {
      "name": "babies",
      "type": "PERSON",
      "metadata": {},
      "salience": 0.01472866,
      "mentions": [
        {
          "text": {
            "content": "babies",
            "beginOffset": -1
          },
          "type": "COMMON"
        }
      ]
    },
    {
      "name": "lump",
      "type": "OTHER",
      "metadata": {},
      "salience": 0.0143418275,
      "mentions": [
        {
          "text": {
            "content": "lump",
            "beginOffset": -1
          },
          "type": "COMMON"
        }
      ]
    },
    {
      "name": "both",
      "type": "PERSON",
      "metadata": {},
      "salience": 0.007120764,
      "mentions": [
        {
          "text": {
            "content": "both",
            "beginOffset": -1
          },
          "type": "COMMON"
        }
      ]
    },
    {
      "name": "Behavior",
      "type": "OTHER",
      "metadata": {},
      "salience": 0.00619139,
      "mentions": [
        {
          "text": {
            "content": "Behavior",
            "beginOffset": -1
          },
          "type": "COMMON"
        }
      ]
    },
    {
      "name": "Loves",
      "type": "PERSON",
      "metadata": {},
      "salience": 0.00619139,
      "mentions": [
        {
          "text": {
            "content": "Loves",
            "beginOffset": -1
          },
          "type": "COMMON"
        }
      ]
    },
    {
      "name": "breed",
      "type": "OTHER",
      "metadata": {},
      "salience": 0.00619139,
      "mentions": [
        {
          "text": {
            "content": "breed",
            "beginOffset": -1
          },
          "type": "COMMON"
        }
      ]
    },
    {
      "name": "home",
      "type": "LOCATION",
      "metadata": {},
      "salience": 0.0059414026,
      "mentions": [
        {
          "text": {
            "content": "home",
            "beginOffset": -1
          },
          "type": "COMMON"
        }
      ]
    },
    {
      "name": "dismay",
      "type": "OTHER",
      "metadata": {},
      "salience": 0.005905853,
      "mentions": [
        {
          "text": {
            "content": "dismay",
            "beginOffset": -1
          },
          "type": "COMMON"
        }
      ]
    },
    {
      "name": "house",
      "type": "LOCATION",
      "metadata": {},
      "salience": 0.005905853,
      "mentions": [
        {
          "text": {
            "content": "house",
            "beginOffset": -1
          },
          "type": "COMMON"
        }
      ]
    },
    {
      "name": "pets",
      "type": "OTHER",
      "metadata": {},
      "salience": 0.005905853,
      "mentions": [
        {
          "text": {
            "content": "pets",
            "beginOffset": -1
          },
          "type": "COMMON"
        }
      ]
    },
    {
      "name": "room",
      "type": "LOCATION",
      "metadata": {},
      "salience": 0.0058689564,
      "mentions": [
        {
          "text": {
            "content": "room",
            "beginOffset": -1
          },
          "type": "COMMON"
        }
      ]
    },
    {
      "name": "in-laws",
      "type": "OTHER",
      "metadata": {},
      "salience": 0.0057626995,
      "mentions": [
        {
          "text": {
            "content": "in-laws",
            "beginOffset": -1
          },
          "type": "COMMON"
        }
      ]
    },
    {
      "name": "nothing",
      "type": "OTHER",
      "metadata": {},
      "salience": 0.0049313903,
      "mentions": [
        {
          "text": {
            "content": "nothing",
            "beginOffset": -1
          },
          "type": "COMMON"
        }
      ]
    },
    {
      "name": "Son",
      "type": "PERSON",
      "metadata": {},
      "salience": 0.0046599065,
      "mentions": [
        {
          "text": {
            "content": "Son",
            "beginOffset": -1
          },
          "type": "COMMON"
        }
      ]
    },
    {
      "name": "breed",
      "type": "OTHER",
      "metadata": {},
      "salience": 0.0046599065,
      "mentions": [
        {
          "text": {
            "content": "breed",
            "beginOffset": -1
          },
          "type": "COMMON"
        }
      ]
    },
    {
      "name": "doctor",
      "type": "PERSON",
      "metadata": {},
      "salience": 0.0041017695,
      "mentions": [
        {
          "text": {
            "content": "doctor",
            "beginOffset": -1
          },
          "type": "COMMON"
        }
      ]
    },
    {
      "name": "water",
      "type": "OTHER",
      "metadata": {},
      "salience": 0.0034700772,
      "mentions": [
        {
          "text": {
            "content": "water",
            "beginOffset": -1
          },
          "type": "COMMON"
        }
      ]
    },
    {
      "name": "Behavior",
      "type": "OTHER",
      "metadata": {},
      "salience": 0.0032632644,
      "mentions": [
        {
          "text": {
            "content": "Behavior",
            "beginOffset": -1
          },
          "type": "COMMON"
        }
      ]
    },
    {
      "name": "tummy rubs",
      "type": "OTHER",
      "metadata": {},
      "salience": 0.0028666419,
      "mentions": [
        {
          "text": {
            "content": "tummy rubs",
            "beginOffset": -1
          },
          "type": "COMMON"
        }
      ]
    },
    {
      "name": "water",
      "type": "OTHER",
      "metadata": {},
      "salience": 0.0021790138,
      "mentions": [
        {
          "text": {
            "content": "water",
            "beginOffset": -1
          },
          "type": "COMMON"
        }
      ]
    },
    {
      "name": "ear infection",
      "type": "OTHER",
      "metadata": {},
      "salience": 0.0019140001,
      "mentions": [
        {
          "text": {
            "content": "ear infection",
            "beginOffset": -1
          },
          "type": "COMMON"
        }
      ]
    },
    {
      "name": "chest",
      "type": "OTHER",
      "metadata": {},
      "salience": 0.0017998136,
      "mentions": [
        {
          "text": {
            "content": "chest",
            "beginOffset": -1
          },
          "type": "COMMON"
        }
      ]
    },
    {
      "name": "human voices",
      "type": "OTHER",
      "metadata": {},
      "salience": 0.0017998136,
      "mentions": [
        {
          "text": {
            "content": "human voices",
            "beginOffset": -1
          },
          "type": "COMMON"
        }
      ]
    },
    {
      "name": "Hyper & Attention Seeking",
      "type": "OTHER",
      "metadata": {},
      "salience": 0.0016947036,
      "mentions": [
        {
          "text": {
            "content": "Hyper &amp; Attention Seeking",
            "beginOffset": -1
          },
          "type": "PROPER"
        }
      ]
    }
  ],
  "documentSentiment": {
    "magnitude": 5.7,
    "score": 0.5
  },
  "language": "en",
  "categories": []
}
