{
  "sentences": [
    {
      "text": {
        "content": "Lala was rescued from a not very well maintained dog kennels and she was in very bad shape when she first came.",
        "beginOffset": -1
      },
      "sentiment": {
        "magnitude": 0.8,
        "score": -0.8
      }
    },
    {
      "text": {
        "content": "Slowly she became a very social and sensitive dog.",
        "beginOffset": -1
      },
      "sentiment": {
        "magnitude": 0.2,
        "score": 0.2
      }
    },
    {
      "text": {
        "content": "She is very loving and loyal to humans and has very good social skills with other dogs and even small animals such as cats and squirrels.",
        "beginOffset": -1
      },
      "sentiment": {
        "magnitude": 0.9,
        "score": 0.9
      }
    },
    {
      "text": {
        "content": "She is a very good listener and responds well to training.",
        "beginOffset": -1
      },
      "sentiment": {
        "magnitude": 0.9,
        "score": 0.9
      }
    },
    {
      "text": {
        "content": "She loves to do what she is told to make her owner happy.",
        "beginOffset": -1
      },
      "sentiment": {
        "magnitude": 0.8,
        "score": 0.8
      }
    },
    {
      "text": {
        "content": "Very active and loves to go outdoors and responds well with leash and collar training.",
        "beginOffset": -1
      },
      "sentiment": {
        "magnitude": 0.9,
        "score": 0.9
      }
    },
    {
      "text": {
        "content": "Knows how to come, sit, go and to pee in the right place.",
        "beginOffset": -1
      },
      "sentiment": {
        "magnitude": 0.5,
        "score": 0.5
      }
    },
    {
      "text": {
        "content": "She is not a guard dog, she is a family dog that spends most of her time indoors with the family rather than outside snooping around !",
        "beginOffset": -1
      },
      "sentiment": {
        "magnitude": 0.4,
        "score": -0.4
      }
    },
    {
      "text": {
        "content": "If you cannot reach me by phone call please whatsapp me on",
        "beginOffset": -1
      },
      "sentiment": {
        "magnitude": 0.2,
        "score": -0.2
      }
    }
  ],
  "tokens": [],
  "entities": [
    {
      "name": "Lala",
      "type": "PERSON",
      "metadata": {},
      "salience": 0.69777656,
      "mentions": [
        {
          "text": {
            "content": "Lala",
            "beginOffset": -1
          },
          "type": "PROPER"
        }
      ]
    },
    {
      "name": "family dog",
      "type": "PERSON",
      "metadata": {},
      "salience": 0.081908405,
      "mentions": [
        {
          "text": {
            "content": "family dog",
            "beginOffset": -1
          },
          "type": "COMMON"
        }
      ]
    },
    {
      "name": "dog kennels",
      "type": "OTHER",
      "metadata": {},
      "salience": 0.053117584,
      "mentions": [
        {
          "text": {
            "content": "dog kennels",
            "beginOffset": -1
          },
          "type": "COMMON"
        }
      ]
    },
    {
      "name": "shape",
      "type": "OTHER",
      "metadata": {},
      "salience": 0.053117584,
      "mentions": [
        {
          "text": {
            "content": "shape",
            "beginOffset": -1
          },
          "type": "COMMON"
        }
      ]
    },
    {
      "name": "dog",
      "type": "OTHER",
      "metadata": {},
      "salience": 0.013347231,
      "mentions": [
        {
          "text": {
            "content": "dog",
            "beginOffset": -1
          },
          "type": "COMMON"
        }
      ]
    },
    {
      "name": "listener",
      "type": "OTHER",
      "metadata": {},
      "salience": 0.00865143,
      "mentions": [
        {
          "text": {
            "content": "listener",
            "beginOffset": -1
          },
          "type": "COMMON"
        }
      ]
    },
    {
      "name": "guard dog",
      "type": "PERSON",
      "metadata": {},
      "salience": 0.007954074,
      "mentions": [
        {
          "text": {
            "content": "guard dog",
            "beginOffset": -1
          },
          "type": "COMMON"
        }
      ]
    },
    {
      "name": "training",
      "type": "OTHER",
      "metadata": {},
      "salience": 0.0077060624,
      "mentions": [
        {
          "text": {
            "content": "training",
            "beginOffset": -1
          },
          "type": "COMMON"
        }
      ]
    },
    {
      "name": "cats",
      "type": "OTHER",
      "metadata": {},
      "salience": 0.0067140255,
      "mentions": [
        {
          "text": {
            "content": "cats",
            "beginOffset": -1
          },
          "type": "COMMON"
        }
      ]
    },
    {
      "name": "squirrels",
      "type": "OTHER",
      "metadata": {},
      "salience": 0.0067140255,
      "mentions": [
        {
          "text": {
            "content": "squirrels",
            "beginOffset": -1
          },
          "type": "COMMON"
        }
      ]
    },
    {
      "name": "animals",
      "type": "OTHER",
      "metadata": {},
      "salience": 0.0067140255,
      "mentions": [
        {
          "text": {
            "content": "animals",
            "beginOffset": -1
          },
          "type": "COMMON"
        }
      ]
    },
    {
      "name": "dogs",
      "type": "OTHER",
      "metadata": {},
      "salience": 0.0067140255,
      "mentions": [
        {
          "text": {
            "content": "dogs",
            "beginOffset": -1
          },
          "type": "COMMON"
        }
      ]
    },
    {
      "name": "skills",
      "type": "OTHER",
      "metadata": {},
      "salience": 0.0067140255,
      "mentions": [
        {
          "text": {
            "content": "skills",
            "beginOffset": -1
          },
          "type": "COMMON"
        }
      ]
    },
    {
      "name": "humans",
      "type": "PERSON",
      "metadata": {},
      "salience": 0.0067140255,
      "mentions": [
        {
          "text": {
            "content": "humans",
            "beginOffset": -1
          },
          "type": "COMMON"
        }
      ]
    },
    {
      "name": "owner",
      "type": "PERSON",
      "metadata": {},
      "salience": 0.0061992304,
      "mentions": [
        {
          "text": {
            "content": "owner",
            "beginOffset": -1
          },
          "type": "COMMON"
        }
      ]
    },
    {
      "name": "leash",
      "type": "OTHER",
      "metadata": {},
      "salience": 0.0061853947,
      "mentions": [
        {
          "text": {
            "content": "leash",
            "beginOffset": -1
          },
          "type": "COMMON"
        }
      ]
    },
    {
      "name": "collar",
      "type": "OTHER",
      "metadata": {},
      "salience": 0.0061853947,
      "mentions": [
        {
          "text": {
            "content": "collar",
            "beginOffset": -1
          },
          "type": "COMMON"
        }
      ]
    },
    {
      "name": "family",
      "type": "PERSON",
      "metadata": {},
      "salience": 0.005290602,
      "mentions": [
        {
          "text": {
            "content": "family",
            "beginOffset": -1
          },
          "type": "COMMON"
        }
      ]
    },
    {
      "name": "most",
      "type": "OTHER",
      "metadata": {},
      "salience": 0.004648784,
      "mentions": [
        {
          "text": {
            "content": "most",
            "beginOffset": -1
          },
          "type": "COMMON"
        }
      ]
    },
    {
      "name": "phone call",
      "type": "OTHER",
      "metadata": {},
      "salience": 0.003251408,
      "mentions": [
        {
          "text": {
            "content": "phone call",
            "beginOffset": -1
          },
          "type": "COMMON"
        }
      ]
    },
    {
      "name": "training",
      "type": "OTHER",
      "metadata": {},
      "salience": 0.0023317405,
      "mentions": [
        {
          "text": {
            "content": "training",
            "beginOffset": -1
          },
          "type": "COMMON"
        }
      ]
    },
    {
      "name": "place",
      "type": "OTHER",
      "metadata": {},
      "salience": 0.0020443818,
      "mentions": [
        {
          "text": {
            "content": "place",
            "beginOffset": -1
          },
          "type": "COMMON"
        }
      ]
    }
  ],
  "documentSentiment": {
    "magnitude": 6.1,
    "score": 0.3
  },
  "language": "en",
  "categories": []
}
