{
  "sentences": [
    {
      "text": {
        "content": "2 lovely kittens for adoption.Both male.about 2 months.They really need a home urgently.Pls save them!They are very healthy appetite!)Both already know how to use litter box.",
        "beginOffset": -1
      },
      "sentiment": {
        "magnitude": 0.2,
        "score": 0.2
      }
    },
    {
      "text": {
        "content": "I really hope i can help them find a home.",
        "beginOffset": -1
      },
      "sentiment": {
        "magnitude": 0.3,
        "score": 0.3
      }
    },
    {
      "text": {
        "content": "Anyone of u pls help me to share this.I'll keep both precious miaos with me until i find an adopter for them.Both are very human friendly but too bad i cant keep them as i already hav cats and they seem unable to accept' them.",
        "beginOffset": -1
      },
      "sentiment": {
        "magnitude": 0.2,
        "score": 0.2
      }
    },
    {
      "text": {
        "content": "If u are interested to own them?",
        "beginOffset": -1
      },
      "sentiment": {
        "magnitude": 0,
        "score": 0
      }
    },
    {
      "text": {
        "content": "Im ONLY looking for those who willing to adopt BOTH of them ( hope can take 2 please as they cannot be separate..Its good that they got company &amp;they are very easy to take care believe me!",
        "beginOffset": -1
      },
      "sentiment": {
        "magnitude": 0.4,
        "score": 0.4
      }
    },
    {
      "text": {
        "content": "They adapt well to indoor life and can be ur forever company!) ,kindly contact me if u are the right person &amp; thanks so much for ur time to read this.P.S The mother cat(stray cat) ll take away the kittens any time as i only keep them outside my corridor and feed them everyday~",
        "beginOffset": -1
      },
      "sentiment": {
        "magnitude": 0.9,
        "score": 0.9
      }
    }
  ],
  "tokens": [],
  "entities": [
    {
      "name": "kittens",
      "type": "PERSON",
      "metadata": {},
      "salience": 0.3687757,
      "mentions": [
        {
          "text": {
            "content": "kittens",
            "beginOffset": -1
          },
          "type": "COMMON"
        }
      ]
    },
    {
      "name": "Both",
      "type": "OTHER",
      "metadata": {},
      "salience": 0.09359183,
      "mentions": [
        {
          "text": {
            "content": "Both",
            "beginOffset": -1
          },
          "type": "COMMON"
        }
      ]
    },
    {
      "name": "appetite",
      "type": "OTHER",
      "metadata": {},
      "salience": 0.083545305,
      "mentions": [
        {
          "text": {
            "content": "appetite",
            "beginOffset": -1
          },
          "type": "COMMON"
        }
      ]
    },
    {
      "name": "home",
      "type": "LOCATION",
      "metadata": {},
      "salience": 0.07553408,
      "mentions": [
        {
          "text": {
            "content": "home",
            "beginOffset": -1
          },
          "type": "COMMON"
        }
      ]
    },
    {
      "name": "Im",
      "type": "ORGANIZATION",
      "metadata": {},
      "salience": 0.075079955,
      "mentions": [
        {
          "text": {
            "content": "Im",
            "beginOffset": -1
          },
          "type": "PROPER"
        }
      ]
    },
    {
      "name": "Pls",
      "type": "PERSON",
      "metadata": {},
      "salience": 0.06658556,
      "mentions": [
        {
          "text": {
            "content": "Pls",
            "beginOffset": -1
          },
          "type": "COMMON"
        }
      ]
    },
    {
      "name": "hope",
      "type": "OTHER",
      "metadata": {},
      "salience": 0.028764432,
      "mentions": [
        {
          "text": {
            "content": "hope",
            "beginOffset": -1
          },
          "type": "COMMON"
        }
      ]
    },
    {
      "name": "litter box",
      "type": "CONSUMER_GOOD",
      "metadata": {},
      "salience": 0.025595425,
      "mentions": [
        {
          "text": {
            "content": "litter box",
            "beginOffset": -1
          },
          "type": "COMMON"
        }
      ]
    },
    {
      "name": "cats",
      "type": "OTHER",
      "metadata": {},
      "salience": 0.02186662,
      "mentions": [
        {
          "text": {
            "content": "cats",
            "beginOffset": -1
          },
          "type": "COMMON"
        }
      ]
    },
    {
      "name": "home",
      "type": "LOCATION",
      "metadata": {},
      "salience": 0.021801563,
      "mentions": [
        {
          "text": {
            "content": "home",
            "beginOffset": -1
          },
          "type": "COMMON"
        }
      ]
    },
    {
      "name": "kittens",
      "type": "PERSON",
      "metadata": {},
      "salience": 0.020848395,
      "mentions": [
        {
          "text": {
            "content": "kittens",
            "beginOffset": -1
          },
          "type": "COMMON"
        }
      ]
    },
    {
      "name": "Anyone",
      "type": "PERSON",
      "metadata": {},
      "salience": 0.020775571,
      "mentions": [
        {
          "text": {
            "content": "Anyone",
            "beginOffset": -1
          },
          "type": "COMMON"
        }
      ]
    },
    {
      "name": "adopter",
      "type": "OTHER",
      "metadata": {},
      "salience": 0.012892077,
      "mentions": [
        {
          "text": {
            "content": "adopter",
            "beginOffset": -1
          },
          "type": "COMMON"
        }
      ]
    },
    {
      "name": "Both",
      "type": "OTHER",
      "metadata": {},
      "salience": 0.011484016,
      "mentions": [
        {
          "text": {
            "content": "Both",
            "beginOffset": -1
          },
          "type": "COMMON"
        }
      ]
    },
    {
      "name": "this.",
      "type": "OTHER",
      "metadata": {},
      "salience": 0.010931424,
      "mentions": [
        {
          "text": {
            "content": "this.",
            "beginOffset": -1
          },
          "type": "COMMON"
        }
      ]
    },
    {
      "name": "BOTH",
      "type": "OTHER",
      "metadata": {},
      "salience": 0.010866066,
      "mentions": [
        {
          "text": {
            "content": "BOTH",
            "beginOffset": -1
          },
          "type": "COMMON"
        }
      ]
    },
    {
      "name": "company",
      "type": "ORGANIZATION",
      "metadata": {},
      "salience": 0.008073929,
      "mentions": [
        {
          "text": {
            "content": "company",
            "beginOffset": -1
          },
          "type": "COMMON"
        }
      ]
    },
    {
      "name": "miaos",
      "type": "OTHER",
      "metadata": {},
      "salience": 0.0075144023,
      "mentions": [
        {
          "text": {
            "content": "miaos",
            "beginOffset": -1
          },
          "type": "COMMON"
        }
      ]
    },
    {
      "name": "person",
      "type": "PERSON",
      "metadata": {},
      "salience": 0.007269934,
      "mentions": [
        {
          "text": {
            "content": "person",
            "beginOffset": -1
          },
          "type": "COMMON"
        }
      ]
    },
    {
      "name": "thanks",
      "type": "OTHER",
      "metadata": {},
      "salience": 0.0057564615,
      "mentions": [
        {
          "text": {
            "content": "thanks",
            "beginOffset": -1
          },
          "type": "COMMON"
        }
      ]
    },
    {
      "name": "cat",
      "type": "OTHER",
      "metadata": {},
      "salience": 0.004587957,
      "mentions": [
        {
          "text": {
            "content": "cat",
            "beginOffset": -1
          },
          "type": "COMMON"
        }
      ]
    },
    {
      "name": "mother cat",
      "type": "OTHER",
      "metadata": {},
      "salience": 0.004587957,
      "mentions": [
        {
          "text": {
            "content": "mother cat",
            "beginOffset": -1
          },
          "type": "COMMON"
        }
      ]
    },
    {
      "name": "corridor",
      "type": "LOCATION",
      "metadata": {},
      "salience": 0.0040301536,
      "mentions": [
        {
          "text": {
            "content": "corridor",
            "beginOffset": -1
          },
          "type": "COMMON"
        }
      ]
    },
    {
      "name": "care",
      "type": "OTHER",
      "metadata": {},
      "salience": 0.002897722,
      "mentions": [
        {
          "text": {
            "content": "care",
            "beginOffset": -1
          },
          "type": "COMMON"
        }
      ]
    },
    {
      "name": "company",
      "type": "ORGANIZATION",
      "metadata": {},
      "salience": 0.0028814424,
      "mentions": [
        {
          "text": {
            "content": "company",
            "beginOffset": -1
          },
          "type": "COMMON"
        }
      ]
    },
    {
      "name": "life",
      "type": "OTHER",
      "metadata": {},
      "salience": 0.0025252304,
      "mentions": [
        {
          "text": {
            "content": "life",
            "beginOffset": -1
          },
          "type": "COMMON"
        }
      ]
    },
    {
      "name": "&they",
      "type": "OTHER",
      "metadata": {},
      "salience": 0.0009367901,
      "mentions": [
        {
          "text": {
            "content": "&amp;they",
            "beginOffset": -1
          },
          "type": "PROPER"
        }
      ]
    }
  ],
  "documentSentiment": {
    "magnitude": 2.2,
    "score": 0.3
  },
  "language": "en",
  "categories": []
}
