{
  "sentences": [
    {
      "text": {
        "content": "If you're a lover of black cats, here's one little black furball who's looking for a permanent home.",
        "beginOffset": -1
      },
      "sentiment": {
        "magnitude": 0.6,
        "score": 0.6
      }
    },
    {
      "text": {
        "content": "Miko was found together with a litter of kittens outside the management office of a condo.",
        "beginOffset": -1
      },
      "sentiment": {
        "magnitude": 0.2,
        "score": -0.2
      }
    },
    {
      "text": {
        "content": "Miko's brother was adopted.",
        "beginOffset": -1
      },
      "sentiment": {
        "magnitude": 0,
        "score": 0
      }
    },
    {
      "text": {
        "content": "Miko may be shy, cautious and afraid of new people and surroundings at first, but with a little warmth and gentleness to gain his trust, he would soon be comfortable enough to reveal his playful and loving side.",
        "beginOffset": -1
      },
      "sentiment": {
        "magnitude": 0.6,
        "score": 0.6
      }
    },
    {
      "text": {
        "content": "Miko loves playing with paper balls, ribbons and tissue bits.",
        "beginOffset": -1
      },
      "sentiment": {
        "magnitude": 0.9,
        "score": 0.9
      }
    },
    {
      "text": {
        "content": "He would make a good house cat.",
        "beginOffset": -1
      },
      "sentiment": {
        "magnitude": 0.4,
        "score": 0.4
      }
    },
    {
      "text": {
        "content": "Looking for a truly sincere and committed adopter who believes that black cats are heaven-sent.",
        "beginOffset": -1
      },
      "sentiment": {
        "magnitude": 0.9,
        "score": 0.9
      }
    },
    {
      "text": {
        "content": "Please contact me if you are certain that you will be able to give Miko a forever home.",
        "beginOffset": -1
      },
      "sentiment": {
        "magnitude": 0,
        "score": 0
      }
    }
  ],
  "tokens": [],
  "entities": [
    {
      "name": "Miko",
      "type": "PERSON",
      "metadata": {},
      "salience": 0.4141623,
      "mentions": [
        {
          "text": {
            "content": "Miko",
            "beginOffset": -1
          },
          "type": "PROPER"
        },
        {
          "text": {
            "content": "Miko",
            "beginOffset": -1
          },
          "type": "PROPER"
        },
        {
          "text": {
            "content": "Miko",
            "beginOffset": -1
          },
          "type": "PROPER"
        },
        {
          "text": {
            "content": "Miko",
            "beginOffset": -1
          },
          "type": "PROPER"
        },
        {
          "text": {
            "content": "Miko",
            "beginOffset": -1
          },
          "type": "PROPER"
        }
      ]
    },
    {
      "name": "lover",
      "type": "PERSON",
      "metadata": {},
      "salience": 0.18771358,
      "mentions": [
        {
          "text": {
            "content": "lover",
            "beginOffset": -1
          },
          "type": "COMMON"
        }
      ]
    },
    {
      "name": "furball",
      "type": "PERSON",
      "metadata": {},
      "salience": 0.17781599,
      "mentions": [
        {
          "text": {
            "content": "furball",
            "beginOffset": -1
          },
          "type": "COMMON"
        }
      ]
    },
    {
      "name": "cats",
      "type": "OTHER",
      "metadata": {},
      "salience": 0.07296483,
      "mentions": [
        {
          "text": {
            "content": "cats",
            "beginOffset": -1
          },
          "type": "COMMON"
        }
      ]
    },
    {
      "name": "home",
      "type": "LOCATION",
      "metadata": {},
      "salience": 0.025046246,
      "mentions": [
        {
          "text": {
            "content": "home",
            "beginOffset": -1
          },
          "type": "COMMON"
        }
      ]
    },
    {
      "name": "litter",
      "type": "CONSUMER_GOOD",
      "metadata": {},
      "salience": 0.012113628,
      "mentions": [
        {
          "text": {
            "content": "litter",
            "beginOffset": -1
          },
          "type": "COMMON"
        }
      ]
    },
    {
      "name": "kittens",
      "type": "PERSON",
      "metadata": {},
      "salience": 0.012113628,
      "mentions": [
        {
          "text": {
            "content": "kittens",
            "beginOffset": -1
          },
          "type": "COMMON"
        }
      ]
    },
    {
      "name": "management office",
      "type": "LOCATION",
      "metadata": {},
      "salience": 0.012113628,
      "mentions": [
        {
          "text": {
            "content": "management office",
            "beginOffset": -1
          },
          "type": "COMMON"
        }
      ]
    },
    {
      "name": "surroundings",
      "type": "OTHER",
      "metadata": {},
      "salience": 0.008220243,
      "mentions": [
        {
          "text": {
            "content": "surroundings",
            "beginOffset": -1
          },
          "type": "COMMON"
        }
      ]
    },
    {
      "name": "trust",
      "type": "OTHER",
      "metadata": {},
      "salience": 0.008220243,
      "mentions": [
        {
          "text": {
            "content": "trust",
            "beginOffset": -1
          },
          "type": "COMMON"
        }
      ]
    },
    {
      "name": "gentleness",
      "type": "OTHER",
      "metadata": {},
      "salience": 0.008220243,
      "mentions": [
        {
          "text": {
            "content": "gentleness",
            "beginOffset": -1
          },
          "type": "COMMON"
        }
      ]
    },
    {
      "name": "warmth",
      "type": "OTHER",
      "metadata": {},
      "salience": 0.008220243,
      "mentions": [
        {
          "text": {
            "content": "warmth",
            "beginOffset": -1
          },
          "type": "COMMON"
        }
      ]
    },
    {
      "name": "people",
      "type": "PERSON",
      "metadata": {},
      "salience": 0.008220243,
      "mentions": [
        {
          "text": {
            "content": "people",
            "beginOffset": -1
          },
          "type": "COMMON"
        }
      ]
    },
    {
      "name": "condo",
      "type": "LOCATION",
      "metadata": {},
      "salience": 0.008189403,
      "mentions": [
        {
          "text": {
            "content": "condo",
            "beginOffset": -1
          },
          "type": "COMMON"
        }
      ]
    },
    {
      "name": "brother",
      "type": "PERSON",
      "metadata": {},
      "salience": 0.008148829,
      "mentions": [
        {
          "text": {
            "content": "brother",
            "beginOffset": -1
          },
          "type": "COMMON"
        }
      ]
    },
    {
      "name": "side",
      "type": "OTHER",
      "metadata": {},
      "salience": 0.006354706,
      "mentions": [
        {
          "text": {
            "content": "side",
            "beginOffset": -1
          },
          "type": "COMMON"
        }
      ]
    },
    {
      "name": "cats",
      "type": "OTHER",
      "metadata": {},
      "salience": 0.0062758913,
      "mentions": [
        {
          "text": {
            "content": "cats",
            "beginOffset": -1
          },
          "type": "COMMON"
        }
      ]
    },
    {
      "name": "home",
      "type": "LOCATION",
      "metadata": {},
      "salience": 0.003951956,
      "mentions": [
        {
          "text": {
            "content": "home",
            "beginOffset": -1
          },
          "type": "COMMON"
        }
      ]
    },
    {
      "name": "paper balls",
      "type": "OTHER",
      "metadata": {},
      "salience": 0.0024915591,
      "mentions": [
        {
          "text": {
            "content": "paper balls",
            "beginOffset": -1
          },
          "type": "COMMON"
        }
      ]
    },
    {
      "name": "ribbons",
      "type": "OTHER",
      "metadata": {},
      "salience": 0.0024915591,
      "mentions": [
        {
          "text": {
            "content": "ribbons",
            "beginOffset": -1
          },
          "type": "COMMON"
        }
      ]
    },
    {
      "name": "bits",
      "type": "OTHER",
      "metadata": {},
      "salience": 0.0024915591,
      "mentions": [
        {
          "text": {
            "content": "bits",
            "beginOffset": -1
          },
          "type": "COMMON"
        }
      ]
    },
    {
      "name": "tissue",
      "type": "OTHER",
      "metadata": {},
      "salience": 0.0024915591,
      "mentions": [
        {
          "text": {
            "content": "tissue",
            "beginOffset": -1
          },
          "type": "COMMON"
        }
      ]
    },
    {
      "name": "house cat",
      "type": "OTHER",
      "metadata": {},
      "salience": 0.0019679177,
      "mentions": [
        {
          "text": {
            "content": "house cat",
            "beginOffset": -1
          },
          "type": "COMMON"
        }
      ]
    }
  ],
  "documentSentiment": {
    "magnitude": 3.9,
    "score": 0.4
  },
  "language": "en",
  "categories": []
}
