{
  "sentences": [
    {
      "text": {
        "content": "Two handsome boys, Collar &amp; Button, found roaming together at USJ 1 area.",
        "beginOffset": -1
      },
      "sentiment": {
        "magnitude": 0.4,
        "score": 0.4
      }
    },
    {
      "text": {
        "content": "They are both good-looking, friendly and playful.",
        "beginOffset": -1
      },
      "sentiment": {
        "magnitude": 0.9,
        "score": 0.9
      }
    },
    {
      "text": {
        "content": "Collar is the larger and darker coloured male, while Button is the smaller, cream coloured one.",
        "beginOffset": -1
      },
      "sentiment": {
        "magnitude": 0,
        "score": 0
      }
    },
    {
      "text": {
        "content": "Botton is very obvious a Labrador mix.",
        "beginOffset": -1
      },
      "sentiment": {
        "magnitude": 0,
        "score": 0
      }
    },
    {
      "text": {
        "content": "If interested to adopt, please contact Mdm.",
        "beginOffset": -1
      },
      "sentiment": {
        "magnitude": 0,
        "score": 0
      }
    },
    {
      "text": {
        "content": "Jocelyn at.",
        "beginOffset": -1
      },
      "sentiment": {
        "magnitude": 0,
        "score": 0
      }
    },
    {
      "text": {
        "content": "Located at USJ 1, Subang Jaya.",
        "beginOffset": -1
      },
      "sentiment": {
        "magnitude": 0,
        "score": 0
      }
    },
    {
      "text": {
        "content": "Thank you!",
        "beginOffset": -1
      },
      "sentiment": {
        "magnitude": 0.1,
        "score": 0.1
      }
    }
  ],
  "tokens": [],
  "entities": [
    {
      "name": "boys",
      "type": "PERSON",
      "metadata": {},
      "salience": 0.5542816,
      "mentions": [
        {
          "text": {
            "content": "boys",
            "beginOffset": -1
          },
          "type": "COMMON"
        }
      ]
    },
    {
      "name": "Collar & Button",
      "type": "ORGANIZATION",
      "metadata": {},
      "salience": 0.12358147,
      "mentions": [
        {
          "text": {
            "content": "Collar &amp; Button",
            "beginOffset": -1
          },
          "type": "PROPER"
        }
      ]
    },
    {
      "name": "USJ 1",
      "type": "LOCATION",
      "metadata": {
        "mid": "/g/1tmcjr26"
      },
      "salience": 0.10148702,
      "mentions": [
        {
          "text": {
            "content": "USJ 1",
            "beginOffset": -1
          },
          "type": "PROPER"
        },
        {
          "text": {
            "content": "USJ 1",
            "beginOffset": -1
          },
          "type": "PROPER"
        }
      ]
    },
    {
      "name": "area",
      "type": "LOCATION",
      "metadata": {},
      "salience": 0.07169087,
      "mentions": [
        {
          "text": {
            "content": "area",
            "beginOffset": -1
          },
          "type": "COMMON"
        }
      ]
    },
    {
      "name": "Collar",
      "type": "CONSUMER_GOOD",
      "metadata": {},
      "salience": 0.03233435,
      "mentions": [
        {
          "text": {
            "content": "Collar",
            "beginOffset": -1
          },
          "type": "COMMON"
        }
      ]
    },
    {
      "name": "male",
      "type": "PERSON",
      "metadata": {},
      "salience": 0.030606259,
      "mentions": [
        {
          "text": {
            "content": "male",
            "beginOffset": -1
          },
          "type": "COMMON"
        }
      ]
    },
    {
      "name": "Botton",
      "type": "PERSON",
      "metadata": {},
      "salience": 0.0263732,
      "mentions": [
        {
          "text": {
            "content": "Botton",
            "beginOffset": -1
          },
          "type": "COMMON"
        }
      ]
    },
    {
      "name": "Button",
      "type": "OTHER",
      "metadata": {
        "mid": "/m/01s_bn",
        "wikipedia_url": "https://en.wikipedia.org/wiki/Button"
      },
      "salience": 0.019484203,
      "mentions": [
        {
          "text": {
            "content": "Button",
            "beginOffset": -1
          },
          "type": "PROPER"
        }
      ]
    },
    {
      "name": "Mdm",
      "type": "OTHER",
      "metadata": {},
      "salience": 0.009823806,
      "mentions": [
        {
          "text": {
            "content": "Mdm",
            "beginOffset": -1
          },
          "type": "PROPER"
        }
      ]
    },
    {
      "name": "Jocelyn",
      "type": "PERSON",
      "metadata": {},
      "salience": 0.0098018935,
      "mentions": [
        {
          "text": {
            "content": "Jocelyn",
            "beginOffset": -1
          },
          "type": "PROPER"
        }
      ]
    },
    {
      "name": "mix",
      "type": "OTHER",
      "metadata": {},
      "salience": 0.009349477,
      "mentions": [
        {
          "text": {
            "content": "mix",
            "beginOffset": -1
          },
          "type": "COMMON"
        }
      ]
    },
    {
      "name": "Subang Jaya",
      "type": "LOCATION",
      "metadata": {
        "wikipedia_url": "https://en.wikipedia.org/wiki/Subang_Jaya",
        "mid": "/m/054t4_"
      },
      "salience": 0.006856344,
      "mentions": [
        {
          "text": {
            "content": "Subang Jaya",
            "beginOffset": -1
          },
          "type": "PROPER"
        }
      ]
    },
    {
      "name": "Labrador",
      "type": "LOCATION",
      "metadata": {
        "mid": "/m/0km3f",
        "wikipedia_url": "https://en.wikipedia.org/wiki/Labrador_Retriever"
      },
      "salience": 0.0043295147,
      "mentions": [
        {
          "text": {
            "content": "Labrador",
            "beginOffset": -1
          },
          "type": "PROPER"
        }
      ]
    }
  ],
  "documentSentiment": {
    "magnitude": 1.8,
    "score": 0.2
  },
  "language": "en",
  "categories": []
}
