{
  "sentences": [
    {
      "text": {
        "content": "Would anyone be interested to adopt / temporarily foster a female puppy less than 6 months old?",
        "beginOffset": -1
      },
      "sentiment": {
        "magnitude": 0.4,
        "score": -0.4
      }
    },
    {
      "text": {
        "content": "She got her hips dislocated due to an accident and we are currently getting it treated.",
        "beginOffset": -1
      },
      "sentiment": {
        "magnitude": 0,
        "score": 0
      }
    },
    {
      "text": {
        "content": "Medical bills will be covered for and it should be fine after this treatment.",
        "beginOffset": -1
      },
      "sentiment": {
        "magnitude": 0.4,
        "score": 0.4
      }
    },
    {
      "text": {
        "content": "She's a beauty and had been really obedient.",
        "beginOffset": -1
      },
      "sentiment": {
        "magnitude": 0.8,
        "score": 0.8
      }
    },
    {
      "text": {
        "content": "She needs special care for about a month so she does not injurt her hips again.",
        "beginOffset": -1
      },
      "sentiment": {
        "magnitude": 0,
        "score": 0
      }
    },
    {
      "text": {
        "content": "Play pen or cage will do for this puppy until her left hips recover completely.",
        "beginOffset": -1
      },
      "sentiment": {
        "magnitude": 0.2,
        "score": -0.2
      }
    },
    {
      "text": {
        "content": "After that, she should be able to run like a normal puppy.",
        "beginOffset": -1
      },
      "sentiment": {
        "magnitude": 0,
        "score": 0
      }
    }
  ],
  "tokens": [],
  "entities": [
    {
      "name": "anyone",
      "type": "PERSON",
      "metadata": {},
      "salience": 0.647923,
      "mentions": [
        {
          "text": {
            "content": "anyone",
            "beginOffset": -1
          },
          "type": "COMMON"
        }
      ]
    },
    {
      "name": "puppy",
      "type": "OTHER",
      "metadata": {},
      "salience": 0.14376204,
      "mentions": [
        {
          "text": {
            "content": "puppy",
            "beginOffset": -1
          },
          "type": "COMMON"
        }
      ]
    },
    {
      "name": "beauty",
      "type": "OTHER",
      "metadata": {},
      "salience": 0.064637765,
      "mentions": [
        {
          "text": {
            "content": "beauty",
            "beginOffset": -1
          },
          "type": "COMMON"
        }
      ]
    },
    {
      "name": "hips",
      "type": "OTHER",
      "metadata": {},
      "salience": 0.027850576,
      "mentions": [
        {
          "text": {
            "content": "hips",
            "beginOffset": -1
          },
          "type": "COMMON"
        }
      ]
    },
    {
      "name": "accident",
      "type": "EVENT",
      "metadata": {},
      "salience": 0.022374498,
      "mentions": [
        {
          "text": {
            "content": "accident",
            "beginOffset": -1
          },
          "type": "COMMON"
        }
      ]
    },
    {
      "name": "treatment",
      "type": "EVENT",
      "metadata": {},
      "salience": 0.01525692,
      "mentions": [
        {
          "text": {
            "content": "treatment",
            "beginOffset": -1
          },
          "type": "COMMON"
        }
      ]
    },
    {
      "name": "bills",
      "type": "OTHER",
      "metadata": {},
      "salience": 0.015071689,
      "mentions": [
        {
          "text": {
            "content": "bills",
            "beginOffset": -1
          },
          "type": "COMMON"
        }
      ]
    },
    {
      "name": "hips",
      "type": "OTHER",
      "metadata": {},
      "salience": 0.014062608,
      "mentions": [
        {
          "text": {
            "content": "hips",
            "beginOffset": -1
          },
          "type": "COMMON"
        }
      ]
    },
    {
      "name": "puppy",
      "type": "OTHER",
      "metadata": {},
      "salience": 0.013067961,
      "mentions": [
        {
          "text": {
            "content": "puppy",
            "beginOffset": -1
          },
          "type": "COMMON"
        }
      ]
    },
    {
      "name": "care",
      "type": "OTHER",
      "metadata": {},
      "salience": 0.011872911,
      "mentions": [
        {
          "text": {
            "content": "care",
            "beginOffset": -1
          },
          "type": "COMMON"
        }
      ]
    },
    {
      "name": "puppy",
      "type": "OTHER",
      "metadata": {},
      "salience": 0.0091450885,
      "mentions": [
        {
          "text": {
            "content": "puppy",
            "beginOffset": -1
          },
          "type": "COMMON"
        }
      ]
    },
    {
      "name": "hips",
      "type": "OTHER",
      "metadata": {},
      "salience": 0.005761214,
      "mentions": [
        {
          "text": {
            "content": "hips",
            "beginOffset": -1
          },
          "type": "COMMON"
        }
      ]
    },
    {
      "name": "pen",
      "type": "OTHER",
      "metadata": {},
      "salience": 0.0046068593,
      "mentions": [
        {
          "text": {
            "content": "pen",
            "beginOffset": -1
          },
          "type": "COMMON"
        }
      ]
    },
    {
      "name": "cage",
      "type": "OTHER",
      "metadata": {},
      "salience": 0.0046068593,
      "mentions": [
        {
          "text": {
            "content": "cage",
            "beginOffset": -1
          },
          "type": "COMMON"
        }
      ]
    }
  ],
  "documentSentiment": {
    "magnitude": 2.1,
    "score": 0
  },
  "language": "en",
  "categories": []
}
