{
  "sentences": [
    {
      "text": {
        "content": "ONLY FOR KL RESIDENTS Pepper is a very adorable doggie.",
        "beginOffset": -1
      },
      "sentiment": {
        "magnitude": 0.9,
        "score": 0.9
      }
    },
    {
      "text": {
        "content": "She is very active, loves going for walks and will jump straight into your arms for a hug.",
        "beginOffset": -1
      },
      "sentiment": {
        "magnitude": 0.9,
        "score": 0.9
      }
    },
    {
      "text": {
        "content": "She is debarked by her previous owner.",
        "beginOffset": -1
      },
      "sentiment": {
        "magnitude": 0,
        "score": 0
      }
    },
    {
      "text": {
        "content": "Very good natured and affectionate, and doesn't even try to yap.",
        "beginOffset": -1
      },
      "sentiment": {
        "magnitude": 0.8,
        "score": 0.8
      }
    },
    {
      "text": {
        "content": "MUST BE INDOORS, no caging or tying up.",
        "beginOffset": -1
      },
      "sentiment": {
        "magnitude": 0.1,
        "score": -0.1
      }
    },
    {
      "text": {
        "content": "She is NOT TOILET TRAINED, adopter must have the patience to train her and not throw her outdoors.",
        "beginOffset": -1
      },
      "sentiment": {
        "magnitude": 0.6,
        "score": 0.6
      }
    },
    {
      "text": {
        "content": "Weighs about 5 kgs.",
        "beginOffset": -1
      },
      "sentiment": {
        "magnitude": 0.2,
        "score": 0.2
      }
    },
    {
      "text": {
        "content": "Please call or email, with details about yourself and where you stay.",
        "beginOffset": -1
      },
      "sentiment": {
        "magnitude": 0,
        "score": 0
      }
    }
  ],
  "tokens": [],
  "entities": [
    {
      "name": "RESIDENTS Pepper",
      "type": "OTHER",
      "metadata": {},
      "salience": 0.72386557,
      "mentions": [
        {
          "text": {
            "content": "RESIDENTS Pepper",
            "beginOffset": -1
          },
          "type": "PROPER"
        },
        {
          "text": {
            "content": "doggie",
            "beginOffset": -1
          },
          "type": "COMMON"
        }
      ]
    },
    {
      "name": "walks",
      "type": "OTHER",
      "metadata": {},
      "salience": 0.04848015,
      "mentions": [
        {
          "text": {
            "content": "walks",
            "beginOffset": -1
          },
          "type": "COMMON"
        }
      ]
    },
    {
      "name": "email",
      "type": "OTHER",
      "metadata": {},
      "salience": 0.040310968,
      "mentions": [
        {
          "text": {
            "content": "email",
            "beginOffset": -1
          },
          "type": "COMMON"
        }
      ]
    },
    {
      "name": "yap",
      "type": "OTHER",
      "metadata": {},
      "salience": 0.03297525,
      "mentions": [
        {
          "text": {
            "content": "yap",
            "beginOffset": -1
          },
          "type": "COMMON"
        }
      ]
    },
    {
      "name": "arms",
      "type": "OTHER",
      "metadata": {},
      "salience": 0.032852143,
      "mentions": [
        {
          "text": {
            "content": "arms",
            "beginOffset": -1
          },
          "type": "COMMON"
        }
      ]
    },
    {
      "name": "hug",
      "type": "OTHER",
      "metadata": {},
      "salience": 0.032852143,
      "mentions": [
        {
          "text": {
            "content": "hug",
            "beginOffset": -1
          },
          "type": "COMMON"
        }
      ]
    },
    {
      "name": "owner",
      "type": "PERSON",
      "metadata": {},
      "salience": 0.032690175,
      "mentions": [
        {
          "text": {
            "content": "owner",
            "beginOffset": -1
          },
          "type": "COMMON"
        }
      ]
    },
    {
      "name": "caging",
      "type": "OTHER",
      "metadata": {},
      "salience": 0.030194994,
      "mentions": [
        {
          "text": {
            "content": "caging",
            "beginOffset": -1
          },
          "type": "COMMON"
        }
      ]
    },
    {
      "name": "details",
      "type": "OTHER",
      "metadata": {},
      "salience": 0.015893867,
      "mentions": [
        {
          "text": {
            "content": "details",
            "beginOffset": -1
          },
          "type": "COMMON"
        }
      ]
    },
    {
      "name": "patience",
      "type": "OTHER",
      "metadata": {},
      "salience": 0.009884747,
      "mentions": [
        {
          "text": {
            "content": "patience",
            "beginOffset": -1
          },
          "type": "COMMON"
        }
      ]
    }
  ],
  "documentSentiment": {
    "magnitude": 3.8,
    "score": 0.4
  },
  "language": "en",
  "categories": []
}
