{
  "sentences": [
    {
      "text": {
        "content": "A group of veterinary students has found this injured puppy from UPNM and currently taking care of him.",
        "beginOffset": -1
      },
      "sentiment": {
        "magnitude": 0.2,
        "score": 0.2
      }
    },
    {
      "text": {
        "content": "Whitey was found with multiple maggot wounds, emaciated and was infested with flea.",
        "beginOffset": -1
      },
      "sentiment": {
        "magnitude": 0.9,
        "score": -0.9
      }
    },
    {
      "text": {
        "content": "After 2 weeks of nursing care and wound cleaning, whitey has transformed into a happy and active puppy.",
        "beginOffset": -1
      },
      "sentiment": {
        "magnitude": 0.9,
        "score": 0.9
      }
    },
    {
      "text": {
        "content": "We sincerely hope to get an adopter who is willing to take care of Whitey as he still need daily wound cleaning in order for his wound to heal completely.",
        "beginOffset": -1
      },
      "sentiment": {
        "magnitude": 0.6,
        "score": 0.6
      }
    }
  ],
  "tokens": [],
  "entities": [
    {
      "name": "Whitey",
      "type": "PERSON",
      "metadata": {},
      "salience": 0.23809384,
      "mentions": [
        {
          "text": {
            "content": "Whitey",
            "beginOffset": -1
          },
          "type": "PROPER"
        },
        {
          "text": {
            "content": "Whitey",
            "beginOffset": -1
          },
          "type": "PROPER"
        }
      ]
    },
    {
      "name": "group",
      "type": "PERSON",
      "metadata": {},
      "salience": 0.1793206,
      "mentions": [
        {
          "text": {
            "content": "group",
            "beginOffset": -1
          },
          "type": "COMMON"
        }
      ]
    },
    {
      "name": "puppy",
      "type": "OTHER",
      "metadata": {},
      "salience": 0.14572544,
      "mentions": [
        {
          "text": {
            "content": "puppy",
            "beginOffset": -1
          },
          "type": "COMMON"
        }
      ]
    },
    {
      "name": "students",
      "type": "PERSON",
      "metadata": {},
      "salience": 0.12921886,
      "mentions": [
        {
          "text": {
            "content": "students",
            "beginOffset": -1
          },
          "type": "COMMON"
        }
      ]
    },
    {
      "name": "care",
      "type": "OTHER",
      "metadata": {},
      "salience": 0.07299216,
      "mentions": [
        {
          "text": {
            "content": "care",
            "beginOffset": -1
          },
          "type": "COMMON"
        }
      ]
    },
    {
      "name": "UPNM",
      "type": "ORGANIZATION",
      "metadata": {
        "mid": "/m/047q4g_",
        "wikipedia_url": "https://en.wikipedia.org/wiki/National_Defence_University_of_Malaysia"
      },
      "salience": 0.030500468,
      "mentions": [
        {
          "text": {
            "content": "UPNM",
            "beginOffset": -1
          },
          "type": "PROPER"
        }
      ]
    },
    {
      "name": "wound",
      "type": "OTHER",
      "metadata": {},
      "salience": 0.022641597,
      "mentions": [
        {
          "text": {
            "content": "wound",
            "beginOffset": -1
          },
          "type": "COMMON"
        }
      ]
    },
    {
      "name": "maggot wounds",
      "type": "OTHER",
      "metadata": {},
      "salience": 0.022478394,
      "mentions": [
        {
          "text": {
            "content": "maggot wounds",
            "beginOffset": -1
          },
          "type": "COMMON"
        }
      ]
    },
    {
      "name": "nursing care",
      "type": "OTHER",
      "metadata": {},
      "salience": 0.021097768,
      "mentions": [
        {
          "text": {
            "content": "nursing care",
            "beginOffset": -1
          },
          "type": "COMMON"
        }
      ]
    },
    {
      "name": "whitey",
      "type": "OTHER",
      "metadata": {},
      "salience": 0.020094447,
      "mentions": [
        {
          "text": {
            "content": "whitey",
            "beginOffset": -1
          },
          "type": "COMMON"
        }
      ]
    },
    {
      "name": "adopter",
      "type": "PERSON",
      "metadata": {},
      "salience": 0.020065604,
      "mentions": [
        {
          "text": {
            "content": "adopter",
            "beginOffset": -1
          },
          "type": "COMMON"
        }
      ]
    },
    {
      "name": "cleaning",
      "type": "EVENT",
      "metadata": {},
      "salience": 0.019260103,
      "mentions": [
        {
          "text": {
            "content": "cleaning",
            "beginOffset": -1
          },
          "type": "COMMON"
        }
      ]
    },
    {
      "name": "puppy",
      "type": "OTHER",
      "metadata": {},
      "salience": 0.01768417,
      "mentions": [
        {
          "text": {
            "content": "puppy",
            "beginOffset": -1
          },
          "type": "COMMON"
        }
      ]
    },
    {
      "name": "flea",
      "type": "OTHER",
      "metadata": {},
      "salience": 0.0170201,
      "mentions": [
        {
          "text": {
            "content": "flea",
            "beginOffset": -1
          },
          "type": "COMMON"
        }
      ]
    },
    {
      "name": "care",
      "type": "OTHER",
      "metadata": {},
      "salience": 0.01667641,
      "mentions": [
        {
          "text": {
            "content": "care",
            "beginOffset": -1
          },
          "type": "COMMON"
        }
      ]
    },
    {
      "name": "wound",
      "type": "OTHER",
      "metadata": {},
      "salience": 0.010977441,
      "mentions": [
        {
          "text": {
            "content": "wound",
            "beginOffset": -1
          },
          "type": "COMMON"
        }
      ]
    },
    {
      "name": "order",
      "type": "OTHER",
      "metadata": {},
      "salience": 0.008198016,
      "mentions": [
        {
          "text": {
            "content": "order",
            "beginOffset": -1
          },
          "type": "COMMON"
        }
      ]
    },
    {
      "name": "wound cleaning",
      "type": "EVENT",
      "metadata": {},
      "salience": 0.007954579,
      "mentions": [
        {
          "text": {
            "content": "wound cleaning",
            "beginOffset": -1
          },
          "type": "COMMON"
        }
      ]
    }
  ],
  "documentSentiment": {
    "magnitude": 2.7,
    "score": 0.2
  },
  "language": "en",
  "categories": []
}
