{
  "sentences": [
    {
      "text": {
        "content": "Rose is a gorgeous puppy, very smart and playful.",
        "beginOffset": -1
      },
      "sentiment": {
        "magnitude": 0.9,
        "score": 0.9
      }
    },
    {
      "text": {
        "content": "Her owner wants to find a new home for her due to work committment.",
        "beginOffset": -1
      },
      "sentiment": {
        "magnitude": 0.1,
        "score": -0.1
      }
    },
    {
      "text": {
        "content": "Adopter must be able to spend time with her, walk her daily, no caging and tying up.",
        "beginOffset": -1
      },
      "sentiment": {
        "magnitude": 0.3,
        "score": -0.3
      }
    }
  ],
  "tokens": [],
  "entities": [
    {
      "name": "Rose",
      "type": "PERSON",
      "metadata": {},
      "salience": 0.52020276,
      "mentions": [
        {
          "text": {
            "content": "Rose",
            "beginOffset": -1
          },
          "type": "PROPER"
        }
      ]
    },
    {
      "name": "puppy",
      "type": "OTHER",
      "metadata": {},
      "salience": 0.2264066,
      "mentions": [
        {
          "text": {
            "content": "puppy",
            "beginOffset": -1
          },
          "type": "COMMON"
        }
      ]
    },
    {
      "name": "Adopter",
      "type": "PERSON",
      "metadata": {},
      "salience": 0.13435705,
      "mentions": [
        {
          "text": {
            "content": "Adopter",
            "beginOffset": -1
          },
          "type": "COMMON"
        }
      ]
    },
    {
      "name": "home",
      "type": "LOCATION",
      "metadata": {},
      "salience": 0.039673503,
      "mentions": [
        {
          "text": {
            "content": "home",
            "beginOffset": -1
          },
          "type": "COMMON"
        }
      ]
    },
    {
      "name": "owner",
      "type": "PERSON",
      "metadata": {},
      "salience": 0.02542138,
      "mentions": [
        {
          "text": {
            "content": "owner",
            "beginOffset": -1
          },
          "type": "COMMON"
        }
      ]
    },
    {
      "name": "committment",
      "type": "OTHER",
      "metadata": {},
      "salience": 0.023641586,
      "mentions": [
        {
          "text": {
            "content": "committment",
            "beginOffset": -1
          },
          "type": "COMMON"
        }
      ]
    },
    {
      "name": "daily",
      "type": "OTHER",
      "metadata": {},
      "salience": 0.017797112,
      "mentions": [
        {
          "text": {
            "content": "daily",
            "beginOffset": -1
          },
          "type": "COMMON"
        }
      ]
    },
    {
      "name": "caging",
      "type": "OTHER",
      "metadata": {},
      "salience": 0.0125,
      "mentions": [
        {
          "text": {
            "content": "caging",
            "beginOffset": -1
          },
          "type": "COMMON"
        }
      ]
    }
  ],
  "documentSentiment": {
    "magnitude": 1.4,
    "score": 0.1
  },
  "language": "en",
  "categories": []
}
