{
  "sentences": [
    {
      "text": {
        "content": "Looking for a loving home for a female kitten that was found abandoned in the back alley.",
        "beginOffset": -1
      },
      "sentiment": {
        "magnitude": 0,
        "score": 0
      }
    },
    {
      "text": {
        "content": "She is in healthy condition without any physical disabilities, and has a beautiful long tail.",
        "beginOffset": -1
      },
      "sentiment": {
        "magnitude": 0.7,
        "score": 0.7
      }
    },
    {
      "text": {
        "content": "She is very playful and bonds easily with humans.",
        "beginOffset": -1
      },
      "sentiment": {
        "magnitude": 0.8,
        "score": 0.8
      }
    },
    {
      "text": {
        "content": "Though she will snarl at strangers, she opens up quickly and begins to meow and purr lovingly seeking for attention.",
        "beginOffset": -1
      },
      "sentiment": {
        "magnitude": 0.9,
        "score": 0.9
      }
    },
    {
      "text": {
        "content": "She plays with other animals as well.",
        "beginOffset": -1
      },
      "sentiment": {
        "magnitude": 0.1,
        "score": 0.1
      }
    },
    {
      "text": {
        "content": "Has experience mixing with a medium sized dog, older cats, and other kittens.",
        "beginOffset": -1
      },
      "sentiment": {
        "magnitude": 0.5,
        "score": 0.5
      }
    },
    {
      "text": {
        "content": "Looking for responsible and loving adopters to provide a home for her.",
        "beginOffset": -1
      },
      "sentiment": {
        "magnitude": 0.9,
        "score": 0.9
      }
    },
    {
      "text": {
        "content": "Please bear in mind that keeping a pet is a serious responsibility, therefore, please think it through before deciding to adopt her.",
        "beginOffset": -1
      },
      "sentiment": {
        "magnitude": 0.1,
        "score": 0.1
      }
    },
    {
      "text": {
        "content": "We hope she will grow up healthy and happy instead of being left in the streets in the future.",
        "beginOffset": -1
      },
      "sentiment": {
        "magnitude": 0.8,
        "score": 0.8
      }
    },
    {
      "text": {
        "content": "*Note: Please contact me via e-mail temporarily while I update my contact details.",
        "beginOffset": -1
      },
      "sentiment": {
        "magnitude": 0.1,
        "score": -0.1
      }
    },
    {
      "text": {
        "content": "I will respond to all e-mails in a timely manner.",
        "beginOffset": -1
      },
      "sentiment": {
        "magnitude": 0.5,
        "score": 0.5
      }
    },
    {
      "text": {
        "content": "Thanks.",
        "beginOffset": -1
      },
      "sentiment": {
        "magnitude": 0.1,
        "score": 0.1
      }
    }
  ],
  "tokens": [],
  "entities": [
    {
      "name": "kitten",
      "type": "PERSON",
      "metadata": {},
      "salience": 0.65983695,
      "mentions": [
        {
          "text": {
            "content": "kitten",
            "beginOffset": -1
          },
          "type": "COMMON"
        }
      ]
    },
    {
      "name": "home",
      "type": "LOCATION",
      "metadata": {},
      "salience": 0.13288695,
      "mentions": [
        {
          "text": {
            "content": "home",
            "beginOffset": -1
          },
          "type": "COMMON"
        }
      ]
    },
    {
      "name": "alley",
      "type": "OTHER",
      "metadata": {},
      "salience": 0.04910424,
      "mentions": [
        {
          "text": {
            "content": "alley",
            "beginOffset": -1
          },
          "type": "COMMON"
        }
      ]
    },
    {
      "name": "condition",
      "type": "OTHER",
      "metadata": {},
      "salience": 0.024033377,
      "mentions": [
        {
          "text": {
            "content": "condition",
            "beginOffset": -1
          },
          "type": "COMMON"
        }
      ]
    },
    {
      "name": "pet",
      "type": "OTHER",
      "metadata": {},
      "salience": 0.010237375,
      "mentions": [
        {
          "text": {
            "content": "pet",
            "beginOffset": -1
          },
          "type": "COMMON"
        }
      ]
    },
    {
      "name": "disabilities",
      "type": "OTHER",
      "metadata": {},
      "salience": 0.009192871,
      "mentions": [
        {
          "text": {
            "content": "disabilities",
            "beginOffset": -1
          },
          "type": "COMMON"
        }
      ]
    },
    {
      "name": "tail",
      "type": "OTHER",
      "metadata": {},
      "salience": 0.009192871,
      "mentions": [
        {
          "text": {
            "content": "tail",
            "beginOffset": -1
          },
          "type": "COMMON"
        }
      ]
    },
    {
      "name": "bonds",
      "type": "OTHER",
      "metadata": {},
      "salience": 0.009147408,
      "mentions": [
        {
          "text": {
            "content": "bonds",
            "beginOffset": -1
          },
          "type": "COMMON"
        }
      ]
    },
    {
      "name": "humans",
      "type": "PERSON",
      "metadata": {},
      "salience": 0.009147408,
      "mentions": [
        {
          "text": {
            "content": "humans",
            "beginOffset": -1
          },
          "type": "COMMON"
        }
      ]
    },
    {
      "name": "kittens",
      "type": "PERSON",
      "metadata": {},
      "salience": 0.007061243,
      "mentions": [
        {
          "text": {
            "content": "kittens",
            "beginOffset": -1
          },
          "type": "COMMON"
        }
      ]
    },
    {
      "name": "animals",
      "type": "OTHER",
      "metadata": {},
      "salience": 0.006219503,
      "mentions": [
        {
          "text": {
            "content": "animals",
            "beginOffset": -1
          },
          "type": "COMMON"
        }
      ]
    },
    {
      "name": "cats",
      "type": "OTHER",
      "metadata": {},
      "salience": 0.0062056202,
      "mentions": [
        {
          "text": {
            "content": "cats",
            "beginOffset": -1
          },
          "type": "COMMON"
        }
      ]
    },
    {
      "name": "dog",
      "type": "OTHER",
      "metadata": {},
      "salience": 0.0062056202,
      "mentions": [
        {
          "text": {
            "content": "dog",
            "beginOffset": -1
          },
          "type": "COMMON"
        }
      ]
    },
    {
      "name": "experience",
      "type": "OTHER",
      "metadata": {},
      "salience": 0.0062056202,
      "mentions": [
        {
          "text": {
            "content": "experience",
            "beginOffset": -1
          },
          "type": "COMMON"
        }
      ]
    },
    {
      "name": "attention",
      "type": "OTHER",
      "metadata": {},
      "salience": 0.006160564,
      "mentions": [
        {
          "text": {
            "content": "attention",
            "beginOffset": -1
          },
          "type": "COMMON"
        }
      ]
    },
    {
      "name": "strangers",
      "type": "PERSON",
      "metadata": {},
      "salience": 0.006160564,
      "mentions": [
        {
          "text": {
            "content": "strangers",
            "beginOffset": -1
          },
          "type": "COMMON"
        }
      ]
    },
    {
      "name": "adopters",
      "type": "PERSON",
      "metadata": {},
      "salience": 0.0056845476,
      "mentions": [
        {
          "text": {
            "content": "adopters",
            "beginOffset": -1
          },
          "type": "COMMON"
        }
      ]
    },
    {
      "name": "mind",
      "type": "OTHER",
      "metadata": {},
      "salience": 0.005675248,
      "mentions": [
        {
          "text": {
            "content": "mind",
            "beginOffset": -1
          },
          "type": "COMMON"
        }
      ]
    },
    {
      "name": "home",
      "type": "LOCATION",
      "metadata": {},
      "salience": 0.0049392567,
      "mentions": [
        {
          "text": {
            "content": "home",
            "beginOffset": -1
          },
          "type": "COMMON"
        }
      ]
    },
    {
      "name": "streets",
      "type": "LOCATION",
      "metadata": {},
      "salience": 0.0042737024,
      "mentions": [
        {
          "text": {
            "content": "streets",
            "beginOffset": -1
          },
          "type": "COMMON"
        }
      ]
    },
    {
      "name": "Note",
      "type": "OTHER",
      "metadata": {},
      "salience": 0.0042681787,
      "mentions": [
        {
          "text": {
            "content": "Note",
            "beginOffset": -1
          },
          "type": "COMMON"
        }
      ]
    },
    {
      "name": "e-mail",
      "type": "OTHER",
      "metadata": {},
      "salience": 0.0034025337,
      "mentions": [
        {
          "text": {
            "content": "e-mail",
            "beginOffset": -1
          },
          "type": "COMMON"
        }
      ]
    },
    {
      "name": "e-mails",
      "type": "WORK_OF_ART",
      "metadata": {},
      "salience": 0.003398552,
      "mentions": [
        {
          "text": {
            "content": "e-mails",
            "beginOffset": -1
          },
          "type": "COMMON"
        }
      ]
    },
    {
      "name": "contact details",
      "type": "OTHER",
      "metadata": {},
      "salience": 0.0029891697,
      "mentions": [
        {
          "text": {
            "content": "contact details",
            "beginOffset": -1
          },
          "type": "COMMON"
        }
      ]
    },
    {
      "name": "manner",
      "type": "OTHER",
      "metadata": {},
      "salience": 0.0029856707,
      "mentions": [
        {
          "text": {
            "content": "manner",
            "beginOffset": -1
          },
          "type": "COMMON"
        }
      ]
    },
    {
      "name": "Thanks",
      "type": "OTHER",
      "metadata": {},
      "salience": 0.00298248,
      "mentions": [
        {
          "text": {
            "content": "Thanks",
            "beginOffset": -1
          },
          "type": "COMMON"
        }
      ]
    },
    {
      "name": "responsibility",
      "type": "OTHER",
      "metadata": {},
      "salience": 0.0024024576,
      "mentions": [
        {
          "text": {
            "content": "responsibility",
            "beginOffset": -1
          },
          "type": "COMMON"
        }
      ]
    }
  ],
  "documentSentiment": {
    "magnitude": 5.9,
    "score": 0.4
  },
  "language": "en",
  "categories": []
}
