{
  "sentences": [
    {
      "text": {
        "content": "Two extremely cute kittens dumped behind our shop in Seremban 2.",
        "beginOffset": -1
      },
      "sentiment": {
        "magnitude": 0.6,
        "score": 0.6
      }
    },
    {
      "text": {
        "content": "No idea of gender.",
        "beginOffset": -1
      },
      "sentiment": {
        "magnitude": 0.3,
        "score": -0.3
      }
    },
    {
      "text": {
        "content": "Currently being looked after by the shopkeepers around the area as I can't take them home because no more space (7 cats in the house already).",
        "beginOffset": -1
      },
      "sentiment": {
        "magnitude": 0.2,
        "score": -0.2
      }
    },
    {
      "text": {
        "content": "Please whatsapp me if interested.",
        "beginOffset": -1
      },
      "sentiment": {
        "magnitude": 0.1,
        "score": 0.1
      }
    }
  ],
  "tokens": [],
  "entities": [
    {
      "name": "kittens",
      "type": "PERSON",
      "metadata": {},
      "salience": 0.3530196,
      "mentions": [
        {
          "text": {
            "content": "kittens",
            "beginOffset": -1
          },
          "type": "COMMON"
        }
      ]
    },
    {
      "name": "shop",
      "type": "LOCATION",
      "metadata": {},
      "salience": 0.16273995,
      "mentions": [
        {
          "text": {
            "content": "shop",
            "beginOffset": -1
          },
          "type": "COMMON"
        }
      ]
    },
    {
      "name": "shopkeepers",
      "type": "PERSON",
      "metadata": {},
      "salience": 0.1483786,
      "mentions": [
        {
          "text": {
            "content": "shopkeepers",
            "beginOffset": -1
          },
          "type": "COMMON"
        }
      ]
    },
    {
      "name": "Seremban 2",
      "type": "LOCATION",
      "metadata": {
        "wikipedia_url": "https://en.wikipedia.org/wiki/Seremban_2",
        "mid": "/m/0cz8tzy"
      },
      "salience": 0.08667177,
      "mentions": [
        {
          "text": {
            "content": "Seremban 2",
            "beginOffset": -1
          },
          "type": "PROPER"
        }
      ]
    },
    {
      "name": "idea",
      "type": "OTHER",
      "metadata": {},
      "salience": 0.0707167,
      "mentions": [
        {
          "text": {
            "content": "idea",
            "beginOffset": -1
          },
          "type": "COMMON"
        }
      ]
    },
    {
      "name": "area",
      "type": "LOCATION",
      "metadata": {},
      "salience": 0.04839349,
      "mentions": [
        {
          "text": {
            "content": "area",
            "beginOffset": -1
          },
          "type": "COMMON"
        }
      ]
    },
    {
      "name": "gender",
      "type": "OTHER",
      "metadata": {},
      "salience": 0.048045993,
      "mentions": [
        {
          "text": {
            "content": "gender",
            "beginOffset": -1
          },
          "type": "COMMON"
        }
      ]
    },
    {
      "name": "cats",
      "type": "OTHER",
      "metadata": {},
      "salience": 0.03360869,
      "mentions": [
        {
          "text": {
            "content": "cats",
            "beginOffset": -1
          },
          "type": "COMMON"
        }
      ]
    },
    {
      "name": "house",
      "type": "LOCATION",
      "metadata": {},
      "salience": 0.03360869,
      "mentions": [
        {
          "text": {
            "content": "house",
            "beginOffset": -1
          },
          "type": "COMMON"
        }
      ]
    },
    {
      "name": "space",
      "type": "LOCATION",
      "metadata": {},
      "salience": 0.014816541,
      "mentions": [
        {
          "text": {
            "content": "space",
            "beginOffset": -1
          },
          "type": "COMMON"
        }
      ]
    }
  ],
  "documentSentiment": {
    "magnitude": 1.4,
    "score": 0
  },
  "language": "en",
  "categories": []
}
