{
  "sentences": [
    {
      "text": {
        "content": "a very friendly and naughty girl she is.",
        "beginOffset": -1
      },
      "sentiment": {
        "magnitude": 0.7,
        "score": 0.7
      }
    },
    {
      "text": {
        "content": "just 1 month old and should be vaccinated in the second month.",
        "beginOffset": -1
      },
      "sentiment": {
        "magnitude": 0,
        "score": 0
      }
    },
    {
      "text": {
        "content": "we rescued her from the streets and there wont be fees for adoption fees but any donations are encouraged for our mercy shelter located in perai( we are rescuers and running a shelter with 80 dogs).",
        "beginOffset": -1
      },
      "sentiment": {
        "magnitude": 0.4,
        "score": 0.4
      }
    }
  ],
  "tokens": [],
  "entities": [
    {
      "name": "rescuers",
      "type": "PERSON",
      "metadata": {},
      "salience": 0.40559447,
      "mentions": [
        {
          "text": {
            "content": "rescuers",
            "beginOffset": -1
          },
          "type": "COMMON"
        }
      ]
    },
    {
      "name": "girl",
      "type": "PERSON",
      "metadata": {},
      "salience": 0.38673797,
      "mentions": [
        {
          "text": {
            "content": "girl",
            "beginOffset": -1
          },
          "type": "COMMON"
        }
      ]
    },
    {
      "name": "fees",
      "type": "OTHER",
      "metadata": {},
      "salience": 0.042723306,
      "mentions": [
        {
          "text": {
            "content": "fees",
            "beginOffset": -1
          },
          "type": "COMMON"
        }
      ]
    },
    {
      "name": "adoption fees",
      "type": "OTHER",
      "metadata": {},
      "salience": 0.03476912,
      "mentions": [
        {
          "text": {
            "content": "adoption fees",
            "beginOffset": -1
          },
          "type": "COMMON"
        }
      ]
    },
    {
      "name": "streets",
      "type": "LOCATION",
      "metadata": {},
      "salience": 0.033305444,
      "mentions": [
        {
          "text": {
            "content": "streets",
            "beginOffset": -1
          },
          "type": "COMMON"
        }
      ]
    },
    {
      "name": "donations",
      "type": "OTHER",
      "metadata": {},
      "salience": 0.030589271,
      "mentions": [
        {
          "text": {
            "content": "donations",
            "beginOffset": -1
          },
          "type": "COMMON"
        }
      ]
    },
    {
      "name": "perai",
      "type": "LOCATION",
      "metadata": {},
      "salience": 0.023115534,
      "mentions": [
        {
          "text": {
            "content": "perai",
            "beginOffset": -1
          },
          "type": "COMMON"
        }
      ]
    },
    {
      "name": "dogs",
      "type": "OTHER",
      "metadata": {},
      "salience": 0.016219236,
      "mentions": [
        {
          "text": {
            "content": "dogs",
            "beginOffset": -1
          },
          "type": "COMMON"
        }
      ]
    },
    {
      "name": "shelter",
      "type": "LOCATION",
      "metadata": {},
      "salience": 0.015358187,
      "mentions": [
        {
          "text": {
            "content": "shelter",
            "beginOffset": -1
          },
          "type": "COMMON"
        }
      ]
    },
    {
      "name": "mercy shelter",
      "type": "OTHER",
      "metadata": {},
      "salience": 0.011587463,
      "mentions": [
        {
          "text": {
            "content": "mercy shelter",
            "beginOffset": -1
          },
          "type": "COMMON"
        }
      ]
    }
  ],
  "documentSentiment": {
    "magnitude": 1.2,
    "score": 0.3
  },
  "language": "en",
  "categories": []
}
