{
  "sentences": [
    {
      "text": {
        "content": "I found Kopi near my office, brought her home fearing her will starved to death.",
        "beginOffset": -1
      },
      "sentiment": {
        "magnitude": 0.2,
        "score": -0.2
      }
    },
    {
      "text": {
        "content": "But my job nature requires me to travel often and my housemate is afraid of dogs, so she's not often let out, and I felt sorry for her Kopi.",
        "beginOffset": -1
      },
      "sentiment": {
        "magnitude": 0.3,
        "score": 0.3
      }
    },
    {
      "text": {
        "content": "She's playful and likes to run around.",
        "beginOffset": -1
      },
      "sentiment": {
        "magnitude": 0.9,
        "score": 0.9
      }
    },
    {
      "text": {
        "content": "She's also a good watchdog and will bark only when sees stranger or when she senses her caretakers around.",
        "beginOffset": -1
      },
      "sentiment": {
        "magnitude": 0.7,
        "score": 0.7
      }
    },
    {
      "text": {
        "content": "Please call me if you are interested in keeping her and providing her lots of love and care.",
        "beginOffset": -1
      },
      "sentiment": {
        "magnitude": 0.8,
        "score": 0.8
      }
    }
  ],
  "tokens": [],
  "entities": [
    {
      "name": "housemate",
      "type": "PERSON",
      "metadata": {},
      "salience": 0.5758304,
      "mentions": [
        {
          "text": {
            "content": "housemate",
            "beginOffset": -1
          },
          "type": "COMMON"
        }
      ]
    },
    {
      "name": "office",
      "type": "LOCATION",
      "metadata": {},
      "salience": 0.10599413,
      "mentions": [
        {
          "text": {
            "content": "office",
            "beginOffset": -1
          },
          "type": "COMMON"
        }
      ]
    },
    {
      "name": "home",
      "type": "LOCATION",
      "metadata": {},
      "salience": 0.10599413,
      "mentions": [
        {
          "text": {
            "content": "home",
            "beginOffset": -1
          },
          "type": "COMMON"
        }
      ]
    },
    {
      "name": "Kopi",
      "type": "ORGANIZATION",
      "metadata": {},
      "salience": 0.07253617,
      "mentions": [
        {
          "text": {
            "content": "Kopi",
            "beginOffset": -1
          },
          "type": "PROPER"
        }
      ]
    },
    {
      "name": "death",
      "type": "EVENT",
      "metadata": {},
      "salience": 0.041402787,
      "mentions": [
        {
          "text": {
            "content": "death",
            "beginOffset": -1
          },
          "type": "COMMON"
        }
      ]
    },
    {
      "name": "job nature",
      "type": "OTHER",
      "metadata": {},
      "salience": 0.03727575,
      "mentions": [
        {
          "text": {
            "content": "job nature",
            "beginOffset": -1
          },
          "type": "COMMON"
        }
      ]
    },
    {
      "name": "dogs",
      "type": "OTHER",
      "metadata": {},
      "salience": 0.013569079,
      "mentions": [
        {
          "text": {
            "content": "dogs",
            "beginOffset": -1
          },
          "type": "COMMON"
        }
      ]
    },
    {
      "name": "caretakers",
      "type": "PERSON",
      "metadata": {},
      "salience": 0.01073273,
      "mentions": [
        {
          "text": {
            "content": "caretakers",
            "beginOffset": -1
          },
          "type": "COMMON"
        }
      ]
    },
    {
      "name": "Kopi",
      "type": "PERSON",
      "metadata": {},
      "salience": 0.00925972,
      "mentions": [
        {
          "text": {
            "content": "Kopi",
            "beginOffset": -1
          },
          "type": "PROPER"
        }
      ]
    },
    {
      "name": "care",
      "type": "OTHER",
      "metadata": {},
      "salience": 0.0075001847,
      "mentions": [
        {
          "text": {
            "content": "care",
            "beginOffset": -1
          },
          "type": "COMMON"
        }
      ]
    },
    {
      "name": "love",
      "type": "OTHER",
      "metadata": {},
      "salience": 0.0065897815,
      "mentions": [
        {
          "text": {
            "content": "love",
            "beginOffset": -1
          },
          "type": "COMMON"
        }
      ]
    },
    {
      "name": "lots",
      "type": "OTHER",
      "metadata": {},
      "salience": 0.00502937,
      "mentions": [
        {
          "text": {
            "content": "lots",
            "beginOffset": -1
          },
          "type": "COMMON"
        }
      ]
    },
    {
      "name": "watchdog",
      "type": "ORGANIZATION",
      "metadata": {},
      "salience": 0.004142886,
      "mentions": [
        {
          "text": {
            "content": "watchdog",
            "beginOffset": -1
          },
          "type": "COMMON"
        }
      ]
    },
    {
      "name": "stranger",
      "type": "PERSON",
      "metadata": {},
      "salience": 0.004142886,
      "mentions": [
        {
          "text": {
            "content": "stranger",
            "beginOffset": -1
          },
          "type": "COMMON"
        }
      ]
    }
  ],
  "documentSentiment": {
    "magnitude": 3.1,
    "score": 0.5
  },
  "language": "en",
  "categories": []
}
