{
  "sentences": [
    {
      "text": {
        "content": "2 calico cat for adoption Female,cute and healthy Now they stay at my mom house, Sms -",
        "beginOffset": -1
      },
      "sentiment": {
        "magnitude": 0.6,
        "score": 0.6
      }
    }
  ],
  "tokens": [],
  "entities": [
    {
      "name": "cat",
      "type": "OTHER",
      "metadata": {},
      "salience": 0.56882113,
      "mentions": [
        {
          "text": {
            "content": "cat",
            "beginOffset": -1
          },
          "type": "COMMON"
        }
      ]
    },
    {
      "name": "adoption",
      "type": "OTHER",
      "metadata": {},
      "salience": 0.2518556,
      "mentions": [
        {
          "text": {
            "content": "adoption",
            "beginOffset": -1
          },
          "type": "COMMON"
        }
      ]
    },
    {
      "name": "mom house",
      "type": "LOCATION",
      "metadata": {},
      "salience": 0.12572733,
      "mentions": [
        {
          "text": {
            "content": "mom house",
            "beginOffset": -1
          },
          "type": "COMMON"
        }
      ]
    },
    {
      "name": "Sms",
      "type": "CONSUMER_GOOD",
      "metadata": {},
      "salience": 0.053595927,
      "mentions": [
        {
          "text": {
            "content": "Sms",
            "beginOffset": -1
          },
          "type": "PROPER"
        }
      ]
    }
  ],
  "documentSentiment": {
    "magnitude": 0.6,
    "score": 0.6
  },
  "language": "en",
  "categories": []
}
