{
  "sentences": [
    {
      "text": {
        "content": "It was raining heavily when this Dog-Lover girl found Jinny &amp; Jenny soaking wet in a carton box right in the middle of a basketball court, shivering and in fear.",
        "beginOffset": -1
      },
      "sentiment": {
        "magnitude": 0.6,
        "score": 0.6
      }
    },
    {
      "text": {
        "content": "She had to seek for help from others to adopt these poor girls as she is not staying in own house and unable to keep them, despite she wanted to, so much.",
        "beginOffset": -1
      },
      "sentiment": {
        "magnitude": 0.9,
        "score": -0.9
      }
    },
    {
      "text": {
        "content": "This J&amp;J sisters are both very quiet, calm and submissive, knowing that their fate lies in the hands of those who are looking after them.",
        "beginOffset": -1
      },
      "sentiment": {
        "magnitude": 0.8,
        "score": 0.8
      }
    },
    {
      "text": {
        "content": "They would not be able to survive if being released back on the streets because they were borned in a home and got abandoned.",
        "beginOffset": -1
      },
      "sentiment": {
        "magnitude": 0.8,
        "score": -0.8
      }
    },
    {
      "text": {
        "content": "If you really want to find companions who would accompany you and love you with all their heart, Jinny &amp; Jenny are passionately waiting for you to bring them home, for good.",
        "beginOffset": -1
      },
      "sentiment": {
        "magnitude": 0.9,
        "score": 0.9
      }
    },
    {
      "text": {
        "content": "I can be contacted via WhatsApp if you are interested to adopt this lovely sisters.",
        "beginOffset": -1
      },
      "sentiment": {
        "magnitude": 0.8,
        "score": 0.8
      }
    }
  ],
  "tokens": [],
  "entities": [
    {
      "name": "girl",
      "type": "PERSON",
      "metadata": {},
      "salience": 0.45076674,
      "mentions": [
        {
          "text": {
            "content": "girl",
            "beginOffset": -1
          },
          "type": "COMMON"
        }
      ]
    },
    {
      "name": "sisters",
      "type": "PERSON",
      "metadata": {},
      "salience": 0.116433635,
      "mentions": [
        {
          "text": {
            "content": "sisters",
            "beginOffset": -1
          },
          "type": "COMMON"
        }
      ]
    },
    {
      "name": "carton box",
      "type": "OTHER",
      "metadata": {},
      "salience": 0.06476328,
      "mentions": [
        {
          "text": {
            "content": "carton box",
            "beginOffset": -1
          },
          "type": "COMMON"
        }
      ]
    },
    {
      "name": "Jinny",
      "type": "PERSON",
      "metadata": {},
      "salience": 0.04145422,
      "mentions": [
        {
          "text": {
            "content": "Jinny",
            "beginOffset": -1
          },
          "type": "PROPER"
        },
        {
          "text": {
            "content": "Jinny",
            "beginOffset": -1
          },
          "type": "PROPER"
        }
      ]
    },
    {
      "name": "Jenny",
      "type": "PERSON",
      "metadata": {},
      "salience": 0.04145422,
      "mentions": [
        {
          "text": {
            "content": "Jenny",
            "beginOffset": -1
          },
          "type": "PROPER"
        },
        {
          "text": {
            "content": "Jenny",
            "beginOffset": -1
          },
          "type": "PROPER"
        }
      ]
    },
    {
      "name": "Dog-Lover",
      "type": "PERSON",
      "metadata": {},
      "salience": 0.038827654,
      "mentions": [
        {
          "text": {
            "content": "Dog-Lover",
            "beginOffset": -1
          },
          "type": "PROPER"
        }
      ]
    },
    {
      "name": "companions",
      "type": "PERSON",
      "metadata": {},
      "salience": 0.034626633,
      "mentions": [
        {
          "text": {
            "content": "companions",
            "beginOffset": -1
          },
          "type": "COMMON"
        }
      ]
    },
    {
      "name": "fear",
      "type": "OTHER",
      "metadata": {},
      "salience": 0.025034072,
      "mentions": [
        {
          "text": {
            "content": "fear",
            "beginOffset": -1
          },
          "type": "COMMON"
        }
      ]
    },
    {
      "name": "shivering",
      "type": "OTHER",
      "metadata": {},
      "salience": 0.025034072,
      "mentions": [
        {
          "text": {
            "content": "shivering",
            "beginOffset": -1
          },
          "type": "COMMON"
        }
      ]
    },
    {
      "name": "basketball court",
      "type": "ORGANIZATION",
      "metadata": {},
      "salience": 0.025034072,
      "mentions": [
        {
          "text": {
            "content": "basketball court",
            "beginOffset": -1
          },
          "type": "COMMON"
        }
      ]
    },
    {
      "name": "middle",
      "type": "OTHER",
      "metadata": {},
      "salience": 0.025034072,
      "mentions": [
        {
          "text": {
            "content": "middle",
            "beginOffset": -1
          },
          "type": "COMMON"
        }
      ]
    },
    {
      "name": "girls",
      "type": "PERSON",
      "metadata": {},
      "salience": 0.02138427,
      "mentions": [
        {
          "text": {
            "content": "girls",
            "beginOffset": -1
          },
          "type": "COMMON"
        }
      ]
    },
    {
      "name": "hands",
      "type": "OTHER",
      "metadata": {},
      "salience": 0.019176373,
      "mentions": [
        {
          "text": {
            "content": "hands",
            "beginOffset": -1
          },
          "type": "COMMON"
        }
      ]
    },
    {
      "name": "fate",
      "type": "OTHER",
      "metadata": {},
      "salience": 0.0123259295,
      "mentions": [
        {
          "text": {
            "content": "fate",
            "beginOffset": -1
          },
          "type": "COMMON"
        }
      ]
    },
    {
      "name": "help",
      "type": "OTHER",
      "metadata": {},
      "salience": 0.0120878,
      "mentions": [
        {
          "text": {
            "content": "help",
            "beginOffset": -1
          },
          "type": "COMMON"
        }
      ]
    },
    {
      "name": "others",
      "type": "PERSON",
      "metadata": {},
      "salience": 0.0120878,
      "mentions": [
        {
          "text": {
            "content": "others",
            "beginOffset": -1
          },
          "type": "COMMON"
        }
      ]
    },
    {
      "name": "house",
      "type": "LOCATION",
      "metadata": {},
      "salience": 0.00816786,
      "mentions": [
        {
          "text": {
            "content": "house",
            "beginOffset": -1
          },
          "type": "COMMON"
        }
      ]
    },
    {
      "name": "heart",
      "type": "OTHER",
      "metadata": {},
      "salience": 0.005658136,
      "mentions": [
        {
          "text": {
            "content": "heart",
            "beginOffset": -1
          },
          "type": "COMMON"
        }
      ]
    },
    {
      "name": "J&J",
      "type": "ORGANIZATION",
      "metadata": {},
      "salience": 0.0048692175,
      "mentions": [
        {
          "text": {
            "content": "J&amp;J",
            "beginOffset": -1
          },
          "type": "PROPER"
        }
      ]
    },
    {
      "name": "sisters",
      "type": "PERSON",
      "metadata": {},
      "salience": 0.0045002247,
      "mentions": [
        {
          "text": {
            "content": "sisters",
            "beginOffset": -1
          },
          "type": "COMMON"
        }
      ]
    },
    {
      "name": "home",
      "type": "LOCATION",
      "metadata": {},
      "salience": 0.003962259,
      "mentions": [
        {
          "text": {
            "content": "home",
            "beginOffset": -1
          },
          "type": "COMMON"
        }
      ]
    },
    {
      "name": "streets",
      "type": "LOCATION",
      "metadata": {},
      "salience": 0.0024900294,
      "mentions": [
        {
          "text": {
            "content": "streets",
            "beginOffset": -1
          },
          "type": "COMMON"
        }
      ]
    },
    {
      "name": "home",
      "type": "LOCATION",
      "metadata": {},
      "salience": 0.0024900294,
      "mentions": [
        {
          "text": {
            "content": "home",
            "beginOffset": -1
          },
          "type": "COMMON"
        }
      ]
    },
    {
      "name": "WhatsApp",
      "type": "CONSUMER_GOOD",
      "metadata": {
        "mid": "/m/0gwzvs1",
        "wikipedia_url": "https://en.wikipedia.org/wiki/WhatsApp"
      },
      "salience": 0.0023373938,
      "mentions": [
        {
          "text": {
            "content": "WhatsApp",
            "beginOffset": -1
          },
          "type": "PROPER"
        }
      ]
    }
  ],
  "documentSentiment": {
    "magnitude": 5,
    "score": 0.2
  },
  "language": "en",
  "categories": []
}
