{
  "sentences": [
    {
      "text": {
        "content": "Chloe's daughter, shy and timid, likes to play with siblings but very shy when handled, can be trained.",
        "beginOffset": -1
      },
      "sentiment": {
        "magnitude": 0.8,
        "score": 0.8
      }
    },
    {
      "text": {
        "content": "Very gentle.",
        "beginOffset": -1
      },
      "sentiment": {
        "magnitude": 0.9,
        "score": 0.9
      }
    },
    {
      "text": {
        "content": "Haven't spayed due to young age (5 mth/o during this description).",
        "beginOffset": -1
      },
      "sentiment": {
        "magnitude": 0.1,
        "score": -0.1
      }
    }
  ],
  "tokens": [],
  "entities": [
    {
      "name": "daughter",
      "type": "PERSON",
      "metadata": {},
      "salience": 0.376766,
      "mentions": [
        {
          "text": {
            "content": "daughter",
            "beginOffset": -1
          },
          "type": "COMMON"
        }
      ]
    },
    {
      "name": "Chloe",
      "type": "PERSON",
      "metadata": {},
      "salience": 0.3407379,
      "mentions": [
        {
          "text": {
            "content": "Chloe",
            "beginOffset": -1
          },
          "type": "PROPER"
        }
      ]
    },
    {
      "name": "siblings",
      "type": "PERSON",
      "metadata": {},
      "salience": 0.16107364,
      "mentions": [
        {
          "text": {
            "content": "siblings",
            "beginOffset": -1
          },
          "type": "COMMON"
        }
      ]
    },
    {
      "name": "o",
      "type": "OTHER",
      "metadata": {},
      "salience": 0.056488883,
      "mentions": [
        {
          "text": {
            "content": "o",
            "beginOffset": -1
          },
          "type": "COMMON"
        }
      ]
    },
    {
      "name": "description",
      "type": "OTHER",
      "metadata": {},
      "salience": 0.039825823,
      "mentions": [
        {
          "text": {
            "content": "description",
            "beginOffset": -1
          },
          "type": "COMMON"
        }
      ]
    },
    {
      "name": "age",
      "type": "OTHER",
      "metadata": {},
      "salience": 0.025107766,
      "mentions": [
        {
          "text": {
            "content": "age",
            "beginOffset": -1
          },
          "type": "COMMON"
        }
      ]
    }
  ],
  "documentSentiment": {
    "magnitude": 1.8,
    "score": 0.5
  },
  "language": "en",
  "categories": []
}
