{
  "sentences": [
    {
      "text": {
        "content": "His Been 8 year ady.....He Love alot of Attention We are going to Move that why We cant take him with us.......So To those who LOve Dog Please Take good care of him",
        "beginOffset": -1
      },
      "sentiment": {
        "magnitude": 0.8,
        "score": 0.8
      }
    }
  ],
  "tokens": [],
  "entities": [
    {
      "name": "alot",
      "type": "OTHER",
      "metadata": {},
      "salience": 0.41374364,
      "mentions": [
        {
          "text": {
            "content": "alot",
            "beginOffset": -1
          },
          "type": "COMMON"
        }
      ]
    },
    {
      "name": "Attention",
      "type": "OTHER",
      "metadata": {},
      "salience": 0.26761577,
      "mentions": [
        {
          "text": {
            "content": "Attention",
            "beginOffset": -1
          },
          "type": "COMMON"
        }
      ]
    },
    {
      "name": "LOve Dog",
      "type": "PERSON",
      "metadata": {},
      "salience": 0.16629401,
      "mentions": [
        {
          "text": {
            "content": "LOve Dog",
            "beginOffset": -1
          },
          "type": "PROPER"
        }
      ]
    },
    {
      "name": "care",
      "type": "OTHER",
      "metadata": {},
      "salience": 0.15234658,
      "mentions": [
        {
          "text": {
            "content": "care",
            "beginOffset": -1
          },
          "type": "COMMON"
        }
      ]
    }
  ],
  "documentSentiment": {
    "magnitude": 0.8,
    "score": 0.8
  },
  "language": "en",
  "categories": []
}
