{
  "sentences": [
    {
      "text": {
        "content": "Bebe and Cece are stray sisters and are lucky to be alive.",
        "beginOffset": -1
      },
      "sentiment": {
        "magnitude": 0.5,
        "score": 0.5
      }
    },
    {
      "text": {
        "content": "Their mother died.",
        "beginOffset": -1
      },
      "sentiment": {
        "magnitude": 0,
        "score": 0
      }
    },
    {
      "text": {
        "content": "These sisters are to be adopted.",
        "beginOffset": -1
      },
      "sentiment": {
        "magnitude": 0,
        "score": 0
      }
    },
    {
      "text": {
        "content": "They have both been spayed &amp; dewormed.",
        "beginOffset": -1
      },
      "sentiment": {
        "magnitude": 0,
        "score": 0
      }
    },
    {
      "text": {
        "content": "They are very loving girls and Bebe is a little shy.",
        "beginOffset": -1
      },
      "sentiment": {
        "magnitude": 0.8,
        "score": 0.8
      }
    },
    {
      "text": {
        "content": "Cece is frisky and adventurous .",
        "beginOffset": -1
      },
      "sentiment": {
        "magnitude": 0.7,
        "score": 0.7
      }
    },
    {
      "text": {
        "content": "Fosterer has asmatha and needs to find a home soon Please adopt",
        "beginOffset": -1
      },
      "sentiment": {
        "magnitude": 0,
        "score": 0
      }
    }
  ],
  "tokens": [],
  "entities": [
    {
      "name": "sisters",
      "type": "PERSON",
      "metadata": {},
      "salience": 0.79046005,
      "mentions": [
        {
          "text": {
            "content": "sisters",
            "beginOffset": -1
          },
          "type": "COMMON"
        },
        {
          "text": {
            "content": "sisters",
            "beginOffset": -1
          },
          "type": "COMMON"
        },
        {
          "text": {
            "content": "girls",
            "beginOffset": -1
          },
          "type": "COMMON"
        }
      ]
    },
    {
      "name": "Cece",
      "type": "PERSON",
      "metadata": {},
      "salience": 0.07447131,
      "mentions": [
        {
          "text": {
            "content": "Cece",
            "beginOffset": -1
          },
          "type": "PROPER"
        },
        {
          "text": {
            "content": "Cece",
            "beginOffset": -1
          },
          "type": "PROPER"
        }
      ]
    },
    {
      "name": "Bebe",
      "type": "PERSON",
      "metadata": {},
      "salience": 0.067864195,
      "mentions": [
        {
          "text": {
            "content": "Bebe",
            "beginOffset": -1
          },
          "type": "PROPER"
        },
        {
          "text": {
            "content": "Bebe",
            "beginOffset": -1
          },
          "type": "PROPER"
        }
      ]
    },
    {
      "name": "mother",
      "type": "PERSON",
      "metadata": {},
      "salience": 0.029095056,
      "mentions": [
        {
          "text": {
            "content": "mother",
            "beginOffset": -1
          },
          "type": "COMMON"
        }
      ]
    },
    {
      "name": "home",
      "type": "LOCATION",
      "metadata": {},
      "salience": 0.014903336,
      "mentions": [
        {
          "text": {
            "content": "home",
            "beginOffset": -1
          },
          "type": "COMMON"
        }
      ]
    },
    {
      "name": "asmatha",
      "type": "OTHER",
      "metadata": {},
      "salience": 0.013685674,
      "mentions": [
        {
          "text": {
            "content": "asmatha",
            "beginOffset": -1
          },
          "type": "COMMON"
        }
      ]
    },
    {
      "name": "Fosterer",
      "type": "PERSON",
      "metadata": {},
      "salience": 0.009520356,
      "mentions": [
        {
          "text": {
            "content": "Fosterer",
            "beginOffset": -1
          },
          "type": "PROPER"
        }
      ]
    }
  ],
  "documentSentiment": {
    "magnitude": 2.3,
    "score": 0.2
  },
  "language": "en",
  "categories": []
}
