{
  "sentences": [
    {
      "text": {
        "content": "這是我朋友救起來的狗狗，但是他不能留下它，希望有好心人可以給狗狗一個家。..",
        "beginOffset": -1
      },
      "sentiment": {
        "magnitude": 0.6,
        "score": 0.6
      }
    },
    {
      "text": {
        "content": "歡迎愛狗人士",
        "beginOffset": -1
      },
      "sentiment": {
        "magnitude": 0.5,
        "score": 0.5
      }
    }
  ],
  "tokens": [],
  "entities": [
    {
      "name": "狗狗",
      "type": "OTHER",
      "metadata": {},
      "salience": 0.39038798,
      "mentions": [
        {
          "text": {
            "content": "狗狗",
            "beginOffset": -1
          },
          "type": "COMMON"
        }
      ]
    },
    {
      "name": "朋友",
      "type": "PERSON",
      "metadata": {},
      "salience": 0.34429923,
      "mentions": [
        {
          "text": {
            "content": "朋友",
            "beginOffset": -1
          },
          "type": "COMMON"
        }
      ]
    },
    {
      "name": "狗狗",
      "type": "PERSON",
      "metadata": {},
      "salience": 0.10563056,
      "mentions": [
        {
          "text": {
            "content": "狗狗",
            "beginOffset": -1
          },
          "type": "COMMON"
        }
      ]
    },
    {
      "name": "好心人",
      "type": "PERSON",
      "metadata": {},
      "salience": 0.09703546,
      "mentions": [
        {
          "text": {
            "content": "好心人",
            "beginOffset": -1
          },
          "type": "COMMON"
        }
      ]
    },
    {
      "name": "愛狗人士",
      "type": "PERSON",
      "metadata": {},
      "salience": 0.06264677,
      "mentions": [
        {
          "text": {
            "content": "愛狗人士",
            "beginOffset": -1
          },
          "type": "COMMON"
        }
      ]
    }
  ],
  "documentSentiment": {
    "magnitude": 1.2,
    "score": 0.6
  },
  "language": "zh-Hant",
  "categories": []
}
