{
  "sentences": [
    {
      "text": {
        "content": "Named Nemo and Dory, this adorable pair was rescued off the streets in the USJ 6 area in an S.O.S.",
        "beginOffset": -1
      },
      "sentiment": {
        "magnitude": 0.9,
        "score": 0.9
      }
    },
    {
      "text": {
        "content": "situation, when my friend and Pawse for a Cause colleague, Stewart, found them alone in the cold, hungry, helpless, and soaked to the bone, no thanks to heavy thundershowers at the time.",
        "beginOffset": -1
      },
      "sentiment": {
        "magnitude": 0.8,
        "score": -0.8
      }
    },
    {
      "text": {
        "content": "He immediately paid a desperate call to pet rescuer, animal rights activist, and Pawse for a Cause founder, Seema Subash, for urgent assistance.",
        "beginOffset": -1
      },
      "sentiment": {
        "magnitude": 0.4,
        "score": -0.4
      }
    },
    {
      "text": {
        "content": "She along with a member from her team, rushed to the site and rescued the puppies.",
        "beginOffset": -1
      },
      "sentiment": {
        "magnitude": 0.4,
        "score": -0.4
      }
    },
    {
      "text": {
        "content": "They were only about palm-size at the time.",
        "beginOffset": -1
      },
      "sentiment": {
        "magnitude": 0.2,
        "score": -0.2
      }
    },
    {
      "text": {
        "content": "Three months later, the puppies are still being fostered by her.",
        "beginOffset": -1
      },
      "sentiment": {
        "magnitude": 0,
        "score": 0
      }
    },
    {
      "text": {
        "content": "They've received the required medical attention and have even been vaccinated.",
        "beginOffset": -1
      },
      "sentiment": {
        "magnitude": 0.2,
        "score": 0.2
      }
    },
    {
      "text": {
        "content": "Seema is unable to permanently adopted Nemo and Dory because she already has other dogs in her care, pets who need her undivided attention.",
        "beginOffset": -1
      },
      "sentiment": {
        "magnitude": 0.4,
        "score": 0.4
      }
    },
    {
      "text": {
        "content": "The brown puppy is female, while the white one is male.",
        "beginOffset": -1
      },
      "sentiment": {
        "magnitude": 0,
        "score": 0
      }
    },
    {
      "text": {
        "content": "If you're serious about adding to your family, we are looking to have them adopted as a pair.",
        "beginOffset": -1
      },
      "sentiment": {
        "magnitude": 0.1,
        "score": 0.1
      }
    },
    {
      "text": {
        "content": "It is crucial that they aren't separated since they are reliant on each other for their personal well-being and socialisation needs.",
        "beginOffset": -1
      },
      "sentiment": {
        "magnitude": 0.2,
        "score": -0.2
      }
    },
    {
      "text": {
        "content": "For those keen on giving these puppies a new and loving home and second chance at life, do feel free contact me at (Deb) for an appointment with their current fosterer, Seema, to meet Nemo and Dory.",
        "beginOffset": -1
      },
      "sentiment": {
        "magnitude": 0.9,
        "score": 0.9
      }
    },
    {
      "text": {
        "content": "They're super cute, bubbly as ever, enjoy a great time, and you'll absolutely love them.",
        "beginOffset": -1
      },
      "sentiment": {
        "magnitude": 0.9,
        "score": 0.9
      }
    },
    {
      "text": {
        "content": "A little bit of love goes a long way.",
        "beginOffset": -1
      },
      "sentiment": {
        "magnitude": 0.7,
        "score": 0.7
      }
    },
    {
      "text": {
        "content": "Thank you!",
        "beginOffset": -1
      },
      "sentiment": {
        "magnitude": 0.1,
        "score": 0.1
      }
    }
  ],
  "tokens": [],
  "entities": [
    {
      "name": "Seema Subash",
      "type": "PERSON",
      "metadata": {},
      "salience": 0.18649296,
      "mentions": [
        {
          "text": {
            "content": "founder",
            "beginOffset": -1
          },
          "type": "COMMON"
        },
        {
          "text": {
            "content": "Seema Subash",
            "beginOffset": -1
          },
          "type": "PROPER"
        },
        {
          "text": {
            "content": "Seema",
            "beginOffset": -1
          },
          "type": "PROPER"
        },
        {
          "text": {
            "content": "Seema",
            "beginOffset": -1
          },
          "type": "PROPER"
        }
      ]
    },
    {
      "name": "Stewart",
      "type": "PERSON",
      "metadata": {},
      "salience": 0.09082081,
      "mentions": [
        {
          "text": {
            "content": "colleague",
            "beginOffset": -1
          },
          "type": "COMMON"
        },
        {
          "text": {
            "content": "Stewart",
            "beginOffset": -1
          },
          "type": "PROPER"
        }
      ]
    },
    {
      "name": "pair",
      "type": "OTHER",
      "metadata": {},
      "salience": 0.07077533,
      "mentions": [
        {
          "text": {
            "content": "pair",
            "beginOffset": -1
          },
          "type": "COMMON"
        }
      ]
    },
    {
      "name": "streets",
      "type": "LOCATION",
      "metadata": {},
      "salience": 0.06231576,
      "mentions": [
        {
          "text": {
            "content": "streets",
            "beginOffset": -1
          },
          "type": "COMMON"
        }
      ]
    },
    {
      "name": "area",
      "type": "LOCATION",
      "metadata": {},
      "salience": 0.06231576,
      "mentions": [
        {
          "text": {
            "content": "area",
            "beginOffset": -1
          },
          "type": "COMMON"
        }
      ]
    },
    {
      "name": "friend",
      "type": "PERSON",
      "metadata": {},
      "salience": 0.042947363,
      "mentions": [
        {
          "text": {
            "content": "friend",
            "beginOffset": -1
          },
          "type": "COMMON"
        }
      ]
    },
    {
      "name": "Named Nemo and Dory",
      "type": "ORGANIZATION",
      "metadata": {},
      "salience": 0.03709121,
      "mentions": [
        {
          "text": {
            "content": "Named Nemo and Dory",
            "beginOffset": -1
          },
          "type": "PROPER"
        }
      ]
    },
    {
      "name": "S.O.S.",
      "type": "WORK_OF_ART",
      "metadata": {
        "wikipedia_url": "https://en.wikipedia.org/wiki/SOS",
        "mid": "/m/012j12"
      },
      "salience": 0.03709121,
      "mentions": [
        {
          "text": {
            "content": "S.O.S.",
            "beginOffset": -1
          },
          "type": "PROPER"
        }
      ]
    },
    {
      "name": "USJ 6",
      "type": "LOCATION",
      "metadata": {
        "mid": "/g/1w4vgf3h"
      },
      "salience": 0.03709121,
      "mentions": [
        {
          "text": {
            "content": "USJ 6",
            "beginOffset": -1
          },
          "type": "PROPER"
        }
      ]
    },
    {
      "name": "situation",
      "type": "OTHER",
      "metadata": {},
      "salience": 0.030162161,
      "mentions": [
        {
          "text": {
            "content": "situation",
            "beginOffset": -1
          },
          "type": "COMMON"
        }
      ]
    },
    {
      "name": "Pawse",
      "type": "PERSON",
      "metadata": {},
      "salience": 0.026595913,
      "mentions": [
        {
          "text": {
            "content": "Pawse",
            "beginOffset": -1
          },
          "type": "PROPER"
        },
        {
          "text": {
            "content": "Pawse",
            "beginOffset": -1
          },
          "type": "PROPER"
        }
      ]
    },
    {
      "name": "pets",
      "type": "PERSON",
      "metadata": {},
      "salience": 0.018001713,
      "mentions": [
        {
          "text": {
            "content": "pets",
            "beginOffset": -1
          },
          "type": "COMMON"
        }
      ]
    },
    {
      "name": "Cause",
      "type": "OTHER",
      "metadata": {},
      "salience": 0.016909622,
      "mentions": [
        {
          "text": {
            "content": "Cause",
            "beginOffset": -1
          },
          "type": "PROPER"
        },
        {
          "text": {
            "content": "Cause",
            "beginOffset": -1
          },
          "type": "PROPER"
        }
      ]
    },
    {
      "name": "Nemo",
      "type": "OTHER",
      "metadata": {
        "wikipedia_url": "https://en.wikipedia.org/wiki/Finding_Nemo",
        "mid": "/m/01jrbb"
      },
      "salience": 0.014258756,
      "mentions": [
        {
          "text": {
            "content": "Nemo",
            "beginOffset": -1
          },
          "type": "PROPER"
        },
        {
          "text": {
            "content": "Nemo",
            "beginOffset": -1
          },
          "type": "PROPER"
        }
      ]
    },
    {
      "name": "Dory",
      "type": "OTHER",
      "metadata": {
        "mid": "/m/0sghvky",
        "wikipedia_url": "https://en.wikipedia.org/wiki/Finding_Dory"
      },
      "salience": 0.014258756,
      "mentions": [
        {
          "text": {
            "content": "Dory",
            "beginOffset": -1
          },
          "type": "PROPER"
        },
        {
          "text": {
            "content": "Dory",
            "beginOffset": -1
          },
          "type": "PROPER"
        }
      ]
    },
    {
      "name": "thanks",
      "type": "OTHER",
      "metadata": {},
      "salience": 0.011462098,
      "mentions": [
        {
          "text": {
            "content": "thanks",
            "beginOffset": -1
          },
          "type": "COMMON"
        }
      ]
    },
    {
      "name": "bone",
      "type": "OTHER",
      "metadata": {},
      "salience": 0.011462098,
      "mentions": [
        {
          "text": {
            "content": "bone",
            "beginOffset": -1
          },
          "type": "COMMON"
        }
      ]
    },
    {
      "name": "thundershowers",
      "type": "EVENT",
      "metadata": {},
      "salience": 0.011462098,
      "mentions": [
        {
          "text": {
            "content": "thundershowers",
            "beginOffset": -1
          },
          "type": "COMMON"
        }
      ]
    },
    {
      "name": "pet rescuer",
      "type": "PERSON",
      "metadata": {},
      "salience": 0.011405186,
      "mentions": [
        {
          "text": {
            "content": "pet rescuer",
            "beginOffset": -1
          },
          "type": "COMMON"
        }
      ]
    },
    {
      "name": "animal rights activist",
      "type": "OTHER",
      "metadata": {},
      "salience": 0.011405186,
      "mentions": [
        {
          "text": {
            "content": "animal rights activist",
            "beginOffset": -1
          },
          "type": "COMMON"
        }
      ]
    },
    {
      "name": "call",
      "type": "OTHER",
      "metadata": {},
      "salience": 0.011405186,
      "mentions": [
        {
          "text": {
            "content": "call",
            "beginOffset": -1
          },
          "type": "COMMON"
        }
      ]
    },
    {
      "name": "brown puppy",
      "type": "PERSON",
      "metadata": {},
      "salience": 0.011366739,
      "mentions": [
        {
          "text": {
            "content": "brown puppy",
            "beginOffset": -1
          },
          "type": "COMMON"
        }
      ]
    },
    {
      "name": "puppies",
      "type": "OTHER",
      "metadata": {},
      "salience": 0.0102793975,
      "mentions": [
        {
          "text": {
            "content": "puppies",
            "beginOffset": -1
          },
          "type": "COMMON"
        }
      ]
    },
    {
      "name": "attention",
      "type": "OTHER",
      "metadata": {},
      "salience": 0.009686038,
      "mentions": [
        {
          "text": {
            "content": "attention",
            "beginOffset": -1
          },
          "type": "COMMON"
        }
      ]
    },
    {
      "name": "puppies",
      "type": "OTHER",
      "metadata": {},
      "salience": 0.008935643,
      "mentions": [
        {
          "text": {
            "content": "puppies",
            "beginOffset": -1
          },
          "type": "COMMON"
        }
      ]
    },
    {
      "name": "assistance",
      "type": "OTHER",
      "metadata": {},
      "salience": 0.0076982495,
      "mentions": [
        {
          "text": {
            "content": "assistance",
            "beginOffset": -1
          },
          "type": "COMMON"
        }
      ]
    },
    {
      "name": "site",
      "type": "LOCATION",
      "metadata": {},
      "salience": 0.0076710796,
      "mentions": [
        {
          "text": {
            "content": "site",
            "beginOffset": -1
          },
          "type": "COMMON"
        }
      ]
    },
    {
      "name": "team",
      "type": "ORGANIZATION",
      "metadata": {},
      "salience": 0.0076710796,
      "mentions": [
        {
          "text": {
            "content": "team",
            "beginOffset": -1
          },
          "type": "COMMON"
        }
      ]
    },
    {
      "name": "member",
      "type": "PERSON",
      "metadata": {},
      "salience": 0.0076710796,
      "mentions": [
        {
          "text": {
            "content": "member",
            "beginOffset": -1
          },
          "type": "COMMON"
        }
      ]
    },
    {
      "name": "palm-size",
      "type": "OTHER",
      "metadata": {},
      "salience": 0.007650071,
      "mentions": [
        {
          "text": {
            "content": "palm-size",
            "beginOffset": -1
          },
          "type": "COMMON"
        }
      ]
    },
    {
      "name": "bit",
      "type": "OTHER",
      "metadata": {},
      "salience": 0.007280414,
      "mentions": [
        {
          "text": {
            "content": "bit",
            "beginOffset": -1
          },
          "type": "COMMON"
        }
      ]
    },
    {
      "name": "puppies",
      "type": "OTHER",
      "metadata": {},
      "salience": 0.0071016713,
      "mentions": [
        {
          "text": {
            "content": "puppies",
            "beginOffset": -1
          },
          "type": "COMMON"
        }
      ]
    },
    {
      "name": "dogs",
      "type": "OTHER",
      "metadata": {},
      "salience": 0.0070652673,
      "mentions": [
        {
          "text": {
            "content": "dogs",
            "beginOffset": -1
          },
          "type": "COMMON"
        }
      ]
    },
    {
      "name": "care",
      "type": "OTHER",
      "metadata": {},
      "salience": 0.0070652673,
      "mentions": [
        {
          "text": {
            "content": "care",
            "beginOffset": -1
          },
          "type": "COMMON"
        }
      ]
    },
    {
      "name": "family",
      "type": "PERSON",
      "metadata": {},
      "salience": 0.0070459144,
      "mentions": [
        {
          "text": {
            "content": "family",
            "beginOffset": -1
          },
          "type": "COMMON"
        }
      ]
    },
    {
      "name": "attention",
      "type": "OTHER",
      "metadata": {},
      "salience": 0.006854989,
      "mentions": [
        {
          "text": {
            "content": "attention",
            "beginOffset": -1
          },
          "type": "COMMON"
        }
      ]
    },
    {
      "name": "each other",
      "type": "PERSON",
      "metadata": {},
      "salience": 0.0067606857,
      "mentions": [
        {
          "text": {
            "content": "each other",
            "beginOffset": -1
          },
          "type": "COMMON"
        }
      ]
    },
    {
      "name": "chance",
      "type": "OTHER",
      "metadata": {},
      "salience": 0.005298405,
      "mentions": [
        {
          "text": {
            "content": "chance",
            "beginOffset": -1
          },
          "type": "COMMON"
        }
      ]
    },
    {
      "name": "home",
      "type": "LOCATION",
      "metadata": {},
      "salience": 0.005298405,
      "mentions": [
        {
          "text": {
            "content": "home",
            "beginOffset": -1
          },
          "type": "COMMON"
        }
      ]
    },
    {
      "name": "life",
      "type": "OTHER",
      "metadata": {},
      "salience": 0.005298405,
      "mentions": [
        {
          "text": {
            "content": "life",
            "beginOffset": -1
          },
          "type": "COMMON"
        }
      ]
    },
    {
      "name": "contact",
      "type": "OTHER",
      "metadata": {},
      "salience": 0.005298405,
      "mentions": [
        {
          "text": {
            "content": "contact",
            "beginOffset": -1
          },
          "type": "COMMON"
        }
      ]
    },
    {
      "name": "fosterer",
      "type": "PERSON",
      "metadata": {},
      "salience": 0.005298405,
      "mentions": [
        {
          "text": {
            "content": "fosterer",
            "beginOffset": -1
          },
          "type": "COMMON"
        }
      ]
    },
    {
      "name": "appointment",
      "type": "OTHER",
      "metadata": {},
      "salience": 0.005298405,
      "mentions": [
        {
          "text": {
            "content": "appointment",
            "beginOffset": -1
          },
          "type": "COMMON"
        }
      ]
    },
    {
      "name": "time",
      "type": "OTHER",
      "metadata": {},
      "salience": 0.004512211,
      "mentions": [
        {
          "text": {
            "content": "time",
            "beginOffset": -1
          },
          "type": "COMMON"
        }
      ]
    },
    {
      "name": "love",
      "type": "OTHER",
      "metadata": {},
      "salience": 0.00370157,
      "mentions": [
        {
          "text": {
            "content": "love",
            "beginOffset": -1
          },
          "type": "COMMON"
        }
      ]
    },
    {
      "name": "way",
      "type": "OTHER",
      "metadata": {},
      "salience": 0.00370157,
      "mentions": [
        {
          "text": {
            "content": "way",
            "beginOffset": -1
          },
          "type": "COMMON"
        }
      ]
    },
    {
      "name": "Deb",
      "type": "PERSON",
      "metadata": {},
      "salience": 0.0031318194,
      "mentions": [
        {
          "text": {
            "content": "Deb",
            "beginOffset": -1
          },
          "type": "PROPER"
        }
      ]
    },
    {
      "name": "pair",
      "type": "PERSON",
      "metadata": {},
      "salience": 0.0026511275,
      "mentions": [
        {
          "text": {
            "content": "pair",
            "beginOffset": -1
          },
          "type": "COMMON"
        }
      ]
    },
    {
      "name": "socialisation",
      "type": "OTHER",
      "metadata": {},
      "salience": 0.0023257653,
      "mentions": [
        {
          "text": {
            "content": "socialisation",
            "beginOffset": -1
          },
          "type": "COMMON"
        }
      ]
    },
    {
      "name": "needs",
      "type": "OTHER",
      "metadata": {},
      "salience": 0.0023257653,
      "mentions": [
        {
          "text": {
            "content": "needs",
            "beginOffset": -1
          },
          "type": "COMMON"
        }
      ]
    },
    {
      "name": "well-being",
      "type": "OTHER",
      "metadata": {},
      "salience": 0.0023257653,
      "mentions": [
        {
          "text": {
            "content": "well-being",
            "beginOffset": -1
          },
          "type": "COMMON"
        }
      ]
    }
  ],
  "documentSentiment": {
    "magnitude": 6.9,
    "score": 0.1
  },
  "language": "en",
  "categories": []
}
