{
  "sentences": [
    {
      "text": {
        "content": "Abandoned &amp; rescued pups waiting for good home.",
        "beginOffset": -1
      },
      "sentiment": {
        "magnitude": 0.8,
        "score": -0.8
      }
    },
    {
      "text": {
        "content": "*MALE *FRIENDLY *3-4 MONTHS PLEASE ADOPT THIS LITTLE BOY,HE DESERVE A GOOD HOME TOO.",
        "beginOffset": -1
      },
      "sentiment": {
        "magnitude": 0.8,
        "score": 0.8
      }
    }
  ],
  "tokens": [],
  "entities": [
    {
      "name": "pups",
      "type": "PERSON",
      "metadata": {},
      "salience": 0.47614878,
      "mentions": [
        {
          "text": {
            "content": "pups",
            "beginOffset": -1
          },
          "type": "COMMON"
        }
      ]
    },
    {
      "name": "home",
      "type": "LOCATION",
      "metadata": {},
      "salience": 0.23663597,
      "mentions": [
        {
          "text": {
            "content": "home",
            "beginOffset": -1
          },
          "type": "COMMON"
        }
      ]
    },
    {
      "name": "BOY",
      "type": "PERSON",
      "metadata": {},
      "salience": 0.17150234,
      "mentions": [
        {
          "text": {
            "content": "BOY",
            "beginOffset": -1
          },
          "type": "COMMON"
        }
      ]
    },
    {
      "name": "FRIENDLY",
      "type": "EVENT",
      "metadata": {},
      "salience": 0.07418718,
      "mentions": [
        {
          "text": {
            "content": "FRIENDLY",
            "beginOffset": -1
          },
          "type": "COMMON"
        }
      ]
    },
    {
      "name": "HOME",
      "type": "OTHER",
      "metadata": {},
      "salience": 0.041525733,
      "mentions": [
        {
          "text": {
            "content": "HOME",
            "beginOffset": -1
          },
          "type": "COMMON"
        }
      ]
    }
  ],
  "documentSentiment": {
    "magnitude": 1.6,
    "score": 0
  },
  "language": "en",
  "categories": []
}
