{
  "sentences": [
    {
      "text": {
        "content": "Puppy rescued as they were found abandoned in the market.",
        "beginOffset": -1
      },
      "sentiment": {
        "magnitude": 0.7,
        "score": -0.7
      }
    },
    {
      "text": {
        "content": "needs an urgent loving home.",
        "beginOffset": -1
      },
      "sentiment": {
        "magnitude": 0.8,
        "score": 0.8
      }
    }
  ],
  "tokens": [],
  "entities": [
    {
      "name": "Puppy",
      "type": "OTHER",
      "metadata": {},
      "salience": 0.7236996,
      "mentions": [
        {
          "text": {
            "content": "Puppy",
            "beginOffset": -1
          },
          "type": "COMMON"
        }
      ]
    },
    {
      "name": "market",
      "type": "OTHER",
      "metadata": {},
      "salience": 0.2241376,
      "mentions": [
        {
          "text": {
            "content": "market",
            "beginOffset": -1
          },
          "type": "COMMON"
        }
      ]
    },
    {
      "name": "home",
      "type": "LOCATION",
      "metadata": {},
      "salience": 0.052162778,
      "mentions": [
        {
          "text": {
            "content": "home",
            "beginOffset": -1
          },
          "type": "COMMON"
        }
      ]
    }
  ],
  "documentSentiment": {
    "magnitude": 1.5,
    "score": 0
  },
  "language": "en",
  "categories": []
}
