{
  "sentences": [
    {
      "text": {
        "content": "Found wandering around my friend's apartment complex.",
        "beginOffset": -1
      },
      "sentiment": {
        "magnitude": 0.6,
        "score": 0.6
      }
    },
    {
      "text": {
        "content": "He was bullied and thrown around by some of the resident children.",
        "beginOffset": -1
      },
      "sentiment": {
        "magnitude": 0.7,
        "score": -0.7
      }
    },
    {
      "text": {
        "content": "In spite of this he bears no ill-will toward people.",
        "beginOffset": -1
      },
      "sentiment": {
        "magnitude": 0.2,
        "score": -0.2
      }
    },
    {
      "text": {
        "content": "He is frisky, playful, and affectionate.",
        "beginOffset": -1
      },
      "sentiment": {
        "magnitude": 0.9,
        "score": 0.9
      }
    },
    {
      "text": {
        "content": "On his first day with us he willingly sat on our laps and settled down for a comfortable and cosy nap.",
        "beginOffset": -1
      },
      "sentiment": {
        "magnitude": 0.9,
        "score": 0.9
      }
    },
    {
      "text": {
        "content": "This little guy will do well in a home with another playful cat.",
        "beginOffset": -1
      },
      "sentiment": {
        "magnitude": 0.5,
        "score": 0.5
      }
    },
    {
      "text": {
        "content": "Tuna is an INDOOR cat.",
        "beginOffset": -1
      },
      "sentiment": {
        "magnitude": 0.2,
        "score": 0.2
      }
    },
    {
      "text": {
        "content": "The outside world is dangerous, and he has already suffered at the hands of ignorant people.",
        "beginOffset": -1
      },
      "sentiment": {
        "magnitude": 0.5,
        "score": -0.5
      }
    },
    {
      "text": {
        "content": "Zero to minimal cage confinement please.",
        "beginOffset": -1
      },
      "sentiment": {
        "magnitude": 0.1,
        "score": -0.1
      }
    },
    {
      "text": {
        "content": "This kitten is very playful and energetic and needs lots of space to run around.",
        "beginOffset": -1
      },
      "sentiment": {
        "magnitude": 0.9,
        "score": 0.9
      }
    },
    {
      "text": {
        "content": "Keeping him in a cage would be cruel.",
        "beginOffset": -1
      },
      "sentiment": {
        "magnitude": 0,
        "score": 0
      }
    },
    {
      "text": {
        "content": "Vaccinations and neutering are COMPULSORY for adoption.",
        "beginOffset": -1
      },
      "sentiment": {
        "magnitude": 0,
        "score": 0
      }
    },
    {
      "text": {
        "content": "Succesful adopter will have to reimburse me for these procedures at which point i will hand over his medical booklet.",
        "beginOffset": -1
      },
      "sentiment": {
        "magnitude": 0.6,
        "score": 0.6
      }
    },
    {
      "text": {
        "content": "Adopter must also update me from time to time about tuna's progress.",
        "beginOffset": -1
      },
      "sentiment": {
        "magnitude": 0.2,
        "score": 0.2
      }
    },
    {
      "text": {
        "content": "Diet: Acana Kitten, Natural Balance canned food Litter trained: Uses the litter box without fail Dewormed: // First Vaccination: /08",
        "beginOffset": -1
      },
      "sentiment": {
        "magnitude": 0.7,
        "score": -0.7
      }
    }
  ],
  "tokens": [],
  "entities": [
    {
      "name": "friend",
      "type": "PERSON",
      "metadata": {},
      "salience": 0.53380084,
      "mentions": [
        {
          "text": {
            "content": "friend",
            "beginOffset": -1
          },
          "type": "COMMON"
        }
      ]
    },
    {
      "name": "apartment complex",
      "type": "LOCATION",
      "metadata": {},
      "salience": 0.08566569,
      "mentions": [
        {
          "text": {
            "content": "apartment complex",
            "beginOffset": -1
          },
          "type": "COMMON"
        }
      ]
    },
    {
      "name": "Tuna",
      "type": "OTHER",
      "metadata": {
        "mid": "/m/0cj45",
        "wikipedia_url": "https://en.wikipedia.org/wiki/Tuna"
      },
      "salience": 0.036860768,
      "mentions": [
        {
          "text": {
            "content": "Tuna",
            "beginOffset": -1
          },
          "type": "PROPER"
        },
        {
          "text": {
            "content": "cat",
            "beginOffset": -1
          },
          "type": "COMMON"
        }
      ]
    },
    {
      "name": "some",
      "type": "PERSON",
      "metadata": {},
      "salience": 0.036828224,
      "mentions": [
        {
          "text": {
            "content": "some",
            "beginOffset": -1
          },
          "type": "COMMON"
        }
      ]
    },
    {
      "name": "children",
      "type": "PERSON",
      "metadata": {},
      "salience": 0.036828224,
      "mentions": [
        {
          "text": {
            "content": "children",
            "beginOffset": -1
          },
          "type": "COMMON"
        }
      ]
    },
    {
      "name": "spite",
      "type": "OTHER",
      "metadata": {},
      "salience": 0.036647554,
      "mentions": [
        {
          "text": {
            "content": "spite",
            "beginOffset": -1
          },
          "type": "COMMON"
        }
      ]
    },
    {
      "name": "procedures",
      "type": "OTHER",
      "metadata": {},
      "salience": 0.022724804,
      "mentions": [
        {
          "text": {
            "content": "procedures",
            "beginOffset": -1
          },
          "type": "COMMON"
        }
      ]
    },
    {
      "name": "people",
      "type": "PERSON",
      "metadata": {},
      "salience": 0.015908469,
      "mentions": [
        {
          "text": {
            "content": "people",
            "beginOffset": -1
          },
          "type": "COMMON"
        }
      ]
    },
    {
      "name": "ill-will",
      "type": "OTHER",
      "metadata": {},
      "salience": 0.013982468,
      "mentions": [
        {
          "text": {
            "content": "ill-will",
            "beginOffset": -1
          },
          "type": "COMMON"
        }
      ]
    },
    {
      "name": "kitten",
      "type": "PERSON",
      "metadata": {},
      "salience": 0.011827446,
      "mentions": [
        {
          "text": {
            "content": "kitten",
            "beginOffset": -1
          },
          "type": "COMMON"
        }
      ]
    },
    {
      "name": "world",
      "type": "LOCATION",
      "metadata": {},
      "salience": 0.011355906,
      "mentions": [
        {
          "text": {
            "content": "world",
            "beginOffset": -1
          },
          "type": "COMMON"
        }
      ]
    },
    {
      "name": "cat",
      "type": "OTHER",
      "metadata": {},
      "salience": 0.010789859,
      "mentions": [
        {
          "text": {
            "content": "cat",
            "beginOffset": -1
          },
          "type": "COMMON"
        }
      ]
    },
    {
      "name": "people",
      "type": "PERSON",
      "metadata": {},
      "salience": 0.010751862,
      "mentions": [
        {
          "text": {
            "content": "people",
            "beginOffset": -1
          },
          "type": "COMMON"
        }
      ]
    },
    {
      "name": "hands",
      "type": "OTHER",
      "metadata": {},
      "salience": 0.009447674,
      "mentions": [
        {
          "text": {
            "content": "hands",
            "beginOffset": -1
          },
          "type": "COMMON"
        }
      ]
    },
    {
      "name": "nap",
      "type": "OTHER",
      "metadata": {},
      "salience": 0.009386437,
      "mentions": [
        {
          "text": {
            "content": "nap",
            "beginOffset": -1
          },
          "type": "COMMON"
        }
      ]
    },
    {
      "name": "laps",
      "type": "OTHER",
      "metadata": {},
      "salience": 0.009386437,
      "mentions": [
        {
          "text": {
            "content": "laps",
            "beginOffset": -1
          },
          "type": "COMMON"
        }
      ]
    },
    {
      "name": "guy",
      "type": "PERSON",
      "metadata": {},
      "salience": 0.009365463,
      "mentions": [
        {
          "text": {
            "content": "guy",
            "beginOffset": -1
          },
          "type": "COMMON"
        }
      ]
    },
    {
      "name": "home",
      "type": "LOCATION",
      "metadata": {},
      "salience": 0.009365463,
      "mentions": [
        {
          "text": {
            "content": "home",
            "beginOffset": -1
          },
          "type": "COMMON"
        }
      ]
    },
    {
      "name": "cage confinement",
      "type": "OTHER",
      "metadata": {},
      "salience": 0.008657475,
      "mentions": [
        {
          "text": {
            "content": "cage confinement",
            "beginOffset": -1
          },
          "type": "COMMON"
        }
      ]
    },
    {
      "name": "space",
      "type": "OTHER",
      "metadata": {},
      "salience": 0.008646287,
      "mentions": [
        {
          "text": {
            "content": "space",
            "beginOffset": -1
          },
          "type": "COMMON"
        }
      ]
    },
    {
      "name": "tuna",
      "type": "OTHER",
      "metadata": {},
      "salience": 0.0073894653,
      "mentions": [
        {
          "text": {
            "content": "tuna",
            "beginOffset": -1
          },
          "type": "COMMON"
        }
      ]
    },
    {
      "name": "lots",
      "type": "OTHER",
      "metadata": {},
      "salience": 0.00737083,
      "mentions": [
        {
          "text": {
            "content": "lots",
            "beginOffset": -1
          },
          "type": "COMMON"
        }
      ]
    },
    {
      "name": "progress",
      "type": "OTHER",
      "metadata": {},
      "salience": 0.006492019,
      "mentions": [
        {
          "text": {
            "content": "progress",
            "beginOffset": -1
          },
          "type": "COMMON"
        }
      ]
    },
    {
      "name": "Diet",
      "type": "OTHER",
      "metadata": {},
      "salience": 0.006486519,
      "mentions": [
        {
          "text": {
            "content": "Diet",
            "beginOffset": -1
          },
          "type": "COMMON"
        }
      ]
    },
    {
      "name": "booklet",
      "type": "OTHER",
      "metadata": {},
      "salience": 0.0060361666,
      "mentions": [
        {
          "text": {
            "content": "booklet",
            "beginOffset": -1
          },
          "type": "COMMON"
        }
      ]
    },
    {
      "name": "food Litter",
      "type": "CONSUMER_GOOD",
      "metadata": {},
      "salience": 0.0051702037,
      "mentions": [
        {
          "text": {
            "content": "food Litter",
            "beginOffset": -1
          },
          "type": "COMMON"
        }
      ]
    },
    {
      "name": "Adopter",
      "type": "PERSON",
      "metadata": {
        "mid": "/m/09lkz",
        "wikipedia_url": "https://en.wikipedia.org/wiki/Adoption"
      },
      "salience": 0.0047915103,
      "mentions": [
        {
          "text": {
            "content": "Adopter",
            "beginOffset": -1
          },
          "type": "PROPER"
        }
      ]
    },
    {
      "name": "litter box",
      "type": "OTHER",
      "metadata": {},
      "salience": 0.0045417715,
      "mentions": [
        {
          "text": {
            "content": "litter box",
            "beginOffset": -1
          },
          "type": "COMMON"
        }
      ]
    },
    {
      "name": "Natural Balance",
      "type": "OTHER",
      "metadata": {},
      "salience": 0.0045417715,
      "mentions": [
        {
          "text": {
            "content": "Natural Balance",
            "beginOffset": -1
          },
          "type": "COMMON"
        }
      ]
    },
    {
      "name": "adoption",
      "type": "OTHER",
      "metadata": {},
      "salience": 0.0035622185,
      "mentions": [
        {
          "text": {
            "content": "adoption",
            "beginOffset": -1
          },
          "type": "COMMON"
        }
      ]
    },
    {
      "name": "cage",
      "type": "OTHER",
      "metadata": {},
      "salience": 0.003252582,
      "mentions": [
        {
          "text": {
            "content": "cage",
            "beginOffset": -1
          },
          "type": "COMMON"
        }
      ]
    },
    {
      "name": "Vaccinations",
      "type": "OTHER",
      "metadata": {},
      "salience": 0.0031701396,
      "mentions": [
        {
          "text": {
            "content": "Vaccinations",
            "beginOffset": -1
          },
          "type": "COMMON"
        }
      ]
    },
    {
      "name": "Dewormed: // First Vaccination",
      "type": "OTHER",
      "metadata": {},
      "salience": 0.0030567807,
      "mentions": [
        {
          "text": {
            "content": "Dewormed: // First Vaccination",
            "beginOffset": -1
          },
          "type": "PROPER"
        }
      ]
    },
    {
      "name": "Acana Kitten",
      "type": "PERSON",
      "metadata": {},
      "salience": 0.0030567807,
      "mentions": [
        {
          "text": {
            "content": "Acana Kitten",
            "beginOffset": -1
          },
          "type": "PROPER"
        }
      ]
    },
    {
      "name": "neutering",
      "type": "OTHER",
      "metadata": {},
      "salience": 0.0028538983,
      "mentions": [
        {
          "text": {
            "content": "neutering",
            "beginOffset": -1
          },
          "type": "COMMON"
        }
      ]
    }
  ],
  "documentSentiment": {
    "magnitude": 7.7,
    "score": 0.1
  },
  "language": "en",
  "categories": []
}
