{
  "sentences": [
    {
      "text": {
        "content": "Trixie is a very intelligent, active &amp; cheerful lil dog.",
        "beginOffset": -1
      },
      "sentiment": {
        "magnitude": 0.8,
        "score": 0.8
      }
    },
    {
      "text": {
        "content": "She likes to be pampered, but yet she can play on her own knowing u busy.",
        "beginOffset": -1
      },
      "sentiment": {
        "magnitude": 0.8,
        "score": 0.8
      }
    },
    {
      "text": {
        "content": "She doesnt bark much.",
        "beginOffset": -1
      },
      "sentiment": {
        "magnitude": 0.2,
        "score": -0.2
      }
    },
    {
      "text": {
        "content": "I adopted her in when she a month old.",
        "beginOffset": -1
      },
      "sentiment": {
        "magnitude": 0,
        "score": 0
      }
    },
    {
      "text": {
        "content": "She has been my close companion ever since.",
        "beginOffset": -1
      },
      "sentiment": {
        "magnitude": 0.3,
        "score": 0.3
      }
    },
    {
      "text": {
        "content": "Due to my job requirement i have no choice but to give her away now.",
        "beginOffset": -1
      },
      "sentiment": {
        "magnitude": 0,
        "score": 0
      }
    },
    {
      "text": {
        "content": "Looking for serious adopter.",
        "beginOffset": -1
      },
      "sentiment": {
        "magnitude": 0.8,
        "score": 0.8
      }
    },
    {
      "text": {
        "content": "He/she needs to be a dog lover with patient, willing to allocate time and care.",
        "beginOffset": -1
      },
      "sentiment": {
        "magnitude": 0.7,
        "score": 0.7
      }
    }
  ],
  "tokens": [],
  "entities": [
    {
      "name": "Trixie",
      "type": "PERSON",
      "metadata": {},
      "salience": 0.7507582,
      "mentions": [
        {
          "text": {
            "content": "Trixie",
            "beginOffset": -1
          },
          "type": "PROPER"
        },
        {
          "text": {
            "content": "companion",
            "beginOffset": -1
          },
          "type": "COMMON"
        }
      ]
    },
    {
      "name": "lil dog",
      "type": "PERSON",
      "metadata": {},
      "salience": 0.18490562,
      "mentions": [
        {
          "text": {
            "content": "lil dog",
            "beginOffset": -1
          },
          "type": "COMMON"
        }
      ]
    },
    {
      "name": "bark",
      "type": "OTHER",
      "metadata": {},
      "salience": 0.016958557,
      "mentions": [
        {
          "text": {
            "content": "bark",
            "beginOffset": -1
          },
          "type": "COMMON"
        }
      ]
    },
    {
      "name": "job requirement",
      "type": "OTHER",
      "metadata": {},
      "salience": 0.015627652,
      "mentions": [
        {
          "text": {
            "content": "job requirement",
            "beginOffset": -1
          },
          "type": "COMMON"
        }
      ]
    },
    {
      "name": "dog lover",
      "type": "PERSON",
      "metadata": {},
      "salience": 0.01014832,
      "mentions": [
        {
          "text": {
            "content": "dog lover",
            "beginOffset": -1
          },
          "type": "COMMON"
        }
      ]
    },
    {
      "name": "patient",
      "type": "PERSON",
      "metadata": {},
      "salience": 0.008239371,
      "mentions": [
        {
          "text": {
            "content": "patient",
            "beginOffset": -1
          },
          "type": "COMMON"
        }
      ]
    },
    {
      "name": "care",
      "type": "OTHER",
      "metadata": {},
      "salience": 0.008239371,
      "mentions": [
        {
          "text": {
            "content": "care",
            "beginOffset": -1
          },
          "type": "COMMON"
        }
      ]
    },
    {
      "name": "choice",
      "type": "OTHER",
      "metadata": {},
      "salience": 0.0051229503,
      "mentions": [
        {
          "text": {
            "content": "choice",
            "beginOffset": -1
          },
          "type": "COMMON"
        }
      ]
    }
  ],
  "documentSentiment": {
    "magnitude": 3.9,
    "score": 0.4
  },
  "language": "en",
  "categories": []
}
