{
  "sentences": [
    {
      "text": {
        "content": "Sweety is the only girl found at the field ....when we found her ...",
        "beginOffset": -1
      },
      "sentiment": {
        "magnitude": 0,
        "score": 0
      }
    },
    {
      "text": {
        "content": "She is full black and with a white spot on her chest...her feet are covered with brown like Rottweiller built...",
        "beginOffset": -1
      },
      "sentiment": {
        "magnitude": 0.1,
        "score": 0.1
      }
    },
    {
      "text": {
        "content": "thats why she has got a slight dominant to others two..Lady first type!!!",
        "beginOffset": -1
      },
      "sentiment": {
        "magnitude": 0.1,
        "score": 0.1
      }
    },
    {
      "text": {
        "content": "Please call for viewing and I hope she can find a new family who love her all..that's why i named her Sweety...just so sweet Please call Darren:",
        "beginOffset": -1
      },
      "sentiment": {
        "magnitude": 0.5,
        "score": 0.5
      }
    }
  ],
  "tokens": [],
  "entities": [
    {
      "name": "girl",
      "type": "PERSON",
      "metadata": {},
      "salience": 0.63247967,
      "mentions": [
        {
          "text": {
            "content": "girl",
            "beginOffset": -1
          },
          "type": "COMMON"
        }
      ]
    },
    {
      "name": "Sweety",
      "type": "PERSON",
      "metadata": {},
      "salience": 0.16954103,
      "mentions": [
        {
          "text": {
            "content": "Sweety",
            "beginOffset": -1
          },
          "type": "PROPER"
        },
        {
          "text": {
            "content": "Sweety",
            "beginOffset": -1
          },
          "type": "PROPER"
        }
      ]
    },
    {
      "name": "field",
      "type": "LOCATION",
      "metadata": {},
      "salience": 0.07345274,
      "mentions": [
        {
          "text": {
            "content": "field",
            "beginOffset": -1
          },
          "type": "COMMON"
        }
      ]
    },
    {
      "name": "family",
      "type": "PERSON",
      "metadata": {},
      "salience": 0.03970623,
      "mentions": [
        {
          "text": {
            "content": "family",
            "beginOffset": -1
          },
          "type": "COMMON"
        }
      ]
    },
    {
      "name": "thats",
      "type": "OTHER",
      "metadata": {},
      "salience": 0.009519949,
      "mentions": [
        {
          "text": {
            "content": "thats",
            "beginOffset": -1
          },
          "type": "COMMON"
        }
      ]
    },
    {
      "name": "spot",
      "type": "OTHER",
      "metadata": {},
      "salience": 0.009451,
      "mentions": [
        {
          "text": {
            "content": "spot",
            "beginOffset": -1
          },
          "type": "COMMON"
        }
      ]
    },
    {
      "name": "chest",
      "type": "OTHER",
      "metadata": {},
      "salience": 0.009451,
      "mentions": [
        {
          "text": {
            "content": "chest",
            "beginOffset": -1
          },
          "type": "COMMON"
        }
      ]
    },
    {
      "name": "feet",
      "type": "OTHER",
      "metadata": {},
      "salience": 0.009451,
      "mentions": [
        {
          "text": {
            "content": "feet",
            "beginOffset": -1
          },
          "type": "COMMON"
        }
      ]
    },
    {
      "name": "brown",
      "type": "OTHER",
      "metadata": {},
      "salience": 0.009451,
      "mentions": [
        {
          "text": {
            "content": "brown",
            "beginOffset": -1
          },
          "type": "COMMON"
        }
      ]
    },
    {
      "name": "type",
      "type": "OTHER",
      "metadata": {},
      "salience": 0.00873888,
      "mentions": [
        {
          "text": {
            "content": "type",
            "beginOffset": -1
          },
          "type": "COMMON"
        }
      ]
    },
    {
      "name": "Lady",
      "type": "PERSON",
      "metadata": {},
      "salience": 0.00873888,
      "mentions": [
        {
          "text": {
            "content": "Lady",
            "beginOffset": -1
          },
          "type": "COMMON"
        }
      ]
    },
    {
      "name": "others",
      "type": "PERSON",
      "metadata": {},
      "salience": 0.00873888,
      "mentions": [
        {
          "text": {
            "content": "others",
            "beginOffset": -1
          },
          "type": "COMMON"
        }
      ]
    },
    {
      "name": "Rottweiller",
      "type": "PERSON",
      "metadata": {
        "mid": "/m/01nw62",
        "wikipedia_url": "https://en.wikipedia.org/wiki/Rottweiler"
      },
      "salience": 0.0056689163,
      "mentions": [
        {
          "text": {
            "content": "Rottweiller",
            "beginOffset": -1
          },
          "type": "PROPER"
        }
      ]
    },
    {
      "name": "viewing",
      "type": "OTHER",
      "metadata": {},
      "salience": 0.0028870578,
      "mentions": [
        {
          "text": {
            "content": "viewing",
            "beginOffset": -1
          },
          "type": "COMMON"
        }
      ]
    },
    {
      "name": "Darren",
      "type": "PERSON",
      "metadata": {},
      "salience": 0.002723774,
      "mentions": [
        {
          "text": {
            "content": "Darren",
            "beginOffset": -1
          },
          "type": "PROPER"
        }
      ]
    }
  ],
  "documentSentiment": {
    "magnitude": 0.9,
    "score": 0.2
  },
  "language": "en",
  "categories": []
}
