{
  "sentences": [
    {
      "text": {
        "content": "She is loving and obedient.",
        "beginOffset": -1
      },
      "sentiment": {
        "magnitude": 0.9,
        "score": 0.9
      }
    },
    {
      "text": {
        "content": "Looks like the 'whippet' breed (from the greyhound family).",
        "beginOffset": -1
      },
      "sentiment": {
        "magnitude": 0.1,
        "score": 0.1
      }
    }
  ],
  "tokens": [],
  "entities": [
    {
      "name": "Looks",
      "type": "OTHER",
      "metadata": {},
      "salience": 0.3783763,
      "mentions": [
        {
          "text": {
            "content": "Looks",
            "beginOffset": -1
          },
          "type": "COMMON"
        }
      ]
    },
    {
      "name": "whippet' breed",
      "type": "OTHER",
      "metadata": {},
      "salience": 0.3527213,
      "mentions": [
        {
          "text": {
            "content": "whippet' breed",
            "beginOffset": -1
          },
          "type": "COMMON"
        }
      ]
    },
    {
      "name": "greyhound family",
      "type": "PERSON",
      "metadata": {},
      "salience": 0.26890236,
      "mentions": [
        {
          "text": {
            "content": "greyhound family",
            "beginOffset": -1
          },
          "type": "COMMON"
        }
      ]
    }
  ],
  "documentSentiment": {
    "magnitude": 1.1,
    "score": 0.5
  },
  "language": "en",
  "categories": []
}
