{
  "sentences": [
    {
      "text": {
        "content": "Mixed Siamese.",
        "beginOffset": -1
      },
      "sentiment": {
        "magnitude": 0,
        "score": 0
      }
    },
    {
      "text": {
        "content": "Interested pls contact Mr Low",
        "beginOffset": -1
      },
      "sentiment": {
        "magnitude": 0.4,
        "score": 0.4
      }
    }
  ],
  "tokens": [],
  "entities": [
    {
      "name": "Siamese",
      "type": "CONSUMER_GOOD",
      "metadata": {},
      "salience": 0.6612687,
      "mentions": [
        {
          "text": {
            "content": "Siamese",
            "beginOffset": -1
          },
          "type": "COMMON"
        }
      ]
    },
    {
      "name": "Low",
      "type": "PERSON",
      "metadata": {},
      "salience": 0.3387313,
      "mentions": [
        {
          "text": {
            "content": "Low",
            "beginOffset": -1
          },
          "type": "COMMON"
        },
        {
          "text": {
            "content": "Mr",
            "beginOffset": -1
          },
          "type": "COMMON"
        }
      ]
    }
  ],
  "documentSentiment": {
    "magnitude": 0.4,
    "score": 0.2
  },
  "language": "en",
  "categories": []
}
