{
  "sentences": [
    {
      "text": {
        "content": "Healthy.",
        "beginOffset": -1
      },
      "sentiment": {
        "magnitude": 0.1,
        "score": 0.1
      }
    },
    {
      "text": {
        "content": "Available b(KIV),c and e only.",
        "beginOffset": -1
      },
      "sentiment": {
        "magnitude": 0,
        "score": 0
      }
    },
    {
      "text": {
        "content": "Can only be adopt by early or middle May.",
        "beginOffset": -1
      },
      "sentiment": {
        "magnitude": 0.1,
        "score": -0.1
      }
    },
    {
      "text": {
        "content": "Advisable to adopt in pair or it will be great can adopt all 3 of them.",
        "beginOffset": -1
      },
      "sentiment": {
        "magnitude": 0.7,
        "score": 0.7
      }
    },
    {
      "text": {
        "content": "Thanks.",
        "beginOffset": -1
      },
      "sentiment": {
        "magnitude": 0.1,
        "score": 0.1
      }
    }
  ],
  "tokens": [],
  "entities": [
    {
      "name": "b",
      "type": "OTHER",
      "metadata": {},
      "salience": 0.38296807,
      "mentions": [
        {
          "text": {
            "content": "b",
            "beginOffset": -1
          },
          "type": "COMMON"
        }
      ]
    },
    {
      "name": "KIV",
      "type": "PERSON",
      "metadata": {},
      "salience": 0.23592891,
      "mentions": [
        {
          "text": {
            "content": "KIV",
            "beginOffset": -1
          },
          "type": "PROPER"
        }
      ]
    },
    {
      "name": "c",
      "type": "OTHER",
      "metadata": {},
      "salience": 0.1543774,
      "mentions": [
        {
          "text": {
            "content": "c",
            "beginOffset": -1
          },
          "type": "COMMON"
        }
      ]
    },
    {
      "name": "pair",
      "type": "OTHER",
      "metadata": {},
      "salience": 0.10114424,
      "mentions": [
        {
          "text": {
            "content": "pair",
            "beginOffset": -1
          },
          "type": "COMMON"
        }
      ]
    },
    {
      "name": "3",
      "type": "OTHER",
      "metadata": {},
      "salience": 0.07379308,
      "mentions": [
        {
          "text": {
            "content": "3",
            "beginOffset": -1
          },
          "type": "COMMON"
        }
      ]
    },
    {
      "name": "Thanks",
      "type": "OTHER",
      "metadata": {},
      "salience": 0.051788315,
      "mentions": [
        {
          "text": {
            "content": "Thanks",
            "beginOffset": -1
          },
          "type": "COMMON"
        }
      ]
    }
  ],
  "documentSentiment": {
    "magnitude": 1.3,
    "score": 0.1
  },
  "language": "en",
  "categories": []
}
