{
  "sentences": [
    {
      "text": {
        "content": "Smarty is a very manja girl.",
        "beginOffset": -1
      },
      "sentiment": {
        "magnitude": 0,
        "score": 0
      }
    },
    {
      "text": {
        "content": "She loves to play with you and want to get hugs from you.",
        "beginOffset": -1
      },
      "sentiment": {
        "magnitude": 0.9,
        "score": 0.9
      }
    },
    {
      "text": {
        "content": "She is sibling to Baqi.",
        "beginOffset": -1
      },
      "sentiment": {
        "magnitude": 0,
        "score": 0
      }
    },
    {
      "text": {
        "content": "She is litter-trained, full vaccinated and spayed.",
        "beginOffset": -1
      },
      "sentiment": {
        "magnitude": 0.1,
        "score": -0.1
      }
    },
    {
      "text": {
        "content": "No adoption fee required.",
        "beginOffset": -1
      },
      "sentiment": {
        "magnitude": 0.1,
        "score": 0.1
      }
    },
    {
      "text": {
        "content": "Please contact me () if you are interested in adopting her.",
        "beginOffset": -1
      },
      "sentiment": {
        "magnitude": 0,
        "score": 0
      }
    }
  ],
  "tokens": [],
  "entities": [
    {
      "name": "sibling",
      "type": "PERSON",
      "metadata": {},
      "salience": 0.8589185,
      "mentions": [
        {
          "text": {
            "content": "girl",
            "beginOffset": -1
          },
          "type": "COMMON"
        },
        {
          "text": {
            "content": "sibling",
            "beginOffset": -1
          },
          "type": "COMMON"
        }
      ]
    },
    {
      "name": "Smarty",
      "type": "ORGANIZATION",
      "metadata": {},
      "salience": 0.097138524,
      "mentions": [
        {
          "text": {
            "content": "Smarty",
            "beginOffset": -1
          },
          "type": "PROPER"
        }
      ]
    },
    {
      "name": "hugs",
      "type": "OTHER",
      "metadata": {},
      "salience": 0.022895876,
      "mentions": [
        {
          "text": {
            "content": "hugs",
            "beginOffset": -1
          },
          "type": "COMMON"
        }
      ]
    },
    {
      "name": "Baqi",
      "type": "PERSON",
      "metadata": {},
      "salience": 0.010765844,
      "mentions": [
        {
          "text": {
            "content": "Baqi",
            "beginOffset": -1
          },
          "type": "PROPER"
        }
      ]
    },
    {
      "name": "adoption fee",
      "type": "OTHER",
      "metadata": {},
      "salience": 0.010281257,
      "mentions": [
        {
          "text": {
            "content": "adoption fee",
            "beginOffset": -1
          },
          "type": "COMMON"
        }
      ]
    }
  ],
  "documentSentiment": {
    "magnitude": 1.4,
    "score": 0.1
  },
  "language": "en",
  "categories": []
}
