{
  "sentences": [
    {
      "text": {
        "content": "I found Shaggie with 2 other males at a heavy machinery repair shop.",
        "beginOffset": -1
      },
      "sentiment": {
        "magnitude": 0.2,
        "score": 0.2
      }
    },
    {
      "text": {
        "content": "She was very probably abandoned.",
        "beginOffset": -1
      },
      "sentiment": {
        "magnitude": 0.7,
        "score": -0.7
      }
    },
    {
      "text": {
        "content": "She has shaggy fur, and very likely a terrier mix.",
        "beginOffset": -1
      },
      "sentiment": {
        "magnitude": 0.2,
        "score": 0.2
      }
    },
    {
      "text": {
        "content": "Now a kind hearted shop owner is sheltering her while she is waiting and hoping to be adopted into a loving forever home.",
        "beginOffset": -1
      },
      "sentiment": {
        "magnitude": 0.8,
        "score": 0.8
      }
    },
    {
      "text": {
        "content": "Shaggie is quite strong in character.",
        "beginOffset": -1
      },
      "sentiment": {
        "magnitude": 0.3,
        "score": 0.3
      }
    },
    {
      "text": {
        "content": "Real dog lovers please call Jocelyn at.",
        "beginOffset": -1
      },
      "sentiment": {
        "magnitude": 0.5,
        "score": 0.5
      }
    }
  ],
  "tokens": [],
  "entities": [
    {
      "name": "males",
      "type": "PERSON",
      "metadata": {},
      "salience": 0.34246588,
      "mentions": [
        {
          "text": {
            "content": "males",
            "beginOffset": -1
          },
          "type": "COMMON"
        }
      ]
    },
    {
      "name": "Shaggie",
      "type": "OTHER",
      "metadata": {},
      "salience": 0.2668219,
      "mentions": [
        {
          "text": {
            "content": "Shaggie",
            "beginOffset": -1
          },
          "type": "PROPER"
        },
        {
          "text": {
            "content": "Shaggie",
            "beginOffset": -1
          },
          "type": "PROPER"
        }
      ]
    },
    {
      "name": "repair shop",
      "type": "LOCATION",
      "metadata": {},
      "salience": 0.15657718,
      "mentions": [
        {
          "text": {
            "content": "repair shop",
            "beginOffset": -1
          },
          "type": "COMMON"
        }
      ]
    },
    {
      "name": "terrier mix",
      "type": "OTHER",
      "metadata": {},
      "salience": 0.04633205,
      "mentions": [
        {
          "text": {
            "content": "terrier mix",
            "beginOffset": -1
          },
          "type": "COMMON"
        }
      ]
    },
    {
      "name": "fur",
      "type": "OTHER",
      "metadata": {},
      "salience": 0.04577266,
      "mentions": [
        {
          "text": {
            "content": "fur",
            "beginOffset": -1
          },
          "type": "COMMON"
        }
      ]
    },
    {
      "name": "shop owner",
      "type": "PERSON",
      "metadata": {},
      "salience": 0.042404912,
      "mentions": [
        {
          "text": {
            "content": "shop owner",
            "beginOffset": -1
          },
          "type": "COMMON"
        }
      ]
    },
    {
      "name": "home",
      "type": "LOCATION",
      "metadata": {},
      "salience": 0.032043956,
      "mentions": [
        {
          "text": {
            "content": "home",
            "beginOffset": -1
          },
          "type": "COMMON"
        }
      ]
    },
    {
      "name": "character",
      "type": "OTHER",
      "metadata": {},
      "salience": 0.031956848,
      "mentions": [
        {
          "text": {
            "content": "character",
            "beginOffset": -1
          },
          "type": "COMMON"
        }
      ]
    },
    {
      "name": "dog lovers",
      "type": "PERSON",
      "metadata": {},
      "salience": 0.022372458,
      "mentions": [
        {
          "text": {
            "content": "dog lovers",
            "beginOffset": -1
          },
          "type": "COMMON"
        }
      ]
    },
    {
      "name": "Jocelyn",
      "type": "PERSON",
      "metadata": {},
      "salience": 0.01325216,
      "mentions": [
        {
          "text": {
            "content": "Jocelyn",
            "beginOffset": -1
          },
          "type": "PROPER"
        }
      ]
    }
  ],
  "documentSentiment": {
    "magnitude": 2.9,
    "score": 0.2
  },
  "language": "en",
  "categories": []
}
