{
  "sentences": [
    {
      "text": {
        "content": "Momma is an amazing dog looking for a great home.",
        "beginOffset": -1
      },
      "sentiment": {
        "magnitude": 0.9,
        "score": 0.9
      }
    },
    {
      "text": {
        "content": "She enjoys being outdoors but also enjoys laying in front of the fan inside &amp; cuddling with her people.",
        "beginOffset": -1
      },
      "sentiment": {
        "magnitude": 0.9,
        "score": 0.9
      }
    },
    {
      "text": {
        "content": "Needs a very patient owner as she gets very anxious when left by herself.",
        "beginOffset": -1
      },
      "sentiment": {
        "magnitude": 0.5,
        "score": -0.5
      }
    },
    {
      "text": {
        "content": "Once she gets attached, she'll become very loyal &amp; protective (but not aggressive).",
        "beginOffset": -1
      },
      "sentiment": {
        "magnitude": 0.6,
        "score": 0.6
      }
    },
    {
      "text": {
        "content": "She'll bark at strangers &amp; passing cars.",
        "beginOffset": -1
      },
      "sentiment": {
        "magnitude": 0.1,
        "score": 0.1
      }
    },
    {
      "text": {
        "content": "Momma is currently being fostered at KL Pooch Rescue but would love a forever home with a wonderful family.",
        "beginOffset": -1
      },
      "sentiment": {
        "magnitude": 0.9,
        "score": 0.9
      }
    }
  ],
  "tokens": [],
  "entities": [
    {
      "name": "Momma",
      "type": "PERSON",
      "metadata": {},
      "salience": 0.49499616,
      "mentions": [
        {
          "text": {
            "content": "Momma",
            "beginOffset": -1
          },
          "type": "PROPER"
        }
      ]
    },
    {
      "name": "dog",
      "type": "OTHER",
      "metadata": {},
      "salience": 0.14530209,
      "mentions": [
        {
          "text": {
            "content": "dog",
            "beginOffset": -1
          },
          "type": "COMMON"
        }
      ]
    },
    {
      "name": "patient owner",
      "type": "PERSON",
      "metadata": {},
      "salience": 0.13525397,
      "mentions": [
        {
          "text": {
            "content": "patient owner",
            "beginOffset": -1
          },
          "type": "COMMON"
        }
      ]
    },
    {
      "name": "home",
      "type": "LOCATION",
      "metadata": {},
      "salience": 0.11622382,
      "mentions": [
        {
          "text": {
            "content": "home",
            "beginOffset": -1
          },
          "type": "COMMON"
        }
      ]
    },
    {
      "name": "front",
      "type": "OTHER",
      "metadata": {},
      "salience": 0.022599457,
      "mentions": [
        {
          "text": {
            "content": "front",
            "beginOffset": -1
          },
          "type": "COMMON"
        }
      ]
    },
    {
      "name": "fan",
      "type": "PERSON",
      "metadata": {},
      "salience": 0.022599457,
      "mentions": [
        {
          "text": {
            "content": "fan",
            "beginOffset": -1
          },
          "type": "COMMON"
        }
      ]
    },
    {
      "name": "people",
      "type": "PERSON",
      "metadata": {},
      "salience": 0.015318354,
      "mentions": [
        {
          "text": {
            "content": "people",
            "beginOffset": -1
          },
          "type": "COMMON"
        }
      ]
    },
    {
      "name": "cars",
      "type": "CONSUMER_GOOD",
      "metadata": {},
      "salience": 0.011441667,
      "mentions": [
        {
          "text": {
            "content": "cars",
            "beginOffset": -1
          },
          "type": "COMMON"
        }
      ]
    },
    {
      "name": "Momma",
      "type": "PERSON",
      "metadata": {},
      "salience": 0.010421671,
      "mentions": [
        {
          "text": {
            "content": "Momma",
            "beginOffset": -1
          },
          "type": "COMMON"
        }
      ]
    },
    {
      "name": "home",
      "type": "LOCATION",
      "metadata": {},
      "salience": 0.007439313,
      "mentions": [
        {
          "text": {
            "content": "home",
            "beginOffset": -1
          },
          "type": "COMMON"
        }
      ]
    },
    {
      "name": "family",
      "type": "PERSON",
      "metadata": {},
      "salience": 0.007439313,
      "mentions": [
        {
          "text": {
            "content": "family",
            "beginOffset": -1
          },
          "type": "COMMON"
        }
      ]
    },
    {
      "name": "KL Pooch Rescue",
      "type": "OTHER",
      "metadata": {},
      "salience": 0.006286471,
      "mentions": [
        {
          "text": {
            "content": "KL Pooch Rescue",
            "beginOffset": -1
          },
          "type": "PROPER"
        }
      ]
    },
    {
      "name": "strangers",
      "type": "PERSON",
      "metadata": {},
      "salience": 0.0046782764,
      "mentions": [
        {
          "text": {
            "content": "strangers",
            "beginOffset": -1
          },
          "type": "COMMON"
        }
      ]
    }
  ],
  "documentSentiment": {
    "magnitude": 4,
    "score": 0.5
  },
  "language": "en",
  "categories": []
}
