{
  "sentences": [
    {
      "text": {
        "content": "Milo is a male, St. Bernard mixed.",
        "beginOffset": -1
      },
      "sentiment": {
        "magnitude": 0,
        "score": 0
      }
    },
    {
      "text": {
        "content": "We're looking for someone who can provide him mental stimulation and enough space to run around in as he really needs it.",
        "beginOffset": -1
      },
      "sentiment": {
        "magnitude": 0.6,
        "score": 0.6
      }
    },
    {
      "text": {
        "content": "We're unable to care for him anymore as we're currently dealing with family issue.",
        "beginOffset": -1
      },
      "sentiment": {
        "magnitude": 0.3,
        "score": -0.3
      }
    },
    {
      "text": {
        "content": "Milo is a very energetic dog.",
        "beginOffset": -1
      },
      "sentiment": {
        "magnitude": 0.7,
        "score": 0.7
      }
    },
    {
      "text": {
        "content": "He likes to play tug-of-war and will fetch you his toys to play with.",
        "beginOffset": -1
      },
      "sentiment": {
        "magnitude": 0.8,
        "score": 0.8
      }
    },
    {
      "text": {
        "content": "He likes to play hide and seek too.",
        "beginOffset": -1
      },
      "sentiment": {
        "magnitude": 0.6,
        "score": 0.6
      }
    }
  ],
  "tokens": [],
  "entities": [
    {
      "name": "Milo",
      "type": "PERSON",
      "metadata": {},
      "salience": 0.6337735,
      "mentions": [
        {
          "text": {
            "content": "Milo",
            "beginOffset": -1
          },
          "type": "PROPER"
        },
        {
          "text": {
            "content": "male",
            "beginOffset": -1
          },
          "type": "COMMON"
        },
        {
          "text": {
            "content": "Milo",
            "beginOffset": -1
          },
          "type": "PROPER"
        }
      ]
    },
    {
      "name": "St. Bernard",
      "type": "PERSON",
      "metadata": {
        "mid": "/m/02p1d4",
        "wikipedia_url": "https://en.wikipedia.org/wiki/St._Bernard_(dog)"
      },
      "salience": 0.11425001,
      "mentions": [
        {
          "text": {
            "content": "St. Bernard",
            "beginOffset": -1
          },
          "type": "PROPER"
        }
      ]
    },
    {
      "name": "someone",
      "type": "PERSON",
      "metadata": {},
      "salience": 0.09042844,
      "mentions": [
        {
          "text": {
            "content": "someone",
            "beginOffset": -1
          },
          "type": "COMMON"
        }
      ]
    },
    {
      "name": "stimulation",
      "type": "OTHER",
      "metadata": {},
      "salience": 0.08419665,
      "mentions": [
        {
          "text": {
            "content": "stimulation",
            "beginOffset": -1
          },
          "type": "COMMON"
        }
      ]
    },
    {
      "name": "space",
      "type": "OTHER",
      "metadata": {},
      "salience": 0.024484446,
      "mentions": [
        {
          "text": {
            "content": "space",
            "beginOffset": -1
          },
          "type": "COMMON"
        }
      ]
    },
    {
      "name": "family issue",
      "type": "OTHER",
      "metadata": {},
      "salience": 0.022643132,
      "mentions": [
        {
          "text": {
            "content": "family issue",
            "beginOffset": -1
          },
          "type": "COMMON"
        }
      ]
    },
    {
      "name": "toys",
      "type": "CONSUMER_GOOD",
      "metadata": {},
      "salience": 0.016987223,
      "mentions": [
        {
          "text": {
            "content": "toys",
            "beginOffset": -1
          },
          "type": "COMMON"
        }
      ]
    },
    {
      "name": "dog",
      "type": "OTHER",
      "metadata": {},
      "salience": 0.009574978,
      "mentions": [
        {
          "text": {
            "content": "dog",
            "beginOffset": -1
          },
          "type": "COMMON"
        }
      ]
    },
    {
      "name": "tug-of-war",
      "type": "OTHER",
      "metadata": {},
      "salience": 0.0036615836,
      "mentions": [
        {
          "text": {
            "content": "tug-of-war",
            "beginOffset": -1
          },
          "type": "COMMON"
        }
      ]
    }
  ],
  "documentSentiment": {
    "magnitude": 3.1,
    "score": 0.4
  },
  "language": "en",
  "categories": []
}
