{
  "sentences": [
    {
      "text": {
        "content": "I brought it home from seksyen 17 Pj, the mother has delivered 6 kittens and i brought it home 3.",
        "beginOffset": -1
      },
      "sentiment": {
        "magnitude": 0.3,
        "score": 0.3
      }
    }
  ],
  "tokens": [],
  "entities": [
    {
      "name": "mother",
      "type": "PERSON",
      "metadata": {},
      "salience": 0.64455605,
      "mentions": [
        {
          "text": {
            "content": "mother",
            "beginOffset": -1
          },
          "type": "COMMON"
        }
      ]
    },
    {
      "name": "Pj",
      "type": "PERSON",
      "metadata": {
        "mid": "/m/03dqts",
        "wikipedia_url": "https://en.wikipedia.org/wiki/Petaling_Jaya"
      },
      "salience": 0.23252155,
      "mentions": [
        {
          "text": {
            "content": "Pj",
            "beginOffset": -1
          },
          "type": "PROPER"
        }
      ]
    },
    {
      "name": "kittens",
      "type": "PERSON",
      "metadata": {},
      "salience": 0.122922406,
      "mentions": [
        {
          "text": {
            "content": "kittens",
            "beginOffset": -1
          },
          "type": "COMMON"
        }
      ]
    }
  ],
  "documentSentiment": {
    "magnitude": 0.3,
    "score": 0.3
  },
  "language": "en",
  "categories": []
}
