{
  "sentences": [
    {
      "text": {
        "content": "A sweet, loving and nice girl now looking for her family!",
        "beginOffset": -1
      },
      "sentiment": {
        "magnitude": 0.9,
        "score": 0.9
      }
    },
    {
      "text": {
        "content": "Her mother left her when she was about 2 weeks old.",
        "beginOffset": -1
      },
      "sentiment": {
        "magnitude": 0,
        "score": 0
      }
    },
    {
      "text": {
        "content": "Now she already can eat and drink on her own and I'd gladly keep her, but I already have 2 cats.",
        "beginOffset": -1
      },
      "sentiment": {
        "magnitude": 0.1,
        "score": 0.1
      }
    },
    {
      "text": {
        "content": "Anyone who needs a friend for life please contact me to take this sweet girl and become her family.",
        "beginOffset": -1
      },
      "sentiment": {
        "magnitude": 0.7,
        "score": 0.7
      }
    },
    {
      "text": {
        "content": "Currently shes at Sek.9, Putra Heights, Subang Jaya Sms, call, WhatsApp @ Ill send the pic to those who r interested.",
        "beginOffset": -1
      },
      "sentiment": {
        "magnitude": 0.3,
        "score": 0.3
      }
    },
    {
      "text": {
        "content": "Cant upload, phone problem:(",
        "beginOffset": -1
      },
      "sentiment": {
        "magnitude": 0.7,
        "score": -0.7
      }
    }
  ],
  "tokens": [],
  "entities": [
    {
      "name": "girl",
      "type": "PERSON",
      "metadata": {},
      "salience": 0.37132934,
      "mentions": [
        {
          "text": {
            "content": "girl",
            "beginOffset": -1
          },
          "type": "COMMON"
        },
        {
          "text": {
            "content": "girl",
            "beginOffset": -1
          },
          "type": "COMMON"
        }
      ]
    },
    {
      "name": "mother",
      "type": "PERSON",
      "metadata": {},
      "salience": 0.2949243,
      "mentions": [
        {
          "text": {
            "content": "mother",
            "beginOffset": -1
          },
          "type": "COMMON"
        }
      ]
    },
    {
      "name": "family",
      "type": "PERSON",
      "metadata": {},
      "salience": 0.20522271,
      "mentions": [
        {
          "text": {
            "content": "family",
            "beginOffset": -1
          },
          "type": "COMMON"
        },
        {
          "text": {
            "content": "family",
            "beginOffset": -1
          },
          "type": "COMMON"
        }
      ]
    },
    {
      "name": "Anyone",
      "type": "PERSON",
      "metadata": {},
      "salience": 0.047404554,
      "mentions": [
        {
          "text": {
            "content": "Anyone",
            "beginOffset": -1
          },
          "type": "COMMON"
        }
      ]
    },
    {
      "name": "cats",
      "type": "OTHER",
      "metadata": {},
      "salience": 0.012780168,
      "mentions": [
        {
          "text": {
            "content": "cats",
            "beginOffset": -1
          },
          "type": "COMMON"
        }
      ]
    },
    {
      "name": "life",
      "type": "OTHER",
      "metadata": {},
      "salience": 0.011833557,
      "mentions": [
        {
          "text": {
            "content": "life",
            "beginOffset": -1
          },
          "type": "COMMON"
        }
      ]
    },
    {
      "name": "friend",
      "type": "PERSON",
      "metadata": {},
      "salience": 0.010091745,
      "mentions": [
        {
          "text": {
            "content": "friend",
            "beginOffset": -1
          },
          "type": "COMMON"
        }
      ]
    },
    {
      "name": "call",
      "type": "OTHER",
      "metadata": {},
      "salience": 0.0089032035,
      "mentions": [
        {
          "text": {
            "content": "call",
            "beginOffset": -1
          },
          "type": "COMMON"
        }
      ]
    },
    {
      "name": "pic",
      "type": "WORK_OF_ART",
      "metadata": {},
      "salience": 0.0089032035,
      "mentions": [
        {
          "text": {
            "content": "pic",
            "beginOffset": -1
          },
          "type": "COMMON"
        }
      ]
    },
    {
      "name": "phone problem",
      "type": "OTHER",
      "metadata": {},
      "salience": 0.0058529587,
      "mentions": [
        {
          "text": {
            "content": "phone problem",
            "beginOffset": -1
          },
          "type": "COMMON"
        }
      ]
    },
    {
      "name": "Subang Jaya Sms",
      "type": "LOCATION",
      "metadata": {
        "wikipedia_url": "https://en.wikipedia.org/wiki/Subang_Jaya",
        "mid": "/m/054t4_"
      },
      "salience": 0.005269196,
      "mentions": [
        {
          "text": {
            "content": "Subang Jaya Sms",
            "beginOffset": -1
          },
          "type": "PROPER"
        }
      ]
    },
    {
      "name": "WhatsApp @ Ill",
      "type": "OTHER",
      "metadata": {},
      "salience": 0.005269196,
      "mentions": [
        {
          "text": {
            "content": "WhatsApp @ Ill",
            "beginOffset": -1
          },
          "type": "PROPER"
        }
      ]
    },
    {
      "name": "shes",
      "type": "OTHER",
      "metadata": {},
      "salience": 0.0039106817,
      "mentions": [
        {
          "text": {
            "content": "shes",
            "beginOffset": -1
          },
          "type": "COMMON"
        }
      ]
    },
    {
      "name": "Cant",
      "type": "PERSON",
      "metadata": {},
      "salience": 0.0036811952,
      "mentions": [
        {
          "text": {
            "content": "Cant",
            "beginOffset": -1
          },
          "type": "PROPER"
        }
      ]
    },
    {
      "name": "Sek.9",
      "type": "LOCATION",
      "metadata": {},
      "salience": 0.0023119957,
      "mentions": [
        {
          "text": {
            "content": "Sek.9",
            "beginOffset": -1
          },
          "type": "PROPER"
        }
      ]
    },
    {
      "name": "Putra Heights",
      "type": "LOCATION",
      "metadata": {
        "mid": "/m/0gj4kj",
        "wikipedia_url": "https://en.wikipedia.org/wiki/Putra_Heights"
      },
      "salience": 0.0023119957,
      "mentions": [
        {
          "text": {
            "content": "Putra Heights",
            "beginOffset": -1
          },
          "type": "PROPER"
        }
      ]
    }
  ],
  "documentSentiment": {
    "magnitude": 2.9,
    "score": 0.2
  },
  "language": "en",
  "categories": []
}
