{
  "sentences": [
    {
      "text": {
        "content": "Park was found in a parking lot in Cheras on 20th May by Rebecca Ma.",
        "beginOffset": -1
      },
      "sentiment": {
        "magnitude": 0,
        "score": 0
      }
    },
    {
      "text": {
        "content": "He was so small and alone yet fearless, approaching Rebecca when she called out to him.",
        "beginOffset": -1
      },
      "sentiment": {
        "magnitude": 0.2,
        "score": 0.2
      }
    },
    {
      "text": {
        "content": "She immediately brought him to the vet for a checkup and he was deemed healthy.",
        "beginOffset": -1
      },
      "sentiment": {
        "magnitude": 0.1,
        "score": -0.1
      }
    },
    {
      "text": {
        "content": "I am now temporarily fostering the little cutie and i hope to find a good home for this very affectionate and loving kitten.",
        "beginOffset": -1
      },
      "sentiment": {
        "magnitude": 0.9,
        "score": 0.9
      }
    },
    {
      "text": {
        "content": "For adoption to a safe and loving home.",
        "beginOffset": -1
      },
      "sentiment": {
        "magnitude": 0.9,
        "score": 0.9
      }
    },
    {
      "text": {
        "content": "INDOOR only.",
        "beginOffset": -1
      },
      "sentiment": {
        "magnitude": 0,
        "score": 0
      }
    },
    {
      "text": {
        "content": "Vaccinations and neutering are COMPULSORY.",
        "beginOffset": -1
      },
      "sentiment": {
        "magnitude": 0,
        "score": 0
      }
    },
    {
      "text": {
        "content": "There are too many homeless, suffering kittens out there already.",
        "beginOffset": -1
      },
      "sentiment": {
        "magnitude": 0.3,
        "score": -0.3
      }
    },
    {
      "text": {
        "content": "NO CAGE CONFINEMENT.",
        "beginOffset": -1
      },
      "sentiment": {
        "magnitude": 0,
        "score": 0
      }
    },
    {
      "text": {
        "content": "Please note that animals are NOT TO BE KEPT IN CAGES PERMANENTLY.",
        "beginOffset": -1
      },
      "sentiment": {
        "magnitude": 0.4,
        "score": -0.4
      }
    },
    {
      "text": {
        "content": "Park is depicted here in a cage as a temporary measure during the fostering process to protect him from several fully grown adult dogs and cats in my home.",
        "beginOffset": -1
      },
      "sentiment": {
        "magnitude": 0.5,
        "score": 0.5
      }
    },
    {
      "text": {
        "content": "Anyway that should be obvious and adopters should be able to comprehend that.",
        "beginOffset": -1
      },
      "sentiment": {
        "magnitude": 0.1,
        "score": 0.1
      }
    },
    {
      "text": {
        "content": "Current Diet - Royal Canin Babycat and/or Hill's Science Plan kitten kibble.",
        "beginOffset": -1
      },
      "sentiment": {
        "magnitude": 0,
        "score": 0
      }
    },
    {
      "text": {
        "content": "Litter trained - Yes he uses the litterbox without fail.",
        "beginOffset": -1
      },
      "sentiment": {
        "magnitude": 0.2,
        "score": 0.2
      }
    },
    {
      "text": {
        "content": "Dewormed - /09 Adoption procedure: - Set up a meeting with me and Park.",
        "beginOffset": -1
      },
      "sentiment": {
        "magnitude": 0.3,
        "score": 0.3
      }
    },
    {
      "text": {
        "content": "- See if potential adopter and Park are suitable for each other.",
        "beginOffset": -1
      },
      "sentiment": {
        "magnitude": 0.3,
        "score": 0.3
      }
    },
    {
      "text": {
        "content": "- Succesful adopter will then have to meet us at my vet in order to get Park vaccinated before being able to take Park home.",
        "beginOffset": -1
      },
      "sentiment": {
        "magnitude": 0.6,
        "score": 0.6
      }
    },
    {
      "text": {
        "content": "Cost of vaccination and neutering to be borne by adopter.",
        "beginOffset": -1
      },
      "sentiment": {
        "magnitude": 0.7,
        "score": 0.7
      }
    },
    {
      "text": {
        "content": "Interested parties can call, sms, or email me.",
        "beginOffset": -1
      },
      "sentiment": {
        "magnitude": 0.7,
        "score": 0.7
      }
    },
    {
      "text": {
        "content": "Serious enquiries only please.",
        "beginOffset": -1
      },
      "sentiment": {
        "magnitude": 0.2,
        "score": -0.2
      }
    },
    {
      "text": {
        "content": "A brief description of yourself and your experience with cats is greatly appreciated.",
        "beginOffset": -1
      },
      "sentiment": {
        "magnitude": 0.8,
        "score": 0.8
      }
    }
  ],
  "tokens": [],
  "entities": [
    {
      "name": "Park",
      "type": "LOCATION",
      "metadata": {},
      "salience": 0.22766878,
      "mentions": [
        {
          "text": {
            "content": "Park",
            "beginOffset": -1
          },
          "type": "PROPER"
        },
        {
          "text": {
            "content": "Park",
            "beginOffset": -1
          },
          "type": "PROPER"
        },
        {
          "text": {
            "content": "Park",
            "beginOffset": -1
          },
          "type": "PROPER"
        },
        {
          "text": {
            "content": "Park",
            "beginOffset": -1
          },
          "type": "PROPER"
        },
        {
          "text": {
            "content": "Park",
            "beginOffset": -1
          },
          "type": "PROPER"
        }
      ]
    },
    {
      "name": "Rebecca Ma",
      "type": "PERSON",
      "metadata": {},
      "salience": 0.2018452,
      "mentions": [
        {
          "text": {
            "content": "Rebecca Ma",
            "beginOffset": -1
          },
          "type": "PROPER"
        },
        {
          "text": {
            "content": "Rebecca",
            "beginOffset": -1
          },
          "type": "PROPER"
        }
      ]
    },
    {
      "name": "parking lot",
      "type": "LOCATION",
      "metadata": {},
      "salience": 0.07751679,
      "mentions": [
        {
          "text": {
            "content": "parking lot",
            "beginOffset": -1
          },
          "type": "COMMON"
        }
      ]
    },
    {
      "name": "home",
      "type": "LOCATION",
      "metadata": {},
      "salience": 0.07442864,
      "mentions": [
        {
          "text": {
            "content": "home",
            "beginOffset": -1
          },
          "type": "COMMON"
        }
      ]
    },
    {
      "name": "Cheras",
      "type": "LOCATION",
      "metadata": {
        "wikipedia_url": "https://en.wikipedia.org/wiki/Cheras,_Kuala_Lumpur",
        "mid": "/m/09z0md"
      },
      "salience": 0.04619484,
      "mentions": [
        {
          "text": {
            "content": "Cheras",
            "beginOffset": -1
          },
          "type": "PROPER"
        }
      ]
    },
    {
      "name": "Hill",
      "type": "PERSON",
      "metadata": {},
      "salience": 0.01839661,
      "mentions": [
        {
          "text": {
            "content": "Hill",
            "beginOffset": -1
          },
          "type": "PROPER"
        }
      ]
    },
    {
      "name": "kitten",
      "type": "PERSON",
      "metadata": {},
      "salience": 0.01767726,
      "mentions": [
        {
          "text": {
            "content": "kitten",
            "beginOffset": -1
          },
          "type": "COMMON"
        }
      ]
    },
    {
      "name": "vet",
      "type": "PERSON",
      "metadata": {},
      "salience": 0.016185263,
      "mentions": [
        {
          "text": {
            "content": "vet",
            "beginOffset": -1
          },
          "type": "COMMON"
        }
      ]
    },
    {
      "name": "adopters",
      "type": "PERSON",
      "metadata": {},
      "salience": 0.016114648,
      "mentions": [
        {
          "text": {
            "content": "adopters",
            "beginOffset": -1
          },
          "type": "COMMON"
        }
      ]
    },
    {
      "name": "adoption",
      "type": "OTHER",
      "metadata": {},
      "salience": 0.014232616,
      "mentions": [
        {
          "text": {
            "content": "adoption",
            "beginOffset": -1
          },
          "type": "COMMON"
        }
      ]
    },
    {
      "name": "checkup",
      "type": "EVENT",
      "metadata": {},
      "salience": 0.014221966,
      "mentions": [
        {
          "text": {
            "content": "checkup",
            "beginOffset": -1
          },
          "type": "COMMON"
        }
      ]
    },
    {
      "name": "cutie",
      "type": "OTHER",
      "metadata": {},
      "salience": 0.014171854,
      "mentions": [
        {
          "text": {
            "content": "cutie",
            "beginOffset": -1
          },
          "type": "COMMON"
        }
      ]
    },
    {
      "name": "home",
      "type": "LOCATION",
      "metadata": {},
      "salience": 0.012783768,
      "mentions": [
        {
          "text": {
            "content": "home",
            "beginOffset": -1
          },
          "type": "COMMON"
        }
      ]
    },
    {
      "name": "CAGES",
      "type": "OTHER",
      "metadata": {},
      "salience": 0.011949878,
      "mentions": [
        {
          "text": {
            "content": "CAGES",
            "beginOffset": -1
          },
          "type": "COMMON"
        }
      ]
    },
    {
      "name": "cage",
      "type": "OTHER",
      "metadata": {},
      "salience": 0.011935904,
      "mentions": [
        {
          "text": {
            "content": "cage",
            "beginOffset": -1
          },
          "type": "COMMON"
        }
      ]
    },
    {
      "name": "home",
      "type": "LOCATION",
      "metadata": {},
      "salience": 0.011761587,
      "mentions": [
        {
          "text": {
            "content": "home",
            "beginOffset": -1
          },
          "type": "COMMON"
        }
      ]
    },
    {
      "name": "kittens",
      "type": "PERSON",
      "metadata": {},
      "salience": 0.011549321,
      "mentions": [
        {
          "text": {
            "content": "kittens",
            "beginOffset": -1
          },
          "type": "COMMON"
        }
      ]
    },
    {
      "name": "fostering process",
      "type": "EVENT",
      "metadata": {},
      "salience": 0.010888481,
      "mentions": [
        {
          "text": {
            "content": "fostering process",
            "beginOffset": -1
          },
          "type": "COMMON"
        }
      ]
    },
    {
      "name": "Vaccinations",
      "type": "OTHER",
      "metadata": {},
      "salience": 0.010553016,
      "mentions": [
        {
          "text": {
            "content": "Vaccinations",
            "beginOffset": -1
          },
          "type": "COMMON"
        }
      ]
    },
    {
      "name": "home",
      "type": "LOCATION",
      "metadata": {},
      "salience": 0.01009582,
      "mentions": [
        {
          "text": {
            "content": "home",
            "beginOffset": -1
          },
          "type": "COMMON"
        }
      ]
    },
    {
      "name": "cats",
      "type": "OTHER",
      "metadata": {},
      "salience": 0.009991427,
      "mentions": [
        {
          "text": {
            "content": "cats",
            "beginOffset": -1
          },
          "type": "COMMON"
        }
      ]
    },
    {
      "name": "animals",
      "type": "OTHER",
      "metadata": {},
      "salience": 0.009577192,
      "mentions": [
        {
          "text": {
            "content": "animals",
            "beginOffset": -1
          },
          "type": "COMMON"
        }
      ]
    },
    {
      "name": "measure",
      "type": "OTHER",
      "metadata": {},
      "salience": 0.009565985,
      "mentions": [
        {
          "text": {
            "content": "measure",
            "beginOffset": -1
          },
          "type": "COMMON"
        }
      ]
    },
    {
      "name": "dogs",
      "type": "OTHER",
      "metadata": {},
      "salience": 0.009565985,
      "mentions": [
        {
          "text": {
            "content": "dogs",
            "beginOffset": -1
          },
          "type": "COMMON"
        }
      ]
    },
    {
      "name": "neutering",
      "type": "OTHER",
      "metadata": {},
      "salience": 0.009501796,
      "mentions": [
        {
          "text": {
            "content": "neutering",
            "beginOffset": -1
          },
          "type": "COMMON"
        }
      ]
    },
    {
      "name": "CAGE CONFINEMENT",
      "type": "OTHER",
      "metadata": {},
      "salience": 0.009472503,
      "mentions": [
        {
          "text": {
            "content": "CAGE CONFINEMENT",
            "beginOffset": -1
          },
          "type": "COMMON"
        }
      ]
    },
    {
      "name": "adopter",
      "type": "PERSON",
      "metadata": {},
      "salience": 0.009465041,
      "mentions": [
        {
          "text": {
            "content": "adopter",
            "beginOffset": -1
          },
          "type": "COMMON"
        }
      ]
    },
    {
      "name": "kitten kibble",
      "type": "OTHER",
      "metadata": {},
      "salience": 0.008759621,
      "mentions": [
        {
          "text": {
            "content": "kitten kibble",
            "beginOffset": -1
          },
          "type": "COMMON"
        }
      ]
    },
    {
      "name": "vet",
      "type": "EVENT",
      "metadata": {},
      "salience": 0.0074912966,
      "mentions": [
        {
          "text": {
            "content": "vet",
            "beginOffset": -1
          },
          "type": "COMMON"
        }
      ]
    },
    {
      "name": "vaccination",
      "type": "OTHER",
      "metadata": {},
      "salience": 0.007486035,
      "mentions": [
        {
          "text": {
            "content": "vaccination",
            "beginOffset": -1
          },
          "type": "COMMON"
        }
      ]
    },
    {
      "name": "each other",
      "type": "PERSON",
      "metadata": {},
      "salience": 0.0065855714,
      "mentions": [
        {
          "text": {
            "content": "each other",
            "beginOffset": -1
          },
          "type": "COMMON"
        }
      ]
    },
    {
      "name": "order",
      "type": "OTHER",
      "metadata": {},
      "salience": 0.0065806643,
      "mentions": [
        {
          "text": {
            "content": "order",
            "beginOffset": -1
          },
          "type": "COMMON"
        }
      ]
    },
    {
      "name": "Cost",
      "type": "OTHER",
      "metadata": {},
      "salience": 0.0065760408,
      "mentions": [
        {
          "text": {
            "content": "Cost",
            "beginOffset": -1
          },
          "type": "COMMON"
        }
      ]
    },
    {
      "name": "Park",
      "type": "PERSON",
      "metadata": {},
      "salience": 0.006060746,
      "mentions": [
        {
          "text": {
            "content": "Park",
            "beginOffset": -1
          },
          "type": "PROPER"
        }
      ]
    },
    {
      "name": "cats",
      "type": "OTHER",
      "metadata": {},
      "salience": 0.0052306755,
      "mentions": [
        {
          "text": {
            "content": "cats",
            "beginOffset": -1
          },
          "type": "COMMON"
        }
      ]
    },
    {
      "name": "Science Plan",
      "type": "OTHER",
      "metadata": {},
      "salience": 0.0051794997,
      "mentions": [
        {
          "text": {
            "content": "Science Plan",
            "beginOffset": -1
          },
          "type": "PROPER"
        }
      ]
    },
    {
      "name": "Royal Canin Babycat",
      "type": "ORGANIZATION",
      "metadata": {},
      "salience": 0.0051794997,
      "mentions": [
        {
          "text": {
            "content": "Royal Canin Babycat",
            "beginOffset": -1
          },
          "type": "PROPER"
        }
      ]
    },
    {
      "name": "parties",
      "type": "ORGANIZATION",
      "metadata": {},
      "salience": 0.004600152,
      "mentions": [
        {
          "text": {
            "content": "parties",
            "beginOffset": -1
          },
          "type": "COMMON"
        }
      ]
    },
    {
      "name": "sms",
      "type": "OTHER",
      "metadata": {},
      "salience": 0.004600152,
      "mentions": [
        {
          "text": {
            "content": "sms",
            "beginOffset": -1
          },
          "type": "COMMON"
        }
      ]
    },
    {
      "name": "enquiries",
      "type": "OTHER",
      "metadata": {},
      "salience": 0.00459725,
      "mentions": [
        {
          "text": {
            "content": "enquiries",
            "beginOffset": -1
          },
          "type": "COMMON"
        }
      ]
    },
    {
      "name": "experience",
      "type": "OTHER",
      "metadata": {},
      "salience": 0.0045944913,
      "mentions": [
        {
          "text": {
            "content": "experience",
            "beginOffset": -1
          },
          "type": "COMMON"
        }
      ]
    },
    {
      "name": "description",
      "type": "OTHER",
      "metadata": {},
      "salience": 0.0035048989,
      "mentions": [
        {
          "text": {
            "content": "description",
            "beginOffset": -1
          },
          "type": "COMMON"
        }
      ]
    },
    {
      "name": "litterbox",
      "type": "OTHER",
      "metadata": {},
      "salience": 0.003293608,
      "mentions": [
        {
          "text": {
            "content": "litterbox",
            "beginOffset": -1
          },
          "type": "COMMON"
        }
      ]
    },
    {
      "name": "Litter",
      "type": "OTHER",
      "metadata": {},
      "salience": 0.003293608,
      "mentions": [
        {
          "text": {
            "content": "Litter",
            "beginOffset": -1
          },
          "type": "COMMON"
        }
      ]
    },
    {
      "name": "Adoption procedure",
      "type": "OTHER",
      "metadata": {},
      "salience": 0.0032908127,
      "mentions": [
        {
          "text": {
            "content": "Adoption procedure",
            "beginOffset": -1
          },
          "type": "COMMON"
        }
      ]
    },
    {
      "name": "fail",
      "type": "OTHER",
      "metadata": {},
      "salience": 0.0028928325,
      "mentions": [
        {
          "text": {
            "content": "fail",
            "beginOffset": -1
          },
          "type": "COMMON"
        }
      ]
    },
    {
      "name": "meeting",
      "type": "EVENT",
      "metadata": {},
      "salience": 0.002890377,
      "mentions": [
        {
          "text": {
            "content": "meeting",
            "beginOffset": -1
          },
          "type": "COMMON"
        }
      ]
    }
  ],
  "documentSentiment": {
    "magnitude": 8.2,
    "score": 0.2
  },
  "language": "en",
  "categories": []
}
