{
  "sentences": [
    {
      "text": {
        "content": "Mistake on my phone number sorry!!",
        "beginOffset": -1
      },
      "sentiment": {
        "magnitude": 0.8,
        "score": -0.8
      }
    },
    {
      "text": {
        "content": "Young Puppy, very soft fur, all white very rare.",
        "beginOffset": -1
      },
      "sentiment": {
        "magnitude": 0.6,
        "score": 0.6
      }
    },
    {
      "text": {
        "content": "The only puppy in the litter with all white fur that was this soft.",
        "beginOffset": -1
      },
      "sentiment": {
        "magnitude": 0.3,
        "score": 0.3
      }
    },
    {
      "text": {
        "content": "Only 3.5 months old.",
        "beginOffset": -1
      },
      "sentiment": {
        "magnitude": 0,
        "score": 0
      }
    },
    {
      "text": {
        "content": "Very Healthy and very calm personality.",
        "beginOffset": -1
      },
      "sentiment": {
        "magnitude": 0.9,
        "score": 0.9
      }
    },
    {
      "text": {
        "content": "Not Spayed or vaccinate yet because she is to young.",
        "beginOffset": -1
      },
      "sentiment": {
        "magnitude": 0.2,
        "score": -0.2
      }
    },
    {
      "text": {
        "content": "If interested please call Scott at or",
        "beginOffset": -1
      },
      "sentiment": {
        "magnitude": 0,
        "score": 0
      }
    }
  ],
  "tokens": [],
  "entities": [
    {
      "name": "phone number",
      "type": "OTHER",
      "metadata": {},
      "salience": 0.4548582,
      "mentions": [
        {
          "text": {
            "content": "phone number",
            "beginOffset": -1
          },
          "type": "COMMON"
        }
      ]
    },
    {
      "name": "fur",
      "type": "OTHER",
      "metadata": {},
      "salience": 0.20162967,
      "mentions": [
        {
          "text": {
            "content": "fur",
            "beginOffset": -1
          },
          "type": "COMMON"
        }
      ]
    },
    {
      "name": "fur",
      "type": "OTHER",
      "metadata": {},
      "salience": 0.10601774,
      "mentions": [
        {
          "text": {
            "content": "fur",
            "beginOffset": -1
          },
          "type": "COMMON"
        }
      ]
    },
    {
      "name": "puppy",
      "type": "OTHER",
      "metadata": {},
      "salience": 0.071924165,
      "mentions": [
        {
          "text": {
            "content": "puppy",
            "beginOffset": -1
          },
          "type": "COMMON"
        }
      ]
    },
    {
      "name": "litter",
      "type": "CONSUMER_GOOD",
      "metadata": {},
      "salience": 0.064111024,
      "mentions": [
        {
          "text": {
            "content": "litter",
            "beginOffset": -1
          },
          "type": "COMMON"
        }
      ]
    },
    {
      "name": "Young Puppy",
      "type": "PERSON",
      "metadata": {},
      "salience": 0.06350331,
      "mentions": [
        {
          "text": {
            "content": "Young Puppy",
            "beginOffset": -1
          },
          "type": "PROPER"
        }
      ]
    },
    {
      "name": "personality",
      "type": "OTHER",
      "metadata": {},
      "salience": 0.019567164,
      "mentions": [
        {
          "text": {
            "content": "personality",
            "beginOffset": -1
          },
          "type": "COMMON"
        }
      ]
    },
    {
      "name": "Scott",
      "type": "PERSON",
      "metadata": {},
      "salience": 0.018388722,
      "mentions": [
        {
          "text": {
            "content": "Scott",
            "beginOffset": -1
          },
          "type": "PROPER"
        }
      ]
    }
  ],
  "documentSentiment": {
    "magnitude": 3.1,
    "score": 0.1
  },
  "language": "en",
  "categories": []
}
