{
  "sentences": [
    {
      "text": {
        "content": "I am shorter than average but my shiny black coat and pointy ears will get your attention!",
        "beginOffset": -1
      },
      "sentiment": {
        "magnitude": 0.2,
        "score": 0.2
      }
    },
    {
      "text": {
        "content": "I am full of energy and I enjoys attention.",
        "beginOffset": -1
      },
      "sentiment": {
        "magnitude": 0.8,
        "score": 0.8
      }
    },
    {
      "text": {
        "content": "I can be jumpy when I am excited or if you ignore me over other dogs XD Please pay me a visit at PAWS, Subang if you would like to bring me out for a walk or bring me home.",
        "beginOffset": -1
      },
      "sentiment": {
        "magnitude": 0,
        "score": 0
      }
    },
    {
      "text": {
        "content": "ID tag: D - see title DOB: June [Vaccinated; dewormed; spayed] More info @ Fb page : Adoption Page - PAWS PJ There are a lot more at the shelter, do drop by to visit / volunteer/donate.",
        "beginOffset": -1
      },
      "sentiment": {
        "magnitude": 0.2,
        "score": 0.2
      }
    }
  ],
  "tokens": [],
  "entities": [
    {
      "name": "coat",
      "type": "CONSUMER_GOOD",
      "metadata": {},
      "salience": 0.23394315,
      "mentions": [
        {
          "text": {
            "content": "coat",
            "beginOffset": -1
          },
          "type": "COMMON"
        }
      ]
    },
    {
      "name": "ears",
      "type": "OTHER",
      "metadata": {},
      "salience": 0.16303557,
      "mentions": [
        {
          "text": {
            "content": "ears",
            "beginOffset": -1
          },
          "type": "COMMON"
        }
      ]
    },
    {
      "name": "average",
      "type": "OTHER",
      "metadata": {},
      "salience": 0.16303557,
      "mentions": [
        {
          "text": {
            "content": "average",
            "beginOffset": -1
          },
          "type": "COMMON"
        }
      ]
    },
    {
      "name": "attention",
      "type": "OTHER",
      "metadata": {},
      "salience": 0.09160959,
      "mentions": [
        {
          "text": {
            "content": "attention",
            "beginOffset": -1
          },
          "type": "COMMON"
        }
      ]
    },
    {
      "name": "Adoption Page",
      "type": "OTHER",
      "metadata": {},
      "salience": 0.036661457,
      "mentions": [
        {
          "text": {
            "content": "PAWS",
            "beginOffset": -1
          },
          "type": "COMMON"
        },
        {
          "text": {
            "content": "Adoption Page",
            "beginOffset": -1
          },
          "type": "PROPER"
        }
      ]
    },
    {
      "name": "@ Fb",
      "type": "OTHER",
      "metadata": {},
      "salience": 0.036661457,
      "mentions": [
        {
          "text": {
            "content": "page",
            "beginOffset": -1
          },
          "type": "COMMON"
        },
        {
          "text": {
            "content": "@ Fb",
            "beginOffset": -1
          },
          "type": "PROPER"
        }
      ]
    },
    {
      "name": "attention",
      "type": "OTHER",
      "metadata": {},
      "salience": 0.03403664,
      "mentions": [
        {
          "text": {
            "content": "attention",
            "beginOffset": -1
          },
          "type": "COMMON"
        }
      ]
    },
    {
      "name": "energy",
      "type": "OTHER",
      "metadata": {},
      "salience": 0.030666042,
      "mentions": [
        {
          "text": {
            "content": "energy",
            "beginOffset": -1
          },
          "type": "COMMON"
        }
      ]
    },
    {
      "name": "PAWS",
      "type": "OTHER",
      "metadata": {},
      "salience": 0.023761889,
      "mentions": [
        {
          "text": {
            "content": "PAWS",
            "beginOffset": -1
          },
          "type": "COMMON"
        }
      ]
    },
    {
      "name": "visit",
      "type": "EVENT",
      "metadata": {},
      "salience": 0.020884875,
      "mentions": [
        {
          "text": {
            "content": "visit",
            "beginOffset": -1
          },
          "type": "COMMON"
        }
      ]
    },
    {
      "name": "dogs",
      "type": "OTHER",
      "metadata": {},
      "salience": 0.02063065,
      "mentions": [
        {
          "text": {
            "content": "dogs",
            "beginOffset": -1
          },
          "type": "COMMON"
        }
      ]
    },
    {
      "name": "walk",
      "type": "EVENT",
      "metadata": {},
      "salience": 0.019168645,
      "mentions": [
        {
          "text": {
            "content": "walk",
            "beginOffset": -1
          },
          "type": "COMMON"
        }
      ]
    },
    {
      "name": "home",
      "type": "LOCATION",
      "metadata": {},
      "salience": 0.019168645,
      "mentions": [
        {
          "text": {
            "content": "home",
            "beginOffset": -1
          },
          "type": "COMMON"
        }
      ]
    },
    {
      "name": "ID tag",
      "type": "OTHER",
      "metadata": {},
      "salience": 0.019101197,
      "mentions": [
        {
          "text": {
            "content": "ID tag",
            "beginOffset": -1
          },
          "type": "COMMON"
        }
      ]
    },
    {
      "name": "info",
      "type": "OTHER",
      "metadata": {},
      "salience": 0.014407359,
      "mentions": [
        {
          "text": {
            "content": "info",
            "beginOffset": -1
          },
          "type": "COMMON"
        }
      ]
    },
    {
      "name": "donate",
      "type": "OTHER",
      "metadata": {},
      "salience": 0.013060187,
      "mentions": [
        {
          "text": {
            "content": "donate",
            "beginOffset": -1
          },
          "type": "COMMON"
        }
      ]
    },
    {
      "name": "Subang",
      "type": "LOCATION",
      "metadata": {},
      "salience": 0.01236607,
      "mentions": [
        {
          "text": {
            "content": "Subang",
            "beginOffset": -1
          },
          "type": "PROPER"
        }
      ]
    },
    {
      "name": "XD",
      "type": "OTHER",
      "metadata": {},
      "salience": 0.01236607,
      "mentions": [
        {
          "text": {
            "content": "XD",
            "beginOffset": -1
          },
          "type": "PROPER"
        }
      ]
    },
    {
      "name": "shelter",
      "type": "LOCATION",
      "metadata": {},
      "salience": 0.010091689,
      "mentions": [
        {
          "text": {
            "content": "shelter",
            "beginOffset": -1
          },
          "type": "COMMON"
        }
      ]
    },
    {
      "name": "volunteer",
      "type": "OTHER",
      "metadata": {},
      "salience": 0.010091689,
      "mentions": [
        {
          "text": {
            "content": "volunteer",
            "beginOffset": -1
          },
          "type": "COMMON"
        }
      ]
    },
    {
      "name": "PJ There",
      "type": "PERSON",
      "metadata": {},
      "salience": 0.008524425,
      "mentions": [
        {
          "text": {
            "content": "PJ There",
            "beginOffset": -1
          },
          "type": "PROPER"
        }
      ]
    },
    {
      "name": "title DOB",
      "type": "OTHER",
      "metadata": {},
      "salience": 0.006727126,
      "mentions": [
        {
          "text": {
            "content": "title DOB",
            "beginOffset": -1
          },
          "type": "COMMON"
        }
      ]
    }
  ],
  "documentSentiment": {
    "magnitude": 1.3,
    "score": 0.3
  },
  "language": "en",
  "categories": []
}
