{
  "sentences": [
    {
      "text": {
        "content": "Pup two of two... meet Jill the Walnut (born on 3rd-April-), sister to Jack the Peanut.",
        "beginOffset": -1
      },
      "sentiment": {
        "magnitude": 0,
        "score": 0
      }
    },
    {
      "text": {
        "content": "Nicknamed walnut cause she is so much bigger than her brother.",
        "beginOffset": -1
      },
      "sentiment": {
        "magnitude": 0,
        "score": 0
      }
    },
    {
      "text": {
        "content": "Looks like a mini version of her dad.",
        "beginOffset": -1
      },
      "sentiment": {
        "magnitude": 0.1,
        "score": 0.1
      }
    },
    {
      "text": {
        "content": "You can look at how the collie mom &amp; dad(s) looks like in my past posting of season 1 &amp; 2.",
        "beginOffset": -1
      },
      "sentiment": {
        "magnitude": 0.1,
        "score": 0.1
      }
    },
    {
      "text": {
        "content": "If you can't find them, just sms me a request and I will attach them to the season 3 profile.",
        "beginOffset": -1
      },
      "sentiment": {
        "magnitude": 0.1,
        "score": -0.1
      }
    },
    {
      "text": {
        "content": "Rescued this little rascal from impending doom after falling into the drain twice during/before a downpour.",
        "beginOffset": -1
      },
      "sentiment": {
        "magnitude": 0.7,
        "score": -0.7
      }
    },
    {
      "text": {
        "content": "She learnt her lesson since and has not landed in the drain to date.",
        "beginOffset": -1
      },
      "sentiment": {
        "magnitude": 0.2,
        "score": -0.2
      }
    }
  ],
  "tokens": [],
  "entities": [
    {
      "name": "Jill the Walnut",
      "type": "PERSON",
      "metadata": {},
      "salience": 0.5045744,
      "mentions": [
        {
          "text": {
            "content": "Jill the Walnut",
            "beginOffset": -1
          },
          "type": "PROPER"
        }
      ]
    },
    {
      "name": "Pup",
      "type": "OTHER",
      "metadata": {},
      "salience": 0.23204081,
      "mentions": [
        {
          "text": {
            "content": "Pup",
            "beginOffset": -1
          },
          "type": "COMMON"
        }
      ]
    },
    {
      "name": "sister",
      "type": "PERSON",
      "metadata": {},
      "salience": 0.036044292,
      "mentions": [
        {
          "text": {
            "content": "sister",
            "beginOffset": -1
          },
          "type": "COMMON"
        }
      ]
    },
    {
      "name": "Jack",
      "type": "PERSON",
      "metadata": {},
      "salience": 0.02145489,
      "mentions": [
        {
          "text": {
            "content": "Jack",
            "beginOffset": -1
          },
          "type": "PROPER"
        }
      ]
    },
    {
      "name": "Peanut",
      "type": "CONSUMER_GOOD",
      "metadata": {},
      "salience": 0.02145489,
      "mentions": [
        {
          "text": {
            "content": "Peanut",
            "beginOffset": -1
          },
          "type": "PROPER"
        }
      ]
    },
    {
      "name": "walnut cause",
      "type": "OTHER",
      "metadata": {},
      "salience": 0.020949561,
      "mentions": [
        {
          "text": {
            "content": "walnut cause",
            "beginOffset": -1
          },
          "type": "COMMON"
        }
      ]
    },
    {
      "name": "rascal",
      "type": "PERSON",
      "metadata": {},
      "salience": 0.018172743,
      "mentions": [
        {
          "text": {
            "content": "rascal",
            "beginOffset": -1
          },
          "type": "COMMON"
        }
      ]
    },
    {
      "name": "dad",
      "type": "PERSON",
      "metadata": {},
      "salience": 0.01335624,
      "mentions": [
        {
          "text": {
            "content": "dad",
            "beginOffset": -1
          },
          "type": "COMMON"
        }
      ]
    },
    {
      "name": "season",
      "type": "EVENT",
      "metadata": {},
      "salience": 0.012367166,
      "mentions": [
        {
          "text": {
            "content": "season",
            "beginOffset": -1
          },
          "type": "COMMON"
        }
      ]
    },
    {
      "name": "dad(s)",
      "type": "PERSON",
      "metadata": {},
      "salience": 0.011842392,
      "mentions": [
        {
          "text": {
            "content": "dad(s)",
            "beginOffset": -1
          },
          "type": "COMMON"
        }
      ]
    },
    {
      "name": "posting",
      "type": "EVENT",
      "metadata": {},
      "salience": 0.011842392,
      "mentions": [
        {
          "text": {
            "content": "posting",
            "beginOffset": -1
          },
          "type": "COMMON"
        }
      ]
    },
    {
      "name": "brother",
      "type": "PERSON",
      "metadata": {},
      "salience": 0.011797986,
      "mentions": [
        {
          "text": {
            "content": "brother",
            "beginOffset": -1
          },
          "type": "COMMON"
        }
      ]
    },
    {
      "name": "version",
      "type": "CONSUMER_GOOD",
      "metadata": {},
      "salience": 0.011739563,
      "mentions": [
        {
          "text": {
            "content": "version",
            "beginOffset": -1
          },
          "type": "COMMON"
        }
      ]
    },
    {
      "name": "Looks",
      "type": "OTHER",
      "metadata": {},
      "salience": 0.011739563,
      "mentions": [
        {
          "text": {
            "content": "Looks",
            "beginOffset": -1
          },
          "type": "COMMON"
        }
      ]
    },
    {
      "name": "mom",
      "type": "PERSON",
      "metadata": {},
      "salience": 0.011555923,
      "mentions": [
        {
          "text": {
            "content": "mom",
            "beginOffset": -1
          },
          "type": "COMMON"
        }
      ]
    },
    {
      "name": "drain",
      "type": "OTHER",
      "metadata": {},
      "salience": 0.009284383,
      "mentions": [
        {
          "text": {
            "content": "drain",
            "beginOffset": -1
          },
          "type": "COMMON"
        }
      ]
    },
    {
      "name": "doom",
      "type": "OTHER",
      "metadata": {},
      "salience": 0.008158487,
      "mentions": [
        {
          "text": {
            "content": "doom",
            "beginOffset": -1
          },
          "type": "COMMON"
        }
      ]
    },
    {
      "name": "downpour",
      "type": "EVENT",
      "metadata": {},
      "salience": 0.008158487,
      "mentions": [
        {
          "text": {
            "content": "downpour",
            "beginOffset": -1
          },
          "type": "COMMON"
        }
      ]
    },
    {
      "name": "drain",
      "type": "OTHER",
      "metadata": {},
      "salience": 0.006492557,
      "mentions": [
        {
          "text": {
            "content": "drain",
            "beginOffset": -1
          },
          "type": "COMMON"
        }
      ]
    },
    {
      "name": "lesson",
      "type": "OTHER",
      "metadata": {},
      "salience": 0.0057042185,
      "mentions": [
        {
          "text": {
            "content": "lesson",
            "beginOffset": -1
          },
          "type": "COMMON"
        }
      ]
    },
    {
      "name": "season",
      "type": "EVENT",
      "metadata": {},
      "salience": 0.004087599,
      "mentions": [
        {
          "text": {
            "content": "season",
            "beginOffset": -1
          },
          "type": "COMMON"
        }
      ]
    },
    {
      "name": "request",
      "type": "OTHER",
      "metadata": {},
      "salience": 0.0035907323,
      "mentions": [
        {
          "text": {
            "content": "request",
            "beginOffset": -1
          },
          "type": "COMMON"
        }
      ]
    },
    {
      "name": "profile",
      "type": "OTHER",
      "metadata": {},
      "salience": 0.0035907323,
      "mentions": [
        {
          "text": {
            "content": "profile",
            "beginOffset": -1
          },
          "type": "COMMON"
        }
      ]
    }
  ],
  "documentSentiment": {
    "magnitude": 1.5,
    "score": -0.1
  },
  "language": "en",
  "categories": []
}
