{
  "sentences": [
    {
      "text": {
        "content": "Hi we are 1 brother and 2 sisters, 2 months old.",
        "beginOffset": -1
      },
      "sentiment": {
        "magnitude": 0,
        "score": 0
      }
    },
    {
      "text": {
        "content": "We are living at the corridor but some people don't like us, they threw us to the dustbin.",
        "beginOffset": -1
      },
      "sentiment": {
        "magnitude": 0.5,
        "score": -0.5
      }
    },
    {
      "text": {
        "content": "But we are strong enough to get back here and now we are looking for a home that welcome us.",
        "beginOffset": -1
      },
      "sentiment": {
        "magnitude": 0.7,
        "score": 0.7
      }
    }
  ],
  "tokens": [],
  "entities": [
    {
      "name": "brother",
      "type": "PERSON",
      "metadata": {},
      "salience": 0.53741986,
      "mentions": [
        {
          "text": {
            "content": "brother",
            "beginOffset": -1
          },
          "type": "COMMON"
        }
      ]
    },
    {
      "name": "sisters",
      "type": "PERSON",
      "metadata": {},
      "salience": 0.17642501,
      "mentions": [
        {
          "text": {
            "content": "sisters",
            "beginOffset": -1
          },
          "type": "COMMON"
        }
      ]
    },
    {
      "name": "people",
      "type": "PERSON",
      "metadata": {},
      "salience": 0.10012493,
      "mentions": [
        {
          "text": {
            "content": "people",
            "beginOffset": -1
          },
          "type": "COMMON"
        }
      ]
    },
    {
      "name": "home",
      "type": "LOCATION",
      "metadata": {},
      "salience": 0.0728024,
      "mentions": [
        {
          "text": {
            "content": "home",
            "beginOffset": -1
          },
          "type": "COMMON"
        }
      ]
    },
    {
      "name": "corridor",
      "type": "LOCATION",
      "metadata": {},
      "salience": 0.058677126,
      "mentions": [
        {
          "text": {
            "content": "corridor",
            "beginOffset": -1
          },
          "type": "COMMON"
        }
      ]
    },
    {
      "name": "dustbin",
      "type": "OTHER",
      "metadata": {},
      "salience": 0.05455069,
      "mentions": [
        {
          "text": {
            "content": "dustbin",
            "beginOffset": -1
          },
          "type": "COMMON"
        }
      ]
    }
  ],
  "documentSentiment": {
    "magnitude": 1.3,
    "score": 0
  },
  "language": "en",
  "categories": []
}
