{
  "sentences": [
    {
      "text": {
        "content": "When I was around 1 months' old, I was being snapped by my auntie.",
        "beginOffset": -1
      },
      "sentiment": {
        "magnitude": 0.4,
        "score": -0.4
      }
    },
    {
      "text": {
        "content": "I was brought to the vet just in time before it closed.",
        "beginOffset": -1
      },
      "sentiment": {
        "magnitude": 0.4,
        "score": -0.4
      }
    },
    {
      "text": {
        "content": "My skull was cracked &amp; I suffered temporarily blindness due to the sudden effect on my nerves.",
        "beginOffset": -1
      },
      "sentiment": {
        "magnitude": 0.5,
        "score": -0.5
      }
    },
    {
      "text": {
        "content": "It also affects my movements.",
        "beginOffset": -1
      },
      "sentiment": {
        "magnitude": 0,
        "score": 0
      }
    },
    {
      "text": {
        "content": "The pain was unbearable!",
        "beginOffset": -1
      },
      "sentiment": {
        "magnitude": 0.9,
        "score": -0.9
      }
    },
    {
      "text": {
        "content": "Imagine the concussion you had during migraine?",
        "beginOffset": -1
      },
      "sentiment": {
        "magnitude": 0,
        "score": 0
      }
    },
    {
      "text": {
        "content": "What I encountered is worst than migraine, as my skull cracked &amp; I am still a baby.",
        "beginOffset": -1
      },
      "sentiment": {
        "magnitude": 0.9,
        "score": -0.9
      }
    },
    {
      "text": {
        "content": "Despite being given a jab to reduce the swollen, I cant bare the pain &amp; cried in pain the whole night.",
        "beginOffset": -1
      },
      "sentiment": {
        "magnitude": 0.2,
        "score": 0.2
      }
    },
    {
      "text": {
        "content": "The next day I was admitted for observation &amp; medical attention.",
        "beginOffset": -1
      },
      "sentiment": {
        "magnitude": 0.3,
        "score": 0.3
      }
    },
    {
      "text": {
        "content": "I was at the vet for around 2 weeks.",
        "beginOffset": -1
      },
      "sentiment": {
        "magnitude": 0,
        "score": 0
      }
    },
    {
      "text": {
        "content": "Its by miracle that I'm still alive today, thanks to Dr Sibi who attended to me &amp; all the other doctors &amp; assistants at the vet who take turns to care for me.",
        "beginOffset": -1
      },
      "sentiment": {
        "magnitude": 0.5,
        "score": 0.5
      }
    },
    {
      "text": {
        "content": "I'm a survivor!",
        "beginOffset": -1
      },
      "sentiment": {
        "magnitude": 0.1,
        "score": 0.1
      }
    },
    {
      "text": {
        "content": "I'm sweet, loyal &amp; ready to be your forever companion.",
        "beginOffset": -1
      },
      "sentiment": {
        "magnitude": 0.8,
        "score": 0.8
      }
    },
    {
      "text": {
        "content": "Would you be mine?",
        "beginOffset": -1
      },
      "sentiment": {
        "magnitude": 0,
        "score": 0
      }
    },
    {
      "text": {
        "content": "Pls WhatsApps my Jie2 at Location KL for viewing &amp; more info",
        "beginOffset": -1
      },
      "sentiment": {
        "magnitude": 0.2,
        "score": 0.2
      }
    }
  ],
  "tokens": [],
  "entities": [
    {
      "name": "survivor",
      "type": "PERSON",
      "metadata": {},
      "salience": 0.8496002,
      "mentions": [
        {
          "text": {
            "content": "baby",
            "beginOffset": -1
          },
          "type": "COMMON"
        },
        {
          "text": {
            "content": "survivor",
            "beginOffset": -1
          },
          "type": "COMMON"
        }
      ]
    },
    {
      "name": "auntie",
      "type": "OTHER",
      "metadata": {},
      "salience": 0.027488517,
      "mentions": [
        {
          "text": {
            "content": "auntie",
            "beginOffset": -1
          },
          "type": "COMMON"
        }
      ]
    },
    {
      "name": "skull",
      "type": "OTHER",
      "metadata": {},
      "salience": 0.019340917,
      "mentions": [
        {
          "text": {
            "content": "skull",
            "beginOffset": -1
          },
          "type": "COMMON"
        },
        {
          "text": {
            "content": "skull",
            "beginOffset": -1
          },
          "type": "COMMON"
        }
      ]
    },
    {
      "name": "vet",
      "type": "PERSON",
      "metadata": {},
      "salience": 0.016624438,
      "mentions": [
        {
          "text": {
            "content": "vet",
            "beginOffset": -1
          },
          "type": "COMMON"
        }
      ]
    },
    {
      "name": "vet",
      "type": "PERSON",
      "metadata": {},
      "salience": 0.01106016,
      "mentions": [
        {
          "text": {
            "content": "vet",
            "beginOffset": -1
          },
          "type": "COMMON"
        }
      ]
    },
    {
      "name": "blindness",
      "type": "OTHER",
      "metadata": {},
      "salience": 0.0050618094,
      "mentions": [
        {
          "text": {
            "content": "blindness",
            "beginOffset": -1
          },
          "type": "COMMON"
        }
      ]
    },
    {
      "name": "effect",
      "type": "OTHER",
      "metadata": {},
      "salience": 0.0050618094,
      "mentions": [
        {
          "text": {
            "content": "effect",
            "beginOffset": -1
          },
          "type": "COMMON"
        }
      ]
    },
    {
      "name": "nerves",
      "type": "OTHER",
      "metadata": {},
      "salience": 0.0050618094,
      "mentions": [
        {
          "text": {
            "content": "nerves",
            "beginOffset": -1
          },
          "type": "COMMON"
        }
      ]
    },
    {
      "name": "pain",
      "type": "OTHER",
      "metadata": {},
      "salience": 0.004790735,
      "mentions": [
        {
          "text": {
            "content": "pain",
            "beginOffset": -1
          },
          "type": "COMMON"
        }
      ]
    },
    {
      "name": "pain",
      "type": "OTHER",
      "metadata": {},
      "salience": 0.004265361,
      "mentions": [
        {
          "text": {
            "content": "pain",
            "beginOffset": -1
          },
          "type": "COMMON"
        }
      ]
    },
    {
      "name": "pain",
      "type": "OTHER",
      "metadata": {},
      "salience": 0.003914279,
      "mentions": [
        {
          "text": {
            "content": "pain",
            "beginOffset": -1
          },
          "type": "COMMON"
        }
      ]
    },
    {
      "name": "vet",
      "type": "EVENT",
      "metadata": {},
      "salience": 0.0039035738,
      "mentions": [
        {
          "text": {
            "content": "vet",
            "beginOffset": -1
          },
          "type": "COMMON"
        }
      ]
    },
    {
      "name": "migraine",
      "type": "EVENT",
      "metadata": {},
      "salience": 0.0038574291,
      "mentions": [
        {
          "text": {
            "content": "migraine",
            "beginOffset": -1
          },
          "type": "COMMON"
        }
      ]
    },
    {
      "name": "migraine",
      "type": "OTHER",
      "metadata": {},
      "salience": 0.0038501378,
      "mentions": [
        {
          "text": {
            "content": "migraine",
            "beginOffset": -1
          },
          "type": "COMMON"
        }
      ]
    },
    {
      "name": "Sibi",
      "type": "PERSON",
      "metadata": {},
      "salience": 0.0037559005,
      "mentions": [
        {
          "text": {
            "content": "Sibi",
            "beginOffset": -1
          },
          "type": "PROPER"
        },
        {
          "text": {
            "content": "Dr",
            "beginOffset": -1
          },
          "type": "COMMON"
        }
      ]
    },
    {
      "name": "movements",
      "type": "OTHER",
      "metadata": {},
      "salience": 0.0034060807,
      "mentions": [
        {
          "text": {
            "content": "movements",
            "beginOffset": -1
          },
          "type": "COMMON"
        }
      ]
    },
    {
      "name": "concussion",
      "type": "OTHER",
      "metadata": {},
      "salience": 0.0033891653,
      "mentions": [
        {
          "text": {
            "content": "concussion",
            "beginOffset": -1
          },
          "type": "COMMON"
        }
      ]
    },
    {
      "name": "observation",
      "type": "OTHER",
      "metadata": {},
      "salience": 0.0031327838,
      "mentions": [
        {
          "text": {
            "content": "observation",
            "beginOffset": -1
          },
          "type": "COMMON"
        }
      ]
    },
    {
      "name": "attention",
      "type": "OTHER",
      "metadata": {},
      "salience": 0.0031327838,
      "mentions": [
        {
          "text": {
            "content": "attention",
            "beginOffset": -1
          },
          "type": "COMMON"
        }
      ]
    },
    {
      "name": "turns",
      "type": "OTHER",
      "metadata": {},
      "salience": 0.00269674,
      "mentions": [
        {
          "text": {
            "content": "turns",
            "beginOffset": -1
          },
          "type": "COMMON"
        }
      ]
    },
    {
      "name": "miracle",
      "type": "OTHER",
      "metadata": {},
      "salience": 0.0026374792,
      "mentions": [
        {
          "text": {
            "content": "miracle",
            "beginOffset": -1
          },
          "type": "COMMON"
        }
      ]
    },
    {
      "name": "jab",
      "type": "OTHER",
      "metadata": {},
      "salience": 0.0026093323,
      "mentions": [
        {
          "text": {
            "content": "jab",
            "beginOffset": -1
          },
          "type": "COMMON"
        }
      ]
    },
    {
      "name": "assistants",
      "type": "PERSON",
      "metadata": {},
      "salience": 0.002355765,
      "mentions": [
        {
          "text": {
            "content": "assistants",
            "beginOffset": -1
          },
          "type": "COMMON"
        }
      ]
    },
    {
      "name": "doctors",
      "type": "PERSON",
      "metadata": {},
      "salience": 0.002355765,
      "mentions": [
        {
          "text": {
            "content": "doctors",
            "beginOffset": -1
          },
          "type": "COMMON"
        }
      ]
    },
    {
      "name": "companion",
      "type": "PERSON",
      "metadata": {},
      "salience": 0.002028504,
      "mentions": [
        {
          "text": {
            "content": "companion",
            "beginOffset": -1
          },
          "type": "COMMON"
        }
      ]
    },
    {
      "name": "info",
      "type": "OTHER",
      "metadata": {},
      "salience": 0.001642946,
      "mentions": [
        {
          "text": {
            "content": "info",
            "beginOffset": -1
          },
          "type": "COMMON"
        }
      ]
    },
    {
      "name": "thanks",
      "type": "OTHER",
      "metadata": {},
      "salience": 0.0010333409,
      "mentions": [
        {
          "text": {
            "content": "thanks",
            "beginOffset": -1
          },
          "type": "COMMON"
        }
      ]
    },
    {
      "name": "Jie2",
      "type": "PERSON",
      "metadata": {},
      "salience": 0.0009711123,
      "mentions": [
        {
          "text": {
            "content": "Jie2",
            "beginOffset": -1
          },
          "type": "PROPER"
        }
      ]
    },
    {
      "name": "Location KL",
      "type": "OTHER",
      "metadata": {},
      "salience": 0.0009711123,
      "mentions": [
        {
          "text": {
            "content": "Location KL",
            "beginOffset": -1
          },
          "type": "PROPER"
        }
      ]
    }
  ],
  "documentSentiment": {
    "magnitude": 5.7,
    "score": 0
  },
  "language": "en",
  "categories": []
}
