{
  "sentences": [
    {
      "text": {
        "content": "This kitten desperately needs a home because I'm not allowed to keep pets in my apartment.",
        "beginOffset": -1
      },
      "sentiment": {
        "magnitude": 0.4,
        "score": -0.4
      }
    },
    {
      "text": {
        "content": "I have already trained her to use litter box.",
        "beginOffset": -1
      },
      "sentiment": {
        "magnitude": 0,
        "score": 0
      }
    },
    {
      "text": {
        "content": "She has already tried some soft kitty food as well, but I think she still prefers bottle fed.",
        "beginOffset": -1
      },
      "sentiment": {
        "magnitude": 0.2,
        "score": 0.2
      }
    },
    {
      "text": {
        "content": "She loves playing with boxes and dangling toys.",
        "beginOffset": -1
      },
      "sentiment": {
        "magnitude": 0.9,
        "score": 0.9
      }
    },
    {
      "text": {
        "content": "Likes to climb and chew on something.",
        "beginOffset": -1
      },
      "sentiment": {
        "magnitude": 0.4,
        "score": 0.4
      }
    },
    {
      "text": {
        "content": "Can get very hyperactive sometimes like climbing the chair or hanging on a wall.",
        "beginOffset": -1
      },
      "sentiment": {
        "magnitude": 0.1,
        "score": 0.1
      }
    },
    {
      "text": {
        "content": "Be aware that this kitten still has a mother even though the mother is no longer interested in nursing, she still comes home to feed the kittens.",
        "beginOffset": -1
      },
      "sentiment": {
        "magnitude": 0.6,
        "score": -0.6
      }
    },
    {
      "text": {
        "content": "This kitten is almost 2 months old, and make sure you know how to look after it before adopting it.",
        "beginOffset": -1
      },
      "sentiment": {
        "magnitude": 0.4,
        "score": -0.4
      }
    }
  ],
  "tokens": [],
  "entities": [
    {
      "name": "kitten",
      "type": "PERSON",
      "metadata": {},
      "salience": 0.61052495,
      "mentions": [
        {
          "text": {
            "content": "kitten",
            "beginOffset": -1
          },
          "type": "COMMON"
        }
      ]
    },
    {
      "name": "apartment",
      "type": "LOCATION",
      "metadata": {},
      "salience": 0.07980092,
      "mentions": [
        {
          "text": {
            "content": "apartment",
            "beginOffset": -1
          },
          "type": "COMMON"
        }
      ]
    },
    {
      "name": "pets",
      "type": "OTHER",
      "metadata": {},
      "salience": 0.07268064,
      "mentions": [
        {
          "text": {
            "content": "pets",
            "beginOffset": -1
          },
          "type": "COMMON"
        }
      ]
    },
    {
      "name": "home",
      "type": "LOCATION",
      "metadata": {},
      "salience": 0.06854078,
      "mentions": [
        {
          "text": {
            "content": "home",
            "beginOffset": -1
          },
          "type": "COMMON"
        }
      ]
    },
    {
      "name": "mother",
      "type": "PERSON",
      "metadata": {},
      "salience": 0.043567363,
      "mentions": [
        {
          "text": {
            "content": "mother",
            "beginOffset": -1
          },
          "type": "COMMON"
        }
      ]
    },
    {
      "name": "litter box",
      "type": "OTHER",
      "metadata": {},
      "salience": 0.015125215,
      "mentions": [
        {
          "text": {
            "content": "litter box",
            "beginOffset": -1
          },
          "type": "COMMON"
        }
      ]
    },
    {
      "name": "kitten",
      "type": "PERSON",
      "metadata": {},
      "salience": 0.012020692,
      "mentions": [
        {
          "text": {
            "content": "kitten",
            "beginOffset": -1
          },
          "type": "COMMON"
        }
      ]
    },
    {
      "name": "boxes",
      "type": "OTHER",
      "metadata": {},
      "salience": 0.010270548,
      "mentions": [
        {
          "text": {
            "content": "boxes",
            "beginOffset": -1
          },
          "type": "COMMON"
        }
      ]
    },
    {
      "name": "toys",
      "type": "CONSUMER_GOOD",
      "metadata": {},
      "salience": 0.010270548,
      "mentions": [
        {
          "text": {
            "content": "toys",
            "beginOffset": -1
          },
          "type": "COMMON"
        }
      ]
    },
    {
      "name": "something",
      "type": "OTHER",
      "metadata": {},
      "salience": 0.0102425525,
      "mentions": [
        {
          "text": {
            "content": "something",
            "beginOffset": -1
          },
          "type": "COMMON"
        }
      ]
    },
    {
      "name": "bottle",
      "type": "CONSUMER_GOOD",
      "metadata": {},
      "salience": 0.010181444,
      "mentions": [
        {
          "text": {
            "content": "bottle",
            "beginOffset": -1
          },
          "type": "COMMON"
        }
      ]
    },
    {
      "name": "kittens",
      "type": "PERSON",
      "metadata": {},
      "salience": 0.010022837,
      "mentions": [
        {
          "text": {
            "content": "kittens",
            "beginOffset": -1
          },
          "type": "COMMON"
        }
      ]
    },
    {
      "name": "chair",
      "type": "CONSUMER_GOOD",
      "metadata": {},
      "salience": 0.009380807,
      "mentions": [
        {
          "text": {
            "content": "chair",
            "beginOffset": -1
          },
          "type": "COMMON"
        }
      ]
    },
    {
      "name": "wall",
      "type": "OTHER",
      "metadata": {},
      "salience": 0.009380807,
      "mentions": [
        {
          "text": {
            "content": "wall",
            "beginOffset": -1
          },
          "type": "COMMON"
        }
      ]
    },
    {
      "name": "kitty food",
      "type": "OTHER",
      "metadata": {},
      "salience": 0.009119617,
      "mentions": [
        {
          "text": {
            "content": "kitty food",
            "beginOffset": -1
          },
          "type": "COMMON"
        }
      ]
    },
    {
      "name": "home",
      "type": "LOCATION",
      "metadata": {},
      "salience": 0.0070641213,
      "mentions": [
        {
          "text": {
            "content": "home",
            "beginOffset": -1
          },
          "type": "COMMON"
        }
      ]
    },
    {
      "name": "kitten",
      "type": "PERSON",
      "metadata": {},
      "salience": 0.005170619,
      "mentions": [
        {
          "text": {
            "content": "kitten",
            "beginOffset": -1
          },
          "type": "COMMON"
        }
      ]
    },
    {
      "name": "mother",
      "type": "PERSON",
      "metadata": {},
      "salience": 0.003532393,
      "mentions": [
        {
          "text": {
            "content": "mother",
            "beginOffset": -1
          },
          "type": "COMMON"
        }
      ]
    },
    {
      "name": "nursing",
      "type": "OTHER",
      "metadata": {},
      "salience": 0.0031031212,
      "mentions": [
        {
          "text": {
            "content": "nursing",
            "beginOffset": -1
          },
          "type": "COMMON"
        }
      ]
    }
  ],
  "documentSentiment": {
    "magnitude": 3.3,
    "score": 0
  },
  "language": "en",
  "categories": []
}
