{
  "sentences": [
    {
      "text": {
        "content": "JackJack is 5 years old Shih Tsu mix breed, male, weight 7.5 kg, vaccinated yearly, owned by Kelly looking for dog loving family willing to adopt JackJack and give him a loving home.",
        "beginOffset": -1
      },
      "sentiment": {
        "magnitude": 0.9,
        "score": 0.9
      }
    },
    {
      "text": {
        "content": "Beside the basic requirement for a dog, additional are :- (1) Must keep indoor (2) No cage, no leash, no chain please (3) Must allow owner to follow-up on JackJack well-being / regularly email photos to update status (4) Cannot sell and transfer ownership to others Serious adopter, please call Kelly at (Chinese Speaking only) or sms/call Iris (Chinese or English).",
        "beginOffset": -1
      },
      "sentiment": {
        "magnitude": 0.3,
        "score": 0.3
      }
    },
    {
      "text": {
        "content": "JackJack is located in Kuala Lumpur.",
        "beginOffset": -1
      },
      "sentiment": {
        "magnitude": 0,
        "score": 0
      }
    }
  ],
  "tokens": [],
  "entities": [
    {
      "name": "JackJack",
      "type": "OTHER",
      "metadata": {
        "mid": "/m/08gysz",
        "wikipedia_url": "https://nl.wikipedia.org/wiki/Jack-Jack_Parr"
      },
      "salience": 0.47398537,
      "mentions": [
        {
          "text": {
            "content": "JackJack",
            "beginOffset": -1
          },
          "type": "PROPER"
        },
        {
          "text": {
            "content": "breed",
            "beginOffset": -1
          },
          "type": "COMMON"
        },
        {
          "text": {
            "content": "JackJack",
            "beginOffset": -1
          },
          "type": "PROPER"
        },
        {
          "text": {
            "content": "JackJack",
            "beginOffset": -1
          },
          "type": "PROPER"
        },
        {
          "text": {
            "content": "JackJack",
            "beginOffset": -1
          },
          "type": "PROPER"
        }
      ]
    },
    {
      "name": "male",
      "type": "PERSON",
      "metadata": {},
      "salience": 0.14763635,
      "mentions": [
        {
          "text": {
            "content": "male",
            "beginOffset": -1
          },
          "type": "COMMON"
        }
      ]
    },
    {
      "name": "weight",
      "type": "OTHER",
      "metadata": {},
      "salience": 0.08140584,
      "mentions": [
        {
          "text": {
            "content": "weight",
            "beginOffset": -1
          },
          "type": "COMMON"
        }
      ]
    },
    {
      "name": "Kelly",
      "type": "PERSON",
      "metadata": {},
      "salience": 0.053722836,
      "mentions": [
        {
          "text": {
            "content": "Kelly",
            "beginOffset": -1
          },
          "type": "PROPER"
        },
        {
          "text": {
            "content": "Kelly",
            "beginOffset": -1
          },
          "type": "PROPER"
        }
      ]
    },
    {
      "name": "Shih Tsu",
      "type": "ORGANIZATION",
      "metadata": {
        "mid": "/m/01s7fj",
        "wikipedia_url": "https://en.wikipedia.org/wiki/Shih_Tzu"
      },
      "salience": 0.049174704,
      "mentions": [
        {
          "text": {
            "content": "Shih Tsu",
            "beginOffset": -1
          },
          "type": "PROPER"
        }
      ]
    },
    {
      "name": "dog",
      "type": "OTHER",
      "metadata": {},
      "salience": 0.03614176,
      "mentions": [
        {
          "text": {
            "content": "dog",
            "beginOffset": -1
          },
          "type": "COMMON"
        }
      ]
    },
    {
      "name": "family",
      "type": "PERSON",
      "metadata": {},
      "salience": 0.03183342,
      "mentions": [
        {
          "text": {
            "content": "family",
            "beginOffset": -1
          },
          "type": "COMMON"
        }
      ]
    },
    {
      "name": "chain",
      "type": "OTHER",
      "metadata": {},
      "salience": 0.018978361,
      "mentions": [
        {
          "text": {
            "content": "chain",
            "beginOffset": -1
          },
          "type": "COMMON"
        }
      ]
    },
    {
      "name": "home",
      "type": "LOCATION",
      "metadata": {},
      "salience": 0.016537989,
      "mentions": [
        {
          "text": {
            "content": "home",
            "beginOffset": -1
          },
          "type": "COMMON"
        }
      ]
    },
    {
      "name": "dog",
      "type": "OTHER",
      "metadata": {},
      "salience": 0.01187383,
      "mentions": [
        {
          "text": {
            "content": "dog",
            "beginOffset": -1
          },
          "type": "COMMON"
        }
      ]
    },
    {
      "name": "leash",
      "type": "OTHER",
      "metadata": {},
      "salience": 0.010566314,
      "mentions": [
        {
          "text": {
            "content": "leash",
            "beginOffset": -1
          },
          "type": "COMMON"
        }
      ]
    },
    {
      "name": "requirement",
      "type": "OTHER",
      "metadata": {},
      "salience": 0.010437852,
      "mentions": [
        {
          "text": {
            "content": "requirement",
            "beginOffset": -1
          },
          "type": "COMMON"
        }
      ]
    },
    {
      "name": "cage",
      "type": "OTHER",
      "metadata": {},
      "salience": 0.009581028,
      "mentions": [
        {
          "text": {
            "content": "cage",
            "beginOffset": -1
          },
          "type": "COMMON"
        }
      ]
    },
    {
      "name": "others",
      "type": "PERSON",
      "metadata": {},
      "salience": 0.0073177135,
      "mentions": [
        {
          "text": {
            "content": "others",
            "beginOffset": -1
          },
          "type": "COMMON"
        }
      ]
    },
    {
      "name": "sms",
      "type": "OTHER",
      "metadata": {},
      "salience": 0.0073177135,
      "mentions": [
        {
          "text": {
            "content": "sms",
            "beginOffset": -1
          },
          "type": "COMMON"
        }
      ]
    },
    {
      "name": "owner",
      "type": "PERSON",
      "metadata": {},
      "salience": 0.0072767525,
      "mentions": [
        {
          "text": {
            "content": "owner",
            "beginOffset": -1
          },
          "type": "COMMON"
        }
      ]
    },
    {
      "name": "Chinese",
      "type": "LOCATION",
      "metadata": {
        "mid": "/m/01r2l",
        "wikipedia_url": "https://en.wikipedia.org/wiki/Chinese_language"
      },
      "salience": 0.0038254997,
      "mentions": [
        {
          "text": {
            "content": "Chinese",
            "beginOffset": -1
          },
          "type": "PROPER"
        },
        {
          "text": {
            "content": "Chinese",
            "beginOffset": -1
          },
          "type": "PROPER"
        }
      ]
    },
    {
      "name": "ownership",
      "type": "OTHER",
      "metadata": {},
      "salience": 0.0036593368,
      "mentions": [
        {
          "text": {
            "content": "ownership",
            "beginOffset": -1
          },
          "type": "COMMON"
        }
      ]
    },
    {
      "name": "well-being",
      "type": "OTHER",
      "metadata": {},
      "salience": 0.0032146529,
      "mentions": [
        {
          "text": {
            "content": "well-being",
            "beginOffset": -1
          },
          "type": "COMMON"
        }
      ]
    },
    {
      "name": "photos",
      "type": "WORK_OF_ART",
      "metadata": {},
      "salience": 0.0032146529,
      "mentions": [
        {
          "text": {
            "content": "photos",
            "beginOffset": -1
          },
          "type": "COMMON"
        }
      ]
    },
    {
      "name": "status",
      "type": "OTHER",
      "metadata": {},
      "salience": 0.0032146529,
      "mentions": [
        {
          "text": {
            "content": "status",
            "beginOffset": -1
          },
          "type": "COMMON"
        }
      ]
    },
    {
      "name": "Iris",
      "type": "ORGANIZATION",
      "metadata": {},
      "salience": 0.0030328173,
      "mentions": [
        {
          "text": {
            "content": "Iris",
            "beginOffset": -1
          },
          "type": "PROPER"
        }
      ]
    },
    {
      "name": "English",
      "type": "OTHER",
      "metadata": {
        "mid": "/m/02h40lc",
        "wikipedia_url": "https://en.wikipedia.org/wiki/English_language"
      },
      "salience": 0.0030328173,
      "mentions": [
        {
          "text": {
            "content": "English",
            "beginOffset": -1
          },
          "type": "PROPER"
        }
      ]
    },
    {
      "name": "Kuala Lumpur",
      "type": "LOCATION",
      "metadata": {
        "mid": "/m/049d1",
        "wikipedia_url": "https://en.wikipedia.org/wiki/Kuala_Lumpur"
      },
      "salience": 0.0030177378,
      "mentions": [
        {
          "text": {
            "content": "Kuala Lumpur",
            "beginOffset": -1
          },
          "type": "PROPER"
        }
      ]
    }
  ],
  "documentSentiment": {
    "magnitude": 1.3,
    "score": 0.4
  },
  "language": "en",
  "categories": []
}
