{
  "sentences": [
    {
      "text": {
        "content": "Innocent Mongrel black puppy need forever home",
        "beginOffset": -1
      },
      "sentiment": {
        "magnitude": 0,
        "score": 0
      }
    }
  ],
  "tokens": [],
  "entities": [
    {
      "name": "puppy",
      "type": "OTHER",
      "metadata": {},
      "salience": 0.38456666,
      "mentions": [
        {
          "text": {
            "content": "puppy",
            "beginOffset": -1
          },
          "type": "COMMON"
        }
      ]
    },
    {
      "name": "Mongrel",
      "type": "CONSUMER_GOOD",
      "metadata": {
        "wikipedia_url": "https://en.wikipedia.org/wiki/Mongrel",
        "mid": "/m/02ksvq"
      },
      "salience": 0.3386696,
      "mentions": [
        {
          "text": {
            "content": "Mongrel",
            "beginOffset": -1
          },
          "type": "PROPER"
        }
      ]
    },
    {
      "name": "home",
      "type": "LOCATION",
      "metadata": {},
      "salience": 0.2767637,
      "mentions": [
        {
          "text": {
            "content": "home",
            "beginOffset": -1
          },
          "type": "COMMON"
        }
      ]
    }
  ],
  "documentSentiment": {
    "magnitude": 0,
    "score": 0
  },
  "language": "en",
  "categories": []
}
