{
  "sentences": [
    {
      "text": {
        "content": "This puppy was rescued from a drain with ticks all over her body.",
        "beginOffset": -1
      },
      "sentiment": {
        "magnitude": 0,
        "score": 0
      }
    },
    {
      "text": {
        "content": "She is about 4 weeks old and still needs to drink milk.",
        "beginOffset": -1
      },
      "sentiment": {
        "magnitude": 0,
        "score": 0
      }
    },
    {
      "text": {
        "content": "She is fed with puppy milk replacer and also some kibbles soaked in water every 3 to 4 hours.",
        "beginOffset": -1
      },
      "sentiment": {
        "magnitude": 0.3,
        "score": -0.3
      }
    },
    {
      "text": {
        "content": "She sleeps after being fed and do not make a lot of noise.",
        "beginOffset": -1
      },
      "sentiment": {
        "magnitude": 0.5,
        "score": -0.5
      }
    },
    {
      "text": {
        "content": "She will also sleep through the night.",
        "beginOffset": -1
      },
      "sentiment": {
        "magnitude": 0.1,
        "score": 0.1
      }
    }
  ],
  "tokens": [],
  "entities": [
    {
      "name": "puppy",
      "type": "OTHER",
      "metadata": {},
      "salience": 0.2647911,
      "mentions": [
        {
          "text": {
            "content": "puppy",
            "beginOffset": -1
          },
          "type": "COMMON"
        }
      ]
    },
    {
      "name": "drain",
      "type": "OTHER",
      "metadata": {},
      "salience": 0.2360817,
      "mentions": [
        {
          "text": {
            "content": "drain",
            "beginOffset": -1
          },
          "type": "COMMON"
        }
      ]
    },
    {
      "name": "ticks",
      "type": "OTHER",
      "metadata": {},
      "salience": 0.2360817,
      "mentions": [
        {
          "text": {
            "content": "ticks",
            "beginOffset": -1
          },
          "type": "COMMON"
        }
      ]
    },
    {
      "name": "body",
      "type": "OTHER",
      "metadata": {},
      "salience": 0.09574838,
      "mentions": [
        {
          "text": {
            "content": "body",
            "beginOffset": -1
          },
          "type": "COMMON"
        }
      ]
    },
    {
      "name": "milk",
      "type": "OTHER",
      "metadata": {},
      "salience": 0.036256347,
      "mentions": [
        {
          "text": {
            "content": "milk",
            "beginOffset": -1
          },
          "type": "COMMON"
        }
      ]
    },
    {
      "name": "puppy milk replacer",
      "type": "OTHER",
      "metadata": {},
      "salience": 0.032137517,
      "mentions": [
        {
          "text": {
            "content": "puppy milk replacer",
            "beginOffset": -1
          },
          "type": "COMMON"
        }
      ]
    },
    {
      "name": "kibbles",
      "type": "OTHER",
      "metadata": {},
      "salience": 0.02951893,
      "mentions": [
        {
          "text": {
            "content": "kibbles",
            "beginOffset": -1
          },
          "type": "COMMON"
        }
      ]
    },
    {
      "name": "water",
      "type": "OTHER",
      "metadata": {},
      "salience": 0.02951893,
      "mentions": [
        {
          "text": {
            "content": "water",
            "beginOffset": -1
          },
          "type": "COMMON"
        }
      ]
    },
    {
      "name": "noise",
      "type": "OTHER",
      "metadata": {},
      "salience": 0.022233453,
      "mentions": [
        {
          "text": {
            "content": "noise",
            "beginOffset": -1
          },
          "type": "COMMON"
        }
      ]
    },
    {
      "name": "lot",
      "type": "OTHER",
      "metadata": {},
      "salience": 0.017631944,
      "mentions": [
        {
          "text": {
            "content": "lot",
            "beginOffset": -1
          },
          "type": "COMMON"
        }
      ]
    }
  ],
  "documentSentiment": {
    "magnitude": 1.1,
    "score": -0.1
  },
  "language": "en",
  "categories": []
}
