{
  "sentences": [
    {
      "text": {
        "content": "A male Shih Tzu (approximately 4-5 years old, Gray &amp; White color) was rescued in Puchong last week from a group of foreigner.",
        "beginOffset": -1
      },
      "sentiment": {
        "magnitude": 0,
        "score": 0
      }
    },
    {
      "text": {
        "content": "Injury to the left eye and was removed due to the seriousness and from infection.",
        "beginOffset": -1
      },
      "sentiment": {
        "magnitude": 0.6,
        "score": -0.6
      }
    },
    {
      "text": {
        "content": "The boy is now being temporary fostered in a home at Taman Tun Dr.Ismail.",
        "beginOffset": -1
      },
      "sentiment": {
        "magnitude": 0,
        "score": 0
      }
    }
  ],
  "tokens": [],
  "entities": [
    {
      "name": "Shih Tzu",
      "type": "ORGANIZATION",
      "metadata": {
        "mid": "/m/01s7fj",
        "wikipedia_url": "https://en.wikipedia.org/wiki/Shih_Tzu"
      },
      "salience": 0.2691411,
      "mentions": [
        {
          "text": {
            "content": "Shih Tzu",
            "beginOffset": -1
          },
          "type": "PROPER"
        }
      ]
    },
    {
      "name": "color",
      "type": "OTHER",
      "metadata": {},
      "salience": 0.17754835,
      "mentions": [
        {
          "text": {
            "content": "color",
            "beginOffset": -1
          },
          "type": "COMMON"
        }
      ]
    },
    {
      "name": "group",
      "type": "ORGANIZATION",
      "metadata": {},
      "salience": 0.12336051,
      "mentions": [
        {
          "text": {
            "content": "group",
            "beginOffset": -1
          },
          "type": "COMMON"
        }
      ]
    },
    {
      "name": "foreigner",
      "type": "PERSON",
      "metadata": {},
      "salience": 0.12336051,
      "mentions": [
        {
          "text": {
            "content": "foreigner",
            "beginOffset": -1
          },
          "type": "COMMON"
        }
      ]
    },
    {
      "name": "Puchong",
      "type": "LOCATION",
      "metadata": {
        "wikipedia_url": "https://en.wikipedia.org/wiki/Puchong",
        "mid": "/m/0cxff7"
      },
      "salience": 0.07314977,
      "mentions": [
        {
          "text": {
            "content": "Puchong",
            "beginOffset": -1
          },
          "type": "PROPER"
        }
      ]
    },
    {
      "name": "Injury",
      "type": "OTHER",
      "metadata": {},
      "salience": 0.06034244,
      "mentions": [
        {
          "text": {
            "content": "Injury",
            "beginOffset": -1
          },
          "type": "COMMON"
        }
      ]
    },
    {
      "name": "eye",
      "type": "OTHER",
      "metadata": {},
      "salience": 0.05544351,
      "mentions": [
        {
          "text": {
            "content": "eye",
            "beginOffset": -1
          },
          "type": "COMMON"
        }
      ]
    },
    {
      "name": "boy",
      "type": "PERSON",
      "metadata": {},
      "salience": 0.03393504,
      "mentions": [
        {
          "text": {
            "content": "boy",
            "beginOffset": -1
          },
          "type": "COMMON"
        }
      ]
    },
    {
      "name": "home",
      "type": "LOCATION",
      "metadata": {},
      "salience": 0.029314611,
      "mentions": [
        {
          "text": {
            "content": "home",
            "beginOffset": -1
          },
          "type": "COMMON"
        }
      ]
    },
    {
      "name": "seriousness",
      "type": "OTHER",
      "metadata": {},
      "salience": 0.018511407,
      "mentions": [
        {
          "text": {
            "content": "seriousness",
            "beginOffset": -1
          },
          "type": "COMMON"
        }
      ]
    },
    {
      "name": "infection",
      "type": "OTHER",
      "metadata": {},
      "salience": 0.018511407,
      "mentions": [
        {
          "text": {
            "content": "infection",
            "beginOffset": -1
          },
          "type": "COMMON"
        }
      ]
    },
    {
      "name": "Taman Tun Dr.Ismail",
      "type": "LOCATION",
      "metadata": {
        "mid": "/m/0cm72d",
        "wikipedia_url": "https://en.wikipedia.org/wiki/Taman_Tun_Dr_Ismail"
      },
      "salience": 0.017381364,
      "mentions": [
        {
          "text": {
            "content": "Taman Tun Dr.Ismail",
            "beginOffset": -1
          },
          "type": "PROPER"
        }
      ]
    }
  ],
  "documentSentiment": {
    "magnitude": 0.7,
    "score": -0.2
  },
  "language": "en",
  "categories": []
}
