{
  "sentences": [
    {
      "text": {
        "content": "A female black petite named Petito up for adoption..",
        "beginOffset": -1
      },
      "sentiment": {
        "magnitude": 0.1,
        "score": 0.1
      }
    },
    {
      "text": {
        "content": "around early 2 mths..omg she's so dwarf...only on deworming..good health...eating ayam rebus and softened kibble...very active and healthy...looks kinda scary kitty..but believe me she's so manja and lovable...can be a very attached cat to the owner also.",
        "beginOffset": -1
      },
      "sentiment": {
        "magnitude": 0.9,
        "score": 0.9
      }
    },
    {
      "text": {
        "content": "Urgently needs to be rehomed and new owner must be a cat lover and has cat friendly home.",
        "beginOffset": -1
      },
      "sentiment": {
        "magnitude": 0.7,
        "score": 0.7
      }
    },
    {
      "text": {
        "content": "Those who are interested..pls do email or call(Kak Ina).",
        "beginOffset": -1
      },
      "sentiment": {
        "magnitude": 0.7,
        "score": -0.7
      }
    },
    {
      "text": {
        "content": "Serious adopter only!",
        "beginOffset": -1
      },
      "sentiment": {
        "magnitude": 0.7,
        "score": 0.7
      }
    },
    {
      "text": {
        "content": "Location: Bandar Tasek Selatan.(Self-collect)",
        "beginOffset": -1
      },
      "sentiment": {
        "magnitude": 0.2,
        "score": 0.2
      }
    }
  ],
  "tokens": [],
  "entities": [
    {
      "name": "adoption",
      "type": "OTHER",
      "metadata": {},
      "salience": 0.33076206,
      "mentions": [
        {
          "text": {
            "content": "adoption",
            "beginOffset": -1
          },
          "type": "COMMON"
        }
      ]
    },
    {
      "name": "Petito",
      "type": "PERSON",
      "metadata": {},
      "salience": 0.24568145,
      "mentions": [
        {
          "text": {
            "content": "Petito",
            "beginOffset": -1
          },
          "type": "PROPER"
        }
      ]
    },
    {
      "name": "cat lover",
      "type": "PERSON",
      "metadata": {},
      "salience": 0.06893853,
      "mentions": [
        {
          "text": {
            "content": "owner",
            "beginOffset": -1
          },
          "type": "COMMON"
        },
        {
          "text": {
            "content": "cat lover",
            "beginOffset": -1
          },
          "type": "COMMON"
        }
      ]
    },
    {
      "name": "health",
      "type": "OTHER",
      "metadata": {},
      "salience": 0.05713769,
      "mentions": [
        {
          "text": {
            "content": "health",
            "beginOffset": -1
          },
          "type": "COMMON"
        }
      ]
    },
    {
      "name": "cat",
      "type": "OTHER",
      "metadata": {},
      "salience": 0.055111792,
      "mentions": [
        {
          "text": {
            "content": "cat",
            "beginOffset": -1
          },
          "type": "COMMON"
        }
      ]
    },
    {
      "name": "owner",
      "type": "PERSON",
      "metadata": {},
      "salience": 0.040931765,
      "mentions": [
        {
          "text": {
            "content": "owner",
            "beginOffset": -1
          },
          "type": "COMMON"
        }
      ]
    },
    {
      "name": "kitty",
      "type": "OTHER",
      "metadata": {},
      "salience": 0.03920371,
      "mentions": [
        {
          "text": {
            "content": "kitty",
            "beginOffset": -1
          },
          "type": "COMMON"
        }
      ]
    },
    {
      "name": "ayam rebus",
      "type": "OTHER",
      "metadata": {},
      "salience": 0.03872904,
      "mentions": [
        {
          "text": {
            "content": "ayam rebus",
            "beginOffset": -1
          },
          "type": "COMMON"
        }
      ]
    },
    {
      "name": "kibble",
      "type": "OTHER",
      "metadata": {},
      "salience": 0.03872904,
      "mentions": [
        {
          "text": {
            "content": "kibble",
            "beginOffset": -1
          },
          "type": "COMMON"
        }
      ]
    },
    {
      "name": "call",
      "type": "OTHER",
      "metadata": {},
      "salience": 0.02695597,
      "mentions": [
        {
          "text": {
            "content": "call",
            "beginOffset": -1
          },
          "type": "COMMON"
        }
      ]
    },
    {
      "name": "Location",
      "type": "LOCATION",
      "metadata": {},
      "salience": 0.018808644,
      "mentions": [
        {
          "text": {
            "content": "Location",
            "beginOffset": -1
          },
          "type": "COMMON"
        }
      ]
    },
    {
      "name": "Kak Ina",
      "type": "PERSON",
      "metadata": {},
      "salience": 0.015973162,
      "mentions": [
        {
          "text": {
            "content": "Kak Ina",
            "beginOffset": -1
          },
          "type": "PROPER"
        }
      ]
    },
    {
      "name": "home",
      "type": "LOCATION",
      "metadata": {},
      "salience": 0.011902387,
      "mentions": [
        {
          "text": {
            "content": "home",
            "beginOffset": -1
          },
          "type": "COMMON"
        }
      ]
    },
    {
      "name": "Bandar Tasek Selatan.",
      "type": "ORGANIZATION",
      "metadata": {},
      "salience": 0.011134756,
      "mentions": [
        {
          "text": {
            "content": "Bandar Tasek Selatan.",
            "beginOffset": -1
          },
          "type": "PROPER"
        }
      ]
    }
  ],
  "documentSentiment": {
    "magnitude": 3.5,
    "score": 0.3
  },
  "language": "en",
  "categories": []
}
