{
  "sentences": [
    {
      "text": {
        "content": "Jenny Baby was one of the surviving puppies found at the local market.",
        "beginOffset": -1
      },
      "sentiment": {
        "magnitude": 0.1,
        "score": 0.1
      }
    },
    {
      "text": {
        "content": "Her fate would be unimaginable if being left there.",
        "beginOffset": -1
      },
      "sentiment": {
        "magnitude": 0,
        "score": 0
      }
    },
    {
      "text": {
        "content": "Jenny Baby is now 1.5 months old, full of character and is very intelligent.",
        "beginOffset": -1
      },
      "sentiment": {
        "magnitude": 0.7,
        "score": 0.7
      }
    },
    {
      "text": {
        "content": "She has undergone health checks at the vet, vaccinated and yet to be neutered.",
        "beginOffset": -1
      },
      "sentiment": {
        "magnitude": 0,
        "score": 0
      }
    },
    {
      "text": {
        "content": "If you believe you can give Jenny Baby a good home to grow up in, please contact: Sandy @",
        "beginOffset": -1
      },
      "sentiment": {
        "magnitude": 0.7,
        "score": 0.7
      }
    }
  ],
  "tokens": [],
  "entities": [
    {
      "name": "Jenny Baby",
      "type": "PERSON",
      "metadata": {},
      "salience": 0.68759716,
      "mentions": [
        {
          "text": {
            "content": "Jenny Baby",
            "beginOffset": -1
          },
          "type": "PROPER"
        },
        {
          "text": {
            "content": "one",
            "beginOffset": -1
          },
          "type": "COMMON"
        },
        {
          "text": {
            "content": "Jenny Baby",
            "beginOffset": -1
          },
          "type": "PROPER"
        },
        {
          "text": {
            "content": "Jenny Baby",
            "beginOffset": -1
          },
          "type": "PROPER"
        }
      ]
    },
    {
      "name": "puppies",
      "type": "OTHER",
      "metadata": {},
      "salience": 0.14637633,
      "mentions": [
        {
          "text": {
            "content": "puppies",
            "beginOffset": -1
          },
          "type": "COMMON"
        }
      ]
    },
    {
      "name": "market",
      "type": "OTHER",
      "metadata": {},
      "salience": 0.05888989,
      "mentions": [
        {
          "text": {
            "content": "market",
            "beginOffset": -1
          },
          "type": "COMMON"
        }
      ]
    },
    {
      "name": "fate",
      "type": "OTHER",
      "metadata": {},
      "salience": 0.035373233,
      "mentions": [
        {
          "text": {
            "content": "fate",
            "beginOffset": -1
          },
          "type": "COMMON"
        }
      ]
    },
    {
      "name": "character",
      "type": "OTHER",
      "metadata": {},
      "salience": 0.019694488,
      "mentions": [
        {
          "text": {
            "content": "character",
            "beginOffset": -1
          },
          "type": "COMMON"
        }
      ]
    },
    {
      "name": "health checks",
      "type": "OTHER",
      "metadata": {},
      "salience": 0.018023856,
      "mentions": [
        {
          "text": {
            "content": "health checks",
            "beginOffset": -1
          },
          "type": "COMMON"
        }
      ]
    },
    {
      "name": "vet",
      "type": "EVENT",
      "metadata": {},
      "salience": 0.018023856,
      "mentions": [
        {
          "text": {
            "content": "vet",
            "beginOffset": -1
          },
          "type": "COMMON"
        }
      ]
    },
    {
      "name": "home",
      "type": "LOCATION",
      "metadata": {},
      "salience": 0.010378933,
      "mentions": [
        {
          "text": {
            "content": "home",
            "beginOffset": -1
          },
          "type": "COMMON"
        }
      ]
    },
    {
      "name": "Sandy @",
      "type": "OTHER",
      "metadata": {},
      "salience": 0.005642289,
      "mentions": [
        {
          "text": {
            "content": "Sandy @",
            "beginOffset": -1
          },
          "type": "PROPER"
        }
      ]
    }
  ],
  "documentSentiment": {
    "magnitude": 1.7,
    "score": 0.3
  },
  "language": "en",
  "categories": []
}
