{
  "sentences": [
    {
      "text": {
        "content": "Mixed Breed Male, 2 months Old Cute &amp; Loving Adoption Fee : RM90 for Vaccination, dewormed &amp; Others",
        "beginOffset": -1
      },
      "sentiment": {
        "magnitude": 0.9,
        "score": 0.9
      }
    }
  ],
  "tokens": [],
  "entities": [
    {
      "name": "Mixed Breed Male",
      "type": "CONSUMER_GOOD",
      "metadata": {},
      "salience": 0.58966976,
      "mentions": [
        {
          "text": {
            "content": "Mixed Breed Male",
            "beginOffset": -1
          },
          "type": "PROPER"
        }
      ]
    },
    {
      "name": "Loving Adoption Fee",
      "type": "OTHER",
      "metadata": {},
      "salience": 0.1660294,
      "mentions": [
        {
          "text": {
            "content": "Loving Adoption Fee",
            "beginOffset": -1
          },
          "type": "PROPER"
        }
      ]
    },
    {
      "name": "Others",
      "type": "PERSON",
      "metadata": {},
      "salience": 0.14907153,
      "mentions": [
        {
          "text": {
            "content": "Others",
            "beginOffset": -1
          },
          "type": "COMMON"
        }
      ]
    },
    {
      "name": "Vaccination",
      "type": "OTHER",
      "metadata": {},
      "salience": 0.09522932,
      "mentions": [
        {
          "text": {
            "content": "Vaccination",
            "beginOffset": -1
          },
          "type": "COMMON"
        }
      ]
    }
  ],
  "documentSentiment": {
    "magnitude": 0.9,
    "score": 0.9
  },
  "language": "en",
  "categories": []
}
