{
  "sentences": [
    {
      "text": {
        "content": "Hi, if you are looking for a loving pet and has a forever Home to share, we are a bunch of friendly gorgeous cats staying with our fosterers, longing to be adopted.",
        "beginOffset": -1
      },
      "sentiment": {
        "magnitude": 0.9,
        "score": 0.9
      }
    },
    {
      "text": {
        "content": "Hope our prayers will be answered...",
        "beginOffset": -1
      },
      "sentiment": {
        "magnitude": 0.1,
        "score": 0.1
      }
    }
  ],
  "tokens": [],
  "entities": [
    {
      "name": "pet",
      "type": "OTHER",
      "metadata": {},
      "salience": 0.27878183,
      "mentions": [
        {
          "text": {
            "content": "pet",
            "beginOffset": -1
          },
          "type": "COMMON"
        }
      ]
    },
    {
      "name": "bunch",
      "type": "PERSON",
      "metadata": {},
      "salience": 0.24267107,
      "mentions": [
        {
          "text": {
            "content": "bunch",
            "beginOffset": -1
          },
          "type": "COMMON"
        }
      ]
    },
    {
      "name": "Home",
      "type": "OTHER",
      "metadata": {},
      "salience": 0.19208679,
      "mentions": [
        {
          "text": {
            "content": "Home",
            "beginOffset": -1
          },
          "type": "COMMON"
        }
      ]
    },
    {
      "name": "cats",
      "type": "OTHER",
      "metadata": {},
      "salience": 0.17898074,
      "mentions": [
        {
          "text": {
            "content": "cats",
            "beginOffset": -1
          },
          "type": "COMMON"
        }
      ]
    },
    {
      "name": "fosterers",
      "type": "PERSON",
      "metadata": {},
      "salience": 0.060788397,
      "mentions": [
        {
          "text": {
            "content": "fosterers",
            "beginOffset": -1
          },
          "type": "COMMON"
        }
      ]
    },
    {
      "name": "prayers",
      "type": "OTHER",
      "metadata": {},
      "salience": 0.04669118,
      "mentions": [
        {
          "text": {
            "content": "prayers",
            "beginOffset": -1
          },
          "type": "COMMON"
        }
      ]
    }
  ],
  "documentSentiment": {
    "magnitude": 1.1,
    "score": 0.5
  },
  "language": "en",
  "categories": []
}
