{
  "sentences": [
    {
      "text": {
        "content": "We're rescuing her in the middle of the road here in Alam Damai, Cheras.",
        "beginOffset": -1
      },
      "sentiment": {
        "magnitude": 0,
        "score": 0
      }
    },
    {
      "text": {
        "content": "She might be hurt from a dog bite and she is so weak at the time.",
        "beginOffset": -1
      },
      "sentiment": {
        "magnitude": 0.4,
        "score": -0.4
      }
    },
    {
      "text": {
        "content": "We're picking her up and wrapped her with my husband's sweater.",
        "beginOffset": -1
      },
      "sentiment": {
        "magnitude": 0.2,
        "score": 0.2
      }
    },
    {
      "text": {
        "content": "After that we taking her to the vet and the doctor said she's fine, just having a trauma.",
        "beginOffset": -1
      },
      "sentiment": {
        "magnitude": 0.1,
        "score": -0.1
      }
    },
    {
      "text": {
        "content": "Then we decided to take her home and take care of her, even we're already have 2.",
        "beginOffset": -1
      },
      "sentiment": {
        "magnitude": 0,
        "score": 0
      }
    },
    {
      "text": {
        "content": "Omg, it's a havoc at home and we're working.",
        "beginOffset": -1
      },
      "sentiment": {
        "magnitude": 0.3,
        "score": 0.3
      }
    },
    {
      "text": {
        "content": "No time to train another kitty.",
        "beginOffset": -1
      },
      "sentiment": {
        "magnitude": 0,
        "score": 0
      }
    },
    {
      "text": {
        "content": "She's health now and she's active too.",
        "beginOffset": -1
      },
      "sentiment": {
        "magnitude": 0.1,
        "score": 0.1
      }
    },
    {
      "text": {
        "content": "So please, anyone who wants her, please give me a call.",
        "beginOffset": -1
      },
      "sentiment": {
        "magnitude": 0.1,
        "score": 0.1
      }
    },
    {
      "text": {
        "content": "TQ",
        "beginOffset": -1
      },
      "sentiment": {
        "magnitude": 0.1,
        "score": 0.1
      }
    }
  ],
  "tokens": [],
  "entities": [
    {
      "name": "road",
      "type": "LOCATION",
      "metadata": {},
      "salience": 0.3615547,
      "mentions": [
        {
          "text": {
            "content": "road",
            "beginOffset": -1
          },
          "type": "COMMON"
        }
      ]
    },
    {
      "name": "middle",
      "type": "OTHER",
      "metadata": {},
      "salience": 0.14993422,
      "mentions": [
        {
          "text": {
            "content": "middle",
            "beginOffset": -1
          },
          "type": "COMMON"
        }
      ]
    },
    {
      "name": "Alam Damai",
      "type": "OTHER",
      "metadata": {
        "mid": "/m/0v3h48h",
        "wikipedia_url": "https://en.wikipedia.org/wiki/Alam_Damai"
      },
      "salience": 0.08998841,
      "mentions": [
        {
          "text": {
            "content": "Alam Damai",
            "beginOffset": -1
          },
          "type": "PROPER"
        }
      ]
    },
    {
      "name": "Cheras",
      "type": "LOCATION",
      "metadata": {
        "mid": "/m/0ftqgb",
        "wikipedia_url": "https://de.wikipedia.org/wiki/Cheras"
      },
      "salience": 0.08998841,
      "mentions": [
        {
          "text": {
            "content": "Cheras",
            "beginOffset": -1
          },
          "type": "PROPER"
        }
      ]
    },
    {
      "name": "health",
      "type": "OTHER",
      "metadata": {},
      "salience": 0.05643909,
      "mentions": [
        {
          "text": {
            "content": "health",
            "beginOffset": -1
          },
          "type": "COMMON"
        }
      ]
    },
    {
      "name": "anyone",
      "type": "PERSON",
      "metadata": {},
      "salience": 0.038382765,
      "mentions": [
        {
          "text": {
            "content": "anyone",
            "beginOffset": -1
          },
          "type": "COMMON"
        }
      ]
    },
    {
      "name": "dog bite",
      "type": "OTHER",
      "metadata": {},
      "salience": 0.028046677,
      "mentions": [
        {
          "text": {
            "content": "dog bite",
            "beginOffset": -1
          },
          "type": "COMMON"
        }
      ]
    },
    {
      "name": "home",
      "type": "LOCATION",
      "metadata": {},
      "salience": 0.02267459,
      "mentions": [
        {
          "text": {
            "content": "home",
            "beginOffset": -1
          },
          "type": "COMMON"
        }
      ]
    },
    {
      "name": "care",
      "type": "OTHER",
      "metadata": {},
      "salience": 0.019927435,
      "mentions": [
        {
          "text": {
            "content": "care",
            "beginOffset": -1
          },
          "type": "COMMON"
        }
      ]
    },
    {
      "name": "trauma",
      "type": "OTHER",
      "metadata": {},
      "salience": 0.01902601,
      "mentions": [
        {
          "text": {
            "content": "trauma",
            "beginOffset": -1
          },
          "type": "COMMON"
        }
      ]
    },
    {
      "name": "vet",
      "type": "PERSON",
      "metadata": {},
      "salience": 0.01902601,
      "mentions": [
        {
          "text": {
            "content": "vet",
            "beginOffset": -1
          },
          "type": "COMMON"
        }
      ]
    },
    {
      "name": "husband",
      "type": "PERSON",
      "metadata": {},
      "salience": 0.018860605,
      "mentions": [
        {
          "text": {
            "content": "husband",
            "beginOffset": -1
          },
          "type": "COMMON"
        }
      ]
    },
    {
      "name": "sweater",
      "type": "CONSUMER_GOOD",
      "metadata": {},
      "salience": 0.018860605,
      "mentions": [
        {
          "text": {
            "content": "sweater",
            "beginOffset": -1
          },
          "type": "COMMON"
        }
      ]
    },
    {
      "name": "doctor",
      "type": "PERSON",
      "metadata": {},
      "salience": 0.017676698,
      "mentions": [
        {
          "text": {
            "content": "doctor",
            "beginOffset": -1
          },
          "type": "COMMON"
        }
      ]
    },
    {
      "name": "havoc",
      "type": "OTHER",
      "metadata": {},
      "salience": 0.017630408,
      "mentions": [
        {
          "text": {
            "content": "havoc",
            "beginOffset": -1
          },
          "type": "COMMON"
        }
      ]
    },
    {
      "name": "kitty",
      "type": "OTHER",
      "metadata": {},
      "salience": 0.013077695,
      "mentions": [
        {
          "text": {
            "content": "kitty",
            "beginOffset": -1
          },
          "type": "COMMON"
        }
      ]
    },
    {
      "name": "call",
      "type": "OTHER",
      "metadata": {},
      "salience": 0.006966874,
      "mentions": [
        {
          "text": {
            "content": "call",
            "beginOffset": -1
          },
          "type": "COMMON"
        }
      ]
    },
    {
      "name": "home",
      "type": "LOCATION",
      "metadata": {},
      "salience": 0.006547206,
      "mentions": [
        {
          "text": {
            "content": "home",
            "beginOffset": -1
          },
          "type": "COMMON"
        }
      ]
    },
    {
      "name": "TQ",
      "type": "PERSON",
      "metadata": {},
      "salience": 0.0053915726,
      "mentions": [
        {
          "text": {
            "content": "TQ",
            "beginOffset": -1
          },
          "type": "PROPER"
        }
      ]
    }
  ],
  "documentSentiment": {
    "magnitude": 1.7,
    "score": 0
  },
  "language": "en",
  "categories": []
}
