{
  "sentences": [
    {
      "text": {
        "content": "4 kittens (1 blind) &amp; the mummy were found by my friend in a box at a playground .",
        "beginOffset": -1
      },
      "sentiment": {
        "magnitude": 0.5,
        "score": 0.5
      }
    },
    {
      "text": {
        "content": "Kittens are about 2 weeks old, clean and healthy.",
        "beginOffset": -1
      },
      "sentiment": {
        "magnitude": 0.8,
        "score": 0.8
      }
    },
    {
      "text": {
        "content": "My friend cannot keep the cats since her husband don't like cats.",
        "beginOffset": -1
      },
      "sentiment": {
        "magnitude": 0,
        "score": 0
      }
    },
    {
      "text": {
        "content": "So the cats are living at her porch right now.",
        "beginOffset": -1
      },
      "sentiment": {
        "magnitude": 0.2,
        "score": 0.2
      }
    },
    {
      "text": {
        "content": "I'm looking for potential adopter on her behalf since she doesn't have internet access.",
        "beginOffset": -1
      },
      "sentiment": {
        "magnitude": 0.4,
        "score": 0.4
      }
    },
    {
      "text": {
        "content": "Adopter is required to neuter the mummy.",
        "beginOffset": -1
      },
      "sentiment": {
        "magnitude": 0,
        "score": 0
      }
    },
    {
      "text": {
        "content": "All are to be adopted together since kittens are still nursing.",
        "beginOffset": -1
      },
      "sentiment": {
        "magnitude": 0.1,
        "score": -0.1
      }
    },
    {
      "text": {
        "content": "The blind kitten is also very active.",
        "beginOffset": -1
      },
      "sentiment": {
        "magnitude": 0.5,
        "score": 0.5
      }
    },
    {
      "text": {
        "content": "Maybe this is the Malaysian version of Oskar the blind kitten which is famous in youtube right now, who knows...Please somebody adopt this family, my friend tells the hubby she is keeping the cats temporarily only.",
        "beginOffset": -1
      },
      "sentiment": {
        "magnitude": 0.2,
        "score": -0.2
      }
    },
    {
      "text": {
        "content": "I don't want them to leave the cats somewhere else.",
        "beginOffset": -1
      },
      "sentiment": {
        "magnitude": 0.3,
        "score": -0.3
      }
    },
    {
      "text": {
        "content": "I can't take more since I already have 5 cats.",
        "beginOffset": -1
      },
      "sentiment": {
        "magnitude": 0.1,
        "score": -0.1
      }
    },
    {
      "text": {
        "content": "Please help, thank you.",
        "beginOffset": -1
      },
      "sentiment": {
        "magnitude": 0,
        "score": 0
      }
    }
  ],
  "tokens": [],
  "entities": [
    {
      "name": "friend",
      "type": "PERSON",
      "metadata": {},
      "salience": 0.44931233,
      "mentions": [
        {
          "text": {
            "content": "friend",
            "beginOffset": -1
          },
          "type": "COMMON"
        },
        {
          "text": {
            "content": "friend",
            "beginOffset": -1
          },
          "type": "COMMON"
        },
        {
          "text": {
            "content": "friend",
            "beginOffset": -1
          },
          "type": "COMMON"
        }
      ]
    },
    {
      "name": "kittens",
      "type": "PERSON",
      "metadata": {},
      "salience": 0.07513181,
      "mentions": [
        {
          "text": {
            "content": "kittens",
            "beginOffset": -1
          },
          "type": "COMMON"
        }
      ]
    },
    {
      "name": "cats",
      "type": "OTHER",
      "metadata": {},
      "salience": 0.06316528,
      "mentions": [
        {
          "text": {
            "content": "cats",
            "beginOffset": -1
          },
          "type": "COMMON"
        },
        {
          "text": {
            "content": "cats",
            "beginOffset": -1
          },
          "type": "COMMON"
        }
      ]
    },
    {
      "name": "mummy",
      "type": "OTHER",
      "metadata": {},
      "salience": 0.06073326,
      "mentions": [
        {
          "text": {
            "content": "mummy",
            "beginOffset": -1
          },
          "type": "COMMON"
        }
      ]
    },
    {
      "name": "box",
      "type": "OTHER",
      "metadata": {},
      "salience": 0.05358088,
      "mentions": [
        {
          "text": {
            "content": "box",
            "beginOffset": -1
          },
          "type": "COMMON"
        }
      ]
    },
    {
      "name": "playground",
      "type": "LOCATION",
      "metadata": {},
      "salience": 0.05358088,
      "mentions": [
        {
          "text": {
            "content": "playground",
            "beginOffset": -1
          },
          "type": "COMMON"
        }
      ]
    },
    {
      "name": "version",
      "type": "CONSUMER_GOOD",
      "metadata": {},
      "salience": 0.043615922,
      "mentions": [
        {
          "text": {
            "content": "version",
            "beginOffset": -1
          },
          "type": "COMMON"
        }
      ]
    },
    {
      "name": "cats",
      "type": "OTHER",
      "metadata": {},
      "salience": 0.04155997,
      "mentions": [
        {
          "text": {
            "content": "cats",
            "beginOffset": -1
          },
          "type": "COMMON"
        },
        {
          "text": {
            "content": "cats",
            "beginOffset": -1
          },
          "type": "COMMON"
        }
      ]
    },
    {
      "name": "Kittens",
      "type": "PERSON",
      "metadata": {},
      "salience": 0.036024787,
      "mentions": [
        {
          "text": {
            "content": "Kittens",
            "beginOffset": -1
          },
          "type": "COMMON"
        }
      ]
    },
    {
      "name": "kitten",
      "type": "PERSON",
      "metadata": {},
      "salience": 0.027617164,
      "mentions": [
        {
          "text": {
            "content": "kitten",
            "beginOffset": -1
          },
          "type": "COMMON"
        },
        {
          "text": {
            "content": "kitten",
            "beginOffset": -1
          },
          "type": "COMMON"
        }
      ]
    },
    {
      "name": "cats",
      "type": "OTHER",
      "metadata": {},
      "salience": 0.011023817,
      "mentions": [
        {
          "text": {
            "content": "cats",
            "beginOffset": -1
          },
          "type": "COMMON"
        }
      ]
    },
    {
      "name": "Adopter",
      "type": "PERSON",
      "metadata": {},
      "salience": 0.009907576,
      "mentions": [
        {
          "text": {
            "content": "Adopter",
            "beginOffset": -1
          },
          "type": "COMMON"
        }
      ]
    },
    {
      "name": "kittens",
      "type": "PERSON",
      "metadata": {},
      "salience": 0.00853947,
      "mentions": [
        {
          "text": {
            "content": "kittens",
            "beginOffset": -1
          },
          "type": "COMMON"
        }
      ]
    },
    {
      "name": "mummy",
      "type": "OTHER",
      "metadata": {},
      "salience": 0.0076599824,
      "mentions": [
        {
          "text": {
            "content": "mummy",
            "beginOffset": -1
          },
          "type": "COMMON"
        }
      ]
    },
    {
      "name": "behalf",
      "type": "OTHER",
      "metadata": {},
      "salience": 0.0067460807,
      "mentions": [
        {
          "text": {
            "content": "behalf",
            "beginOffset": -1
          },
          "type": "COMMON"
        }
      ]
    },
    {
      "name": "porch",
      "type": "LOCATION",
      "metadata": {},
      "salience": 0.006682097,
      "mentions": [
        {
          "text": {
            "content": "porch",
            "beginOffset": -1
          },
          "type": "COMMON"
        }
      ]
    },
    {
      "name": "internet access",
      "type": "OTHER",
      "metadata": {},
      "salience": 0.00666383,
      "mentions": [
        {
          "text": {
            "content": "internet access",
            "beginOffset": -1
          },
          "type": "COMMON"
        }
      ]
    },
    {
      "name": "husband",
      "type": "PERSON",
      "metadata": {},
      "salience": 0.0066239596,
      "mentions": [
        {
          "text": {
            "content": "husband",
            "beginOffset": -1
          },
          "type": "COMMON"
        }
      ]
    },
    {
      "name": "All",
      "type": "OTHER",
      "metadata": {},
      "salience": 0.006555462,
      "mentions": [
        {
          "text": {
            "content": "All",
            "beginOffset": -1
          },
          "type": "COMMON"
        }
      ]
    },
    {
      "name": "cats",
      "type": "OTHER",
      "metadata": {},
      "salience": 0.0047712377,
      "mentions": [
        {
          "text": {
            "content": "cats",
            "beginOffset": -1
          },
          "type": "COMMON"
        }
      ]
    },
    {
      "name": "more",
      "type": "OTHER",
      "metadata": {},
      "salience": 0.0037056443,
      "mentions": [
        {
          "text": {
            "content": "more",
            "beginOffset": -1
          },
          "type": "COMMON"
        }
      ]
    },
    {
      "name": "Malaysian",
      "type": "LOCATION",
      "metadata": {},
      "salience": 0.00363634,
      "mentions": [
        {
          "text": {
            "content": "Malaysian",
            "beginOffset": -1
          },
          "type": "PROPER"
        }
      ]
    },
    {
      "name": "hubby",
      "type": "OTHER",
      "metadata": {},
      "salience": 0.0034507017,
      "mentions": [
        {
          "text": {
            "content": "hubby",
            "beginOffset": -1
          },
          "type": "COMMON"
        }
      ]
    },
    {
      "name": "somewhere",
      "type": "LOCATION",
      "metadata": {},
      "salience": 0.003240795,
      "mentions": [
        {
          "text": {
            "content": "somewhere",
            "beginOffset": -1
          },
          "type": "COMMON"
        }
      ]
    },
    {
      "name": "somebody",
      "type": "PERSON",
      "metadata": {},
      "salience": 0.0020335293,
      "mentions": [
        {
          "text": {
            "content": "somebody",
            "beginOffset": -1
          },
          "type": "COMMON"
        }
      ]
    },
    {
      "name": "family",
      "type": "PERSON",
      "metadata": {},
      "salience": 0.0020335293,
      "mentions": [
        {
          "text": {
            "content": "family",
            "beginOffset": -1
          },
          "type": "COMMON"
        }
      ]
    },
    {
      "name": "Oskar",
      "type": "PERSON",
      "metadata": {},
      "salience": 0.0012018345,
      "mentions": [
        {
          "text": {
            "content": "Oskar",
            "beginOffset": -1
          },
          "type": "PROPER"
        }
      ]
    },
    {
      "name": "youtube",
      "type": "OTHER",
      "metadata": {
        "mid": "/m/09jcvs",
        "wikipedia_url": "https://en.wikipedia.org/wiki/YouTube"
      },
      "salience": 0.0012018345,
      "mentions": [
        {
          "text": {
            "content": "youtube",
            "beginOffset": -1
          },
          "type": "PROPER"
        }
      ]
    }
  ],
  "documentSentiment": {
    "magnitude": 3.5,
    "score": 0.1
  },
  "language": "en",
  "categories": []
}
