{
  "sentences": [
    {
      "text": {
        "content": "We found this cute little kitten calling for help near our flat.So we went and found a very cute kitten.",
        "beginOffset": -1
      },
      "sentiment": {
        "magnitude": 0.9,
        "score": 0.9
      }
    },
    {
      "text": {
        "content": "We fell in love and brough him home.Hes only a month (I guess) and now we're looking for a gud home for this cute little fella.",
        "beginOffset": -1
      },
      "sentiment": {
        "magnitude": 0.7,
        "score": 0.7
      }
    },
    {
      "text": {
        "content": "Hes definitely cute and very naughty.if ur interested,do let us know.We prefer if you can give him a name (and gud place of course) Text or call us Faris Philip",
        "beginOffset": -1
      },
      "sentiment": {
        "magnitude": 0.8,
        "score": 0.8
      }
    }
  ],
  "tokens": [],
  "entities": [
    {
      "name": "kitten",
      "type": "PERSON",
      "metadata": {},
      "salience": 0.2769968,
      "mentions": [
        {
          "text": {
            "content": "kitten",
            "beginOffset": -1
          },
          "type": "COMMON"
        }
      ]
    },
    {
      "name": "help",
      "type": "OTHER",
      "metadata": {},
      "salience": 0.2453599,
      "mentions": [
        {
          "text": {
            "content": "help",
            "beginOffset": -1
          },
          "type": "COMMON"
        }
      ]
    },
    {
      "name": "flat.So",
      "type": "LOCATION",
      "metadata": {},
      "salience": 0.14871758,
      "mentions": [
        {
          "text": {
            "content": "flat.So",
            "beginOffset": -1
          },
          "type": "PROPER"
        }
      ]
    },
    {
      "name": "kitten",
      "type": "PERSON",
      "metadata": {},
      "salience": 0.109452754,
      "mentions": [
        {
          "text": {
            "content": "kitten",
            "beginOffset": -1
          },
          "type": "COMMON"
        }
      ]
    },
    {
      "name": "Hes",
      "type": "OTHER",
      "metadata": {},
      "salience": 0.03333923,
      "mentions": [
        {
          "text": {
            "content": "Hes",
            "beginOffset": -1
          },
          "type": "COMMON"
        }
      ]
    },
    {
      "name": "love",
      "type": "OTHER",
      "metadata": {},
      "salience": 0.031696264,
      "mentions": [
        {
          "text": {
            "content": "love",
            "beginOffset": -1
          },
          "type": "COMMON"
        }
      ]
    },
    {
      "name": "home",
      "type": "LOCATION",
      "metadata": {},
      "salience": 0.02945496,
      "mentions": [
        {
          "text": {
            "content": "home",
            "beginOffset": -1
          },
          "type": "COMMON"
        }
      ]
    },
    {
      "name": "fella",
      "type": "PERSON",
      "metadata": {},
      "salience": 0.02945496,
      "mentions": [
        {
          "text": {
            "content": "fella",
            "beginOffset": -1
          },
          "type": "COMMON"
        }
      ]
    },
    {
      "name": "Hes",
      "type": "OTHER",
      "metadata": {},
      "salience": 0.021375654,
      "mentions": [
        {
          "text": {
            "content": "Hes",
            "beginOffset": -1
          },
          "type": "PROPER"
        }
      ]
    },
    {
      "name": "name",
      "type": "OTHER",
      "metadata": {},
      "salience": 0.016890546,
      "mentions": [
        {
          "text": {
            "content": "name",
            "beginOffset": -1
          },
          "type": "COMMON"
        }
      ]
    },
    {
      "name": "Text",
      "type": "OTHER",
      "metadata": {},
      "salience": 0.015500633,
      "mentions": [
        {
          "text": {
            "content": "Text",
            "beginOffset": -1
          },
          "type": "COMMON"
        }
      ]
    },
    {
      "name": "place",
      "type": "OTHER",
      "metadata": {},
      "salience": 0.015500633,
      "mentions": [
        {
          "text": {
            "content": "place",
            "beginOffset": -1
          },
          "type": "COMMON"
        }
      ]
    },
    {
      "name": "course",
      "type": "OTHER",
      "metadata": {},
      "salience": 0.015500633,
      "mentions": [
        {
          "text": {
            "content": "course",
            "beginOffset": -1
          },
          "type": "COMMON"
        }
      ]
    },
    {
      "name": "Faris Philip",
      "type": "PERSON",
      "metadata": {},
      "salience": 0.010759454,
      "mentions": [
        {
          "text": {
            "content": "Faris Philip",
            "beginOffset": -1
          },
          "type": "PROPER"
        }
      ]
    }
  ],
  "documentSentiment": {
    "magnitude": 2.5,
    "score": 0.8
  },
  "language": "en",
  "categories": []
}
