{
  "sentences": [
    {
      "text": {
        "content": "Dog was found abandoned, even though he's such a handsome looking boy.",
        "beginOffset": -1
      },
      "sentiment": {
        "magnitude": 0.1,
        "score": -0.1
      }
    },
    {
      "text": {
        "content": "He's intelligent and can easily be trained.",
        "beginOffset": -1
      },
      "sentiment": {
        "magnitude": 0.8,
        "score": 0.8
      }
    },
    {
      "text": {
        "content": "But he is very active (as all young boys are), so would need someone with more active lifestyle and could spend more time for him.",
        "beginOffset": -1
      },
      "sentiment": {
        "magnitude": 0.6,
        "score": 0.6
      }
    },
    {
      "text": {
        "content": "Preferably not be left at home alone for long periods of time, as intelligent dogs need to constantly keep their minds occupied.",
        "beginOffset": -1
      },
      "sentiment": {
        "magnitude": 0.5,
        "score": 0.5
      }
    }
  ],
  "tokens": [],
  "entities": [
    {
      "name": "Dog",
      "type": "PERSON",
      "metadata": {
        "mid": "/m/0bt9lr",
        "wikipedia_url": "https://en.wikipedia.org/wiki/Dog"
      },
      "salience": 0.8761294,
      "mentions": [
        {
          "text": {
            "content": "Dog",
            "beginOffset": -1
          },
          "type": "PROPER"
        },
        {
          "text": {
            "content": "boy",
            "beginOffset": -1
          },
          "type": "COMMON"
        }
      ]
    },
    {
      "name": "dogs",
      "type": "OTHER",
      "metadata": {},
      "salience": 0.030151632,
      "mentions": [
        {
          "text": {
            "content": "dogs",
            "beginOffset": -1
          },
          "type": "COMMON"
        }
      ]
    },
    {
      "name": "boys",
      "type": "PERSON",
      "metadata": {},
      "salience": 0.023993656,
      "mentions": [
        {
          "text": {
            "content": "boys",
            "beginOffset": -1
          },
          "type": "COMMON"
        }
      ]
    },
    {
      "name": "lifestyle",
      "type": "OTHER",
      "metadata": {},
      "salience": 0.022583205,
      "mentions": [
        {
          "text": {
            "content": "lifestyle",
            "beginOffset": -1
          },
          "type": "COMMON"
        }
      ]
    },
    {
      "name": "someone",
      "type": "PERSON",
      "metadata": {},
      "salience": 0.019286824,
      "mentions": [
        {
          "text": {
            "content": "someone",
            "beginOffset": -1
          },
          "type": "COMMON"
        }
      ]
    },
    {
      "name": "home",
      "type": "LOCATION",
      "metadata": {},
      "salience": 0.017018685,
      "mentions": [
        {
          "text": {
            "content": "home",
            "beginOffset": -1
          },
          "type": "COMMON"
        }
      ]
    },
    {
      "name": "minds",
      "type": "OTHER",
      "metadata": {},
      "salience": 0.010836601,
      "mentions": [
        {
          "text": {
            "content": "minds",
            "beginOffset": -1
          },
          "type": "COMMON"
        }
      ]
    }
  ],
  "documentSentiment": {
    "magnitude": 2.2,
    "score": 0.4
  },
  "language": "en",
  "categories": []
}
