{
  "sentences": [
    {
      "text": {
        "content": "Currently having a small injury on her left leg, but she would be fine after 4-6 weeks, although the injury, she stays as a happy puppy and gives you her best smile she wags her tail whenever she can see you and could be with you until you enter the house, She doesn't have her shots because the owner has to do it for her and I would reccomend if you spay her, it is up to you to decide, She was once a factory dog and was living with her brothers and sisters but two of her family had already died and I kept her because of her injury and I hope you as the owner who is about to adopt her can keep her save and sound, if I do find her in the streets wondering around, I will take her back with me and I will personally call you and ask, so please don't abandon her.",
        "beginOffset": -1
      },
      "sentiment": {
        "magnitude": 0.3,
        "score": 0.3
      }
    }
  ],
  "tokens": [],
  "entities": [
    {
      "name": "factory dog",
      "type": "PERSON",
      "metadata": {},
      "salience": 0.7637248,
      "mentions": [
        {
          "text": {
            "content": "factory dog",
            "beginOffset": -1
          },
          "type": "COMMON"
        }
      ]
    },
    {
      "name": "injury",
      "type": "OTHER",
      "metadata": {},
      "salience": 0.048325397,
      "mentions": [
        {
          "text": {
            "content": "injury",
            "beginOffset": -1
          },
          "type": "COMMON"
        }
      ]
    },
    {
      "name": "leg",
      "type": "OTHER",
      "metadata": {},
      "salience": 0.0389861,
      "mentions": [
        {
          "text": {
            "content": "leg",
            "beginOffset": -1
          },
          "type": "COMMON"
        }
      ]
    },
    {
      "name": "injury",
      "type": "OTHER",
      "metadata": {},
      "salience": 0.018683419,
      "mentions": [
        {
          "text": {
            "content": "injury",
            "beginOffset": -1
          },
          "type": "COMMON"
        }
      ]
    },
    {
      "name": "puppy",
      "type": "OTHER",
      "metadata": {},
      "salience": 0.015005786,
      "mentions": [
        {
          "text": {
            "content": "puppy",
            "beginOffset": -1
          },
          "type": "COMMON"
        }
      ]
    },
    {
      "name": "tail",
      "type": "OTHER",
      "metadata": {},
      "salience": 0.015005786,
      "mentions": [
        {
          "text": {
            "content": "tail",
            "beginOffset": -1
          },
          "type": "COMMON"
        }
      ]
    },
    {
      "name": "owner",
      "type": "PERSON",
      "metadata": {},
      "salience": 0.01370221,
      "mentions": [
        {
          "text": {
            "content": "owner",
            "beginOffset": -1
          },
          "type": "COMMON"
        }
      ]
    },
    {
      "name": "smile",
      "type": "OTHER",
      "metadata": {},
      "salience": 0.011474341,
      "mentions": [
        {
          "text": {
            "content": "smile",
            "beginOffset": -1
          },
          "type": "COMMON"
        }
      ]
    },
    {
      "name": "house",
      "type": "LOCATION",
      "metadata": {},
      "salience": 0.0101546375,
      "mentions": [
        {
          "text": {
            "content": "house",
            "beginOffset": -1
          },
          "type": "COMMON"
        }
      ]
    },
    {
      "name": "shots",
      "type": "OTHER",
      "metadata": {},
      "salience": 0.010031254,
      "mentions": [
        {
          "text": {
            "content": "shots",
            "beginOffset": -1
          },
          "type": "COMMON"
        }
      ]
    },
    {
      "name": "brothers",
      "type": "PERSON",
      "metadata": {},
      "salience": 0.0094363075,
      "mentions": [
        {
          "text": {
            "content": "brothers",
            "beginOffset": -1
          },
          "type": "COMMON"
        }
      ]
    },
    {
      "name": "sisters",
      "type": "PERSON",
      "metadata": {},
      "salience": 0.0094363075,
      "mentions": [
        {
          "text": {
            "content": "sisters",
            "beginOffset": -1
          },
          "type": "COMMON"
        }
      ]
    },
    {
      "name": "family",
      "type": "PERSON",
      "metadata": {},
      "salience": 0.0094363075,
      "mentions": [
        {
          "text": {
            "content": "family",
            "beginOffset": -1
          },
          "type": "COMMON"
        }
      ]
    },
    {
      "name": "owner",
      "type": "PERSON",
      "metadata": {},
      "salience": 0.008956457,
      "mentions": [
        {
          "text": {
            "content": "owner",
            "beginOffset": -1
          },
          "type": "COMMON"
        }
      ]
    },
    {
      "name": "streets",
      "type": "LOCATION",
      "metadata": {},
      "salience": 0.007120632,
      "mentions": [
        {
          "text": {
            "content": "streets",
            "beginOffset": -1
          },
          "type": "COMMON"
        }
      ]
    },
    {
      "name": "sound",
      "type": "OTHER",
      "metadata": {},
      "salience": 0.0066158515,
      "mentions": [
        {
          "text": {
            "content": "sound",
            "beginOffset": -1
          },
          "type": "COMMON"
        }
      ]
    },
    {
      "name": "injury",
      "type": "OTHER",
      "metadata": {},
      "salience": 0.0039043895,
      "mentions": [
        {
          "text": {
            "content": "injury",
            "beginOffset": -1
          },
          "type": "COMMON"
        }
      ]
    }
  ],
  "documentSentiment": {
    "magnitude": 0.3,
    "score": 0.3
  },
  "language": "en",
  "categories": []
}
