{
  "sentences": [
    {
      "text": {
        "content": "Ginn, my dog lover friend, is the rescuer of these 8 adorable pups from her office area in Old Klang Road.",
        "beginOffset": -1
      },
      "sentiment": {
        "magnitude": 0.8,
        "score": 0.8
      }
    },
    {
      "text": {
        "content": "They were born and nursed by their mother under cars in a used car parking lot where street dogs shelter.",
        "beginOffset": -1
      },
      "sentiment": {
        "magnitude": 0,
        "score": 0
      }
    },
    {
      "text": {
        "content": "4 of them have been adopted.",
        "beginOffset": -1
      },
      "sentiment": {
        "magnitude": 0,
        "score": 0
      }
    },
    {
      "text": {
        "content": "Now there are 2 males and 2 fenales.",
        "beginOffset": -1
      },
      "sentiment": {
        "magnitude": 0.1,
        "score": -0.1
      }
    },
    {
      "text": {
        "content": "They are now in a pet shop waiting for adoption.",
        "beginOffset": -1
      },
      "sentiment": {
        "magnitude": 0.4,
        "score": 0.4
      }
    },
    {
      "text": {
        "content": "It is costing Ginn RM50 a day to have the pups sheltered in the pet shop.",
        "beginOffset": -1
      },
      "sentiment": {
        "magnitude": 0.2,
        "score": -0.2
      }
    },
    {
      "text": {
        "content": "Even though she is not collecting any adoption fee it would be helpful if adopter can donate to the sheltering fee.",
        "beginOffset": -1
      },
      "sentiment": {
        "magnitude": 0.4,
        "score": 0.4
      }
    },
    {
      "text": {
        "content": "Interested real dog lovers please call Jocelyn at.",
        "beginOffset": -1
      },
      "sentiment": {
        "magnitude": 0.7,
        "score": 0.7
      }
    }
  ],
  "tokens": [],
  "entities": [
    {
      "name": "Ginn",
      "type": "PERSON",
      "metadata": {},
      "salience": 0.46843192,
      "mentions": [
        {
          "text": {
            "content": "Ginn",
            "beginOffset": -1
          },
          "type": "PROPER"
        },
        {
          "text": {
            "content": "dog lover friend",
            "beginOffset": -1
          },
          "type": "COMMON"
        },
        {
          "text": {
            "content": "rescuer",
            "beginOffset": -1
          },
          "type": "COMMON"
        }
      ]
    },
    {
      "name": "pups",
      "type": "PERSON",
      "metadata": {},
      "salience": 0.34405795,
      "mentions": [
        {
          "text": {
            "content": "pups",
            "beginOffset": -1
          },
          "type": "COMMON"
        }
      ]
    },
    {
      "name": "office area",
      "type": "LOCATION",
      "metadata": {},
      "salience": 0.028707284,
      "mentions": [
        {
          "text": {
            "content": "office area",
            "beginOffset": -1
          },
          "type": "COMMON"
        }
      ]
    },
    {
      "name": "car parking lot",
      "type": "LOCATION",
      "metadata": {},
      "salience": 0.023799086,
      "mentions": [
        {
          "text": {
            "content": "car parking lot",
            "beginOffset": -1
          },
          "type": "COMMON"
        }
      ]
    },
    {
      "name": "males",
      "type": "PERSON",
      "metadata": {},
      "salience": 0.021679487,
      "mentions": [
        {
          "text": {
            "content": "males",
            "beginOffset": -1
          },
          "type": "COMMON"
        }
      ]
    },
    {
      "name": "Old Klang Road",
      "type": "LOCATION",
      "metadata": {},
      "salience": 0.017096039,
      "mentions": [
        {
          "text": {
            "content": "Old Klang Road",
            "beginOffset": -1
          },
          "type": "PROPER"
        }
      ]
    },
    {
      "name": "adoption",
      "type": "OTHER",
      "metadata": {},
      "salience": 0.010772516,
      "mentions": [
        {
          "text": {
            "content": "adoption",
            "beginOffset": -1
          },
          "type": "COMMON"
        }
      ]
    },
    {
      "name": "pet shop",
      "type": "OTHER",
      "metadata": {},
      "salience": 0.009830755,
      "mentions": [
        {
          "text": {
            "content": "pet shop",
            "beginOffset": -1
          },
          "type": "COMMON"
        }
      ]
    },
    {
      "name": "fenales",
      "type": "OTHER",
      "metadata": {},
      "salience": 0.00943951,
      "mentions": [
        {
          "text": {
            "content": "fenales",
            "beginOffset": -1
          },
          "type": "COMMON"
        }
      ]
    },
    {
      "name": "shelter",
      "type": "OTHER",
      "metadata": {},
      "salience": 0.009404129,
      "mentions": [
        {
          "text": {
            "content": "shelter",
            "beginOffset": -1
          },
          "type": "COMMON"
        }
      ]
    },
    {
      "name": "street dogs",
      "type": "ORGANIZATION",
      "metadata": {},
      "salience": 0.009404129,
      "mentions": [
        {
          "text": {
            "content": "street dogs",
            "beginOffset": -1
          },
          "type": "COMMON"
        }
      ]
    },
    {
      "name": "cars",
      "type": "CONSUMER_GOOD",
      "metadata": {},
      "salience": 0.009404129,
      "mentions": [
        {
          "text": {
            "content": "cars",
            "beginOffset": -1
          },
          "type": "COMMON"
        }
      ]
    },
    {
      "name": "mother",
      "type": "PERSON",
      "metadata": {},
      "salience": 0.009404129,
      "mentions": [
        {
          "text": {
            "content": "mother",
            "beginOffset": -1
          },
          "type": "COMMON"
        }
      ]
    },
    {
      "name": "adoption fee",
      "type": "OTHER",
      "metadata": {},
      "salience": 0.007387204,
      "mentions": [
        {
          "text": {
            "content": "adoption fee",
            "beginOffset": -1
          },
          "type": "COMMON"
        }
      ]
    },
    {
      "name": "fee",
      "type": "OTHER",
      "metadata": {},
      "salience": 0.005176118,
      "mentions": [
        {
          "text": {
            "content": "fee",
            "beginOffset": -1
          },
          "type": "COMMON"
        }
      ]
    },
    {
      "name": "dog lovers",
      "type": "PERSON",
      "metadata": {},
      "salience": 0.0051676417,
      "mentions": [
        {
          "text": {
            "content": "dog lovers",
            "beginOffset": -1
          },
          "type": "COMMON"
        }
      ]
    },
    {
      "name": "pet shop",
      "type": "LOCATION",
      "metadata": {},
      "salience": 0.0032517624,
      "mentions": [
        {
          "text": {
            "content": "pet shop",
            "beginOffset": -1
          },
          "type": "COMMON"
        }
      ]
    },
    {
      "name": "pups",
      "type": "PERSON",
      "metadata": {},
      "salience": 0.0032120408,
      "mentions": [
        {
          "text": {
            "content": "pups",
            "beginOffset": -1
          },
          "type": "COMMON"
        }
      ]
    },
    {
      "name": "Jocelyn",
      "type": "PERSON",
      "metadata": {},
      "salience": 0.0026854218,
      "mentions": [
        {
          "text": {
            "content": "Jocelyn",
            "beginOffset": -1
          },
          "type": "PROPER"
        }
      ]
    },
    {
      "name": "Ginn RM50",
      "type": "OTHER",
      "metadata": {},
      "salience": 0.001688739,
      "mentions": [
        {
          "text": {
            "content": "Ginn RM50",
            "beginOffset": -1
          },
          "type": "PROPER"
        }
      ]
    }
  ],
  "documentSentiment": {
    "magnitude": 3.1,
    "score": 0.2
  },
  "language": "en",
  "categories": []
}
