{
  "sentences": [
    {
      "text": {
        "content": "他两是我对面工厂的毛孩，从小就被弃养在路边，而这好心老板收留了他们在厂当个小帮手。",
        "beginOffset": -1
      },
      "sentiment": {
        "magnitude": 0.2,
        "score": 0.2
      }
    },
    {
      "text": {
        "content": "可是因为现实的经济困难下，工厂被逼结业，而屋主也决定把厂售出，也吩咐把狗狗带走或赶出厂外。",
        "beginOffset": -1
      },
      "sentiment": {
        "magnitude": 0.6,
        "score": 0.6
      }
    },
    {
      "text": {
        "content": "忠心耿耿傻傻的他两依旧待在工厂守护着他们从小就在这长大的家。。。",
        "beginOffset": -1
      },
      "sentiment": {
        "magnitude": 0,
        "score": 0
      }
    },
    {
      "text": {
        "content": "这几年来我每天都会到工厂喂他们， 不忍心也不愿意看着他们将成为无家可归的浪浪，想尽办法还是找不到办法之下只能发上来为他们碰碰运气。",
        "beginOffset": -1
      },
      "sentiment": {
        "magnitude": 0.2,
        "score": 0.2
      }
    },
    {
      "text": {
        "content": "尽量为他们找个永远的家。",
        "beginOffset": -1
      },
      "sentiment": {
        "magnitude": 0.1,
        "score": 0.1
      }
    },
    {
      "text": {
        "content": "我现时照顾着都是弃养又无法找到家的22只狗狗和8只猫咪， 狗狗们常打架或有突发事情完全不在我控制范围内发生，而让我真的完全没有办法再收留，也害怕遭投诉。",
        "beginOffset": -1
      },
      "sentiment": {
        "magnitude": 0.6,
        "score": -0.6
      }
    },
    {
      "text": {
        "content": "也因为他们如今已欠下兽医那十几千无法偿还的医药费，尽管再穷再累也不敢放弃他们。",
        "beginOffset": -1
      },
      "sentiment": {
        "magnitude": 0.6,
        "score": -0.6
      }
    },
    {
      "text": {
        "content": "他们也曾经被抓狗队抓去，我都是付钱把他们属回来，但这不是长远的办法，我必须为他们找个家尽量不让他们受到不必要的伤害。",
        "beginOffset": -1
      },
      "sentiment": {
        "magnitude": 0,
        "score": 0
      }
    },
    {
      "text": {
        "content": "而且抓狗队基本每个月都会来 两三次。",
        "beginOffset": -1
      },
      "sentiment": {
        "magnitude": 0,
        "score": 0
      }
    },
    {
      "text": {
        "content": "是否有好心人可以收留他们？",
        "beginOffset": -1
      },
      "sentiment": {
        "magnitude": 0.4,
        "score": 0.4
      }
    },
    {
      "text": {
        "content": "她已结扎和打了预防针， 大概 四至五岁之间， 米奶色的是女的真的蛮乖的，能不能给她一个机会?",
        "beginOffset": -1
      },
      "sentiment": {
        "magnitude": 0.2,
        "score": 0.2
      }
    },
    {
      "text": {
        "content": "只求温饱， 她会为你守护家园，她决对是个忠心的孩子。",
        "beginOffset": -1
      },
      "sentiment": {
        "magnitude": 0.4,
        "score": 0.4
      }
    },
    {
      "text": {
        "content": "若你可以又不介意给她一个永远的家请你联系我，同时我会付带狗饼，感谢!",
        "beginOffset": -1
      },
      "sentiment": {
        "magnitude": 0.6,
        "score": 0.6
      }
    },
    {
      "text": {
        "content": "KL区靠近Desa Petaling.",
        "beginOffset": -1
      },
      "sentiment": {
        "magnitude": 0.3,
        "score": 0.3
      }
    },
    {
      "text": {
        "content": "（ 屋主已经多次发出命令把狗狗带走，现在我是能拖一天是一天 ）",
        "beginOffset": -1
      },
      "sentiment": {
        "magnitude": 0.3,
        "score": -0.3
      }
    }
  ],
  "tokens": [],
  "entities": [
    {
      "name": "工厂",
      "type": "LOCATION",
      "metadata": {},
      "salience": 0.11958742,
      "mentions": [
        {
          "text": {
            "content": "工厂",
            "beginOffset": -1
          },
          "type": "COMMON"
        }
      ]
    },
    {
      "name": "厂",
      "type": "LOCATION",
      "metadata": {},
      "salience": 0.09927248,
      "mentions": [
        {
          "text": {
            "content": "厂",
            "beginOffset": -1
          },
          "type": "COMMON"
        }
      ]
    },
    {
      "name": "工厂",
      "type": "LOCATION",
      "metadata": {},
      "salience": 0.06564677,
      "mentions": [
        {
          "text": {
            "content": "工厂",
            "beginOffset": -1
          },
          "type": "COMMON"
        }
      ]
    },
    {
      "name": "毛孩",
      "type": "PERSON",
      "metadata": {},
      "salience": 0.057740103,
      "mentions": [
        {
          "text": {
            "content": "毛孩",
            "beginOffset": -1
          },
          "type": "COMMON"
        }
      ]
    },
    {
      "name": "路边",
      "type": "LOCATION",
      "metadata": {},
      "salience": 0.055616904,
      "mentions": [
        {
          "text": {
            "content": "路边",
            "beginOffset": -1
          },
          "type": "COMMON"
        }
      ]
    },
    {
      "name": "心老板",
      "type": "PERSON",
      "metadata": {},
      "salience": 0.055616904,
      "mentions": [
        {
          "text": {
            "content": "心老板",
            "beginOffset": -1
          },
          "type": "COMMON"
        }
      ]
    },
    {
      "name": "帮手",
      "type": "OTHER",
      "metadata": {},
      "salience": 0.055616904,
      "mentions": [
        {
          "text": {
            "content": "帮手",
            "beginOffset": -1
          },
          "type": "COMMON"
        }
      ]
    },
    {
      "name": "狗狗",
      "type": "OTHER",
      "metadata": {},
      "salience": 0.048646066,
      "mentions": [
        {
          "text": {
            "content": "狗狗",
            "beginOffset": -1
          },
          "type": "COMMON"
        }
      ]
    },
    {
      "name": "厂",
      "type": "ORGANIZATION",
      "metadata": {},
      "salience": 0.04035599,
      "mentions": [
        {
          "text": {
            "content": "厂",
            "beginOffset": -1
          },
          "type": "COMMON"
        }
      ]
    },
    {
      "name": "厂外",
      "type": "ORGANIZATION",
      "metadata": {},
      "salience": 0.04035599,
      "mentions": [
        {
          "text": {
            "content": "厂外",
            "beginOffset": -1
          },
          "type": "COMMON"
        }
      ]
    },
    {
      "name": "工厂",
      "type": "LOCATION",
      "metadata": {},
      "salience": 0.039320823,
      "mentions": [
        {
          "text": {
            "content": "工厂",
            "beginOffset": -1
          },
          "type": "COMMON"
        }
      ]
    },
    {
      "name": "工厂",
      "type": "LOCATION",
      "metadata": {},
      "salience": 0.033808045,
      "mentions": [
        {
          "text": {
            "content": "工厂",
            "beginOffset": -1
          },
          "type": "COMMON"
        }
      ]
    },
    {
      "name": "屋主",
      "type": "PERSON",
      "metadata": {},
      "salience": 0.031320006,
      "mentions": [
        {
          "text": {
            "content": "屋主",
            "beginOffset": -1
          },
          "type": "COMMON"
        }
      ]
    },
    {
      "name": "经济",
      "type": "OTHER",
      "metadata": {},
      "salience": 0.030482959,
      "mentions": [
        {
          "text": {
            "content": "经济",
            "beginOffset": -1
          },
          "type": "COMMON"
        }
      ]
    },
    {
      "name": "家",
      "type": "LOCATION",
      "metadata": {},
      "salience": 0.019963967,
      "mentions": [
        {
          "text": {
            "content": "家",
            "beginOffset": -1
          },
          "type": "COMMON"
        }
      ]
    },
    {
      "name": "狗狗",
      "type": "OTHER",
      "metadata": {},
      "salience": 0.013728953,
      "mentions": [
        {
          "text": {
            "content": "狗狗",
            "beginOffset": -1
          },
          "type": "COMMON"
        }
      ]
    },
    {
      "name": "办法",
      "type": "OTHER",
      "metadata": {},
      "salience": 0.013728953,
      "mentions": [
        {
          "text": {
            "content": "办法",
            "beginOffset": -1
          },
          "type": "COMMON"
        }
      ]
    },
    {
      "name": "办法",
      "type": "OTHER",
      "metadata": {},
      "salience": 0.013044973,
      "mentions": [
        {
          "text": {
            "content": "办法",
            "beginOffset": -1
          },
          "type": "COMMON"
        }
      ]
    },
    {
      "name": "办法",
      "type": "OTHER",
      "metadata": {},
      "salience": 0.012425312,
      "mentions": [
        {
          "text": {
            "content": "办法",
            "beginOffset": -1
          },
          "type": "COMMON"
        }
      ]
    },
    {
      "name": "家",
      "type": "LOCATION",
      "metadata": {},
      "salience": 0.011049792,
      "mentions": [
        {
          "text": {
            "content": "家",
            "beginOffset": -1
          },
          "type": "COMMON"
        }
      ]
    },
    {
      "name": "狗队",
      "type": "ORGANIZATION",
      "metadata": {},
      "salience": 0.010491707,
      "mentions": [
        {
          "text": {
            "content": "狗队",
            "beginOffset": -1
          },
          "type": "PROPER"
        }
      ]
    },
    {
      "name": "抓狗队",
      "type": "ORGANIZATION",
      "metadata": {},
      "salience": 0.010098246,
      "mentions": [
        {
          "text": {
            "content": "抓狗队",
            "beginOffset": -1
          },
          "type": "PROPER"
        }
      ]
    },
    {
      "name": "办法",
      "type": "OTHER",
      "metadata": {},
      "salience": 0.009316576,
      "mentions": [
        {
          "text": {
            "content": "办法",
            "beginOffset": -1
          },
          "type": "COMMON"
        }
      ]
    },
    {
      "name": "浪浪",
      "type": "OTHER",
      "metadata": {},
      "salience": 0.008818152,
      "mentions": [
        {
          "text": {
            "content": "浪浪",
            "beginOffset": -1
          },
          "type": "COMMON"
        }
      ]
    },
    {
      "name": "家",
      "type": "LOCATION",
      "metadata": {},
      "salience": 0.007680717,
      "mentions": [
        {
          "text": {
            "content": "家",
            "beginOffset": -1
          },
          "type": "COMMON"
        }
      ]
    },
    {
      "name": "事情",
      "type": "OTHER",
      "metadata": {},
      "salience": 0.0072145932,
      "mentions": [
        {
          "text": {
            "content": "事情",
            "beginOffset": -1
          },
          "type": "COMMON"
        }
      ]
    },
    {
      "name": "伤害",
      "type": "OTHER",
      "metadata": {},
      "salience": 0.0066854963,
      "mentions": [
        {
          "text": {
            "content": "伤害",
            "beginOffset": -1
          },
          "type": "COMMON"
        }
      ]
    },
    {
      "name": "兽医",
      "type": "OTHER",
      "metadata": {},
      "salience": 0.0064882436,
      "mentions": [
        {
          "text": {
            "content": "兽医",
            "beginOffset": -1
          },
          "type": "COMMON"
        }
      ]
    },
    {
      "name": "范围",
      "type": "OTHER",
      "metadata": {},
      "salience": 0.0063654645,
      "mentions": [
        {
          "text": {
            "content": "范围",
            "beginOffset": -1
          },
          "type": "COMMON"
        }
      ]
    },
    {
      "name": "狗狗们",
      "type": "PERSON",
      "metadata": {},
      "salience": 0.0063654645,
      "mentions": [
        {
          "text": {
            "content": "狗狗们",
            "beginOffset": -1
          },
          "type": "COMMON"
        }
      ]
    },
    {
      "name": "猫咪",
      "type": "OTHER",
      "metadata": {},
      "salience": 0.0063654645,
      "mentions": [
        {
          "text": {
            "content": "猫咪",
            "beginOffset": -1
          },
          "type": "COMMON"
        }
      ]
    },
    {
      "name": "好心人",
      "type": "PERSON",
      "metadata": {},
      "salience": 0.0059451885,
      "mentions": [
        {
          "text": {
            "content": "好心人",
            "beginOffset": -1
          },
          "type": "COMMON"
        }
      ]
    },
    {
      "name": "运气",
      "type": "OTHER",
      "metadata": {},
      "salience": 0.0057608113,
      "mentions": [
        {
          "text": {
            "content": "运气",
            "beginOffset": -1
          },
          "type": "COMMON"
        }
      ]
    },
    {
      "name": "预防针",
      "type": "OTHER",
      "metadata": {},
      "salience": 0.0056545143,
      "mentions": [
        {
          "text": {
            "content": "预防针",
            "beginOffset": -1
          },
          "type": "COMMON"
        }
      ]
    },
    {
      "name": "狗狗",
      "type": "OTHER",
      "metadata": {},
      "salience": 0.004949434,
      "mentions": [
        {
          "text": {
            "content": "狗狗",
            "beginOffset": -1
          },
          "type": "COMMON"
        }
      ]
    },
    {
      "name": "家",
      "type": "LOCATION",
      "metadata": {},
      "salience": 0.0047082147,
      "mentions": [
        {
          "text": {
            "content": "家",
            "beginOffset": -1
          },
          "type": "COMMON"
        }
      ]
    },
    {
      "name": "医药费",
      "type": "OTHER",
      "metadata": {},
      "salience": 0.0037395936,
      "mentions": [
        {
          "text": {
            "content": "医药费",
            "beginOffset": -1
          },
          "type": "COMMON"
        }
      ]
    },
    {
      "name": "屋主",
      "type": "PERSON",
      "metadata": {},
      "salience": 0.0033897017,
      "mentions": [
        {
          "text": {
            "content": "屋主",
            "beginOffset": -1
          },
          "type": "COMMON"
        }
      ]
    },
    {
      "name": "米奶色",
      "type": "OTHER",
      "metadata": {},
      "salience": 0.0029115952,
      "mentions": [
        {
          "text": {
            "content": "米奶色",
            "beginOffset": -1
          },
          "type": "COMMON"
        }
      ]
    },
    {
      "name": "KL区",
      "type": "LOCATION",
      "metadata": {
        "mid": "/m/049d1",
        "wikipedia_url": "https://en.wikipedia.org/wiki/Kuala_Lumpur"
      },
      "salience": 0.0028269282,
      "mentions": [
        {
          "text": {
            "content": "KL区",
            "beginOffset": -1
          },
          "type": "PROPER"
        }
      ]
    },
    {
      "name": "Desa Petaling.",
      "type": "OTHER",
      "metadata": {
        "mid": "/m/043k91p",
        "wikipedia_url": "https://en.wikipedia.org/wiki/Desa_Petaling"
      },
      "salience": 0.0028269282,
      "mentions": [
        {
          "text": {
            "content": "Desa Petaling.",
            "beginOffset": -1
          },
          "type": "PROPER"
        }
      ]
    },
    {
      "name": "女",
      "type": "PERSON",
      "metadata": {},
      "salience": 0.0026340026,
      "mentions": [
        {
          "text": {
            "content": "女",
            "beginOffset": -1
          },
          "type": "COMMON"
        }
      ]
    },
    {
      "name": "孩子",
      "type": "PERSON",
      "metadata": {},
      "salience": 0.0026124998,
      "mentions": [
        {
          "text": {
            "content": "孩子",
            "beginOffset": -1
          },
          "type": "COMMON"
        }
      ]
    },
    {
      "name": "家园",
      "type": "LOCATION",
      "metadata": {},
      "salience": 0.0025161589,
      "mentions": [
        {
          "text": {
            "content": "家园",
            "beginOffset": -1
          },
          "type": "COMMON"
        }
      ]
    },
    {
      "name": "带狗饼",
      "type": "OTHER",
      "metadata": {},
      "salience": 0.002473607,
      "mentions": [
        {
          "text": {
            "content": "带狗饼",
            "beginOffset": -1
          },
          "type": "COMMON"
        }
      ]
    },
    {
      "name": "命令",
      "type": "OTHER",
      "metadata": {},
      "salience": 0.0022942366,
      "mentions": [
        {
          "text": {
            "content": "命令",
            "beginOffset": -1
          },
          "type": "COMMON"
        }
      ]
    },
    {
      "name": "机会",
      "type": "OTHER",
      "metadata": {},
      "salience": 0.0015371457,
      "mentions": [
        {
          "text": {
            "content": "机会",
            "beginOffset": -1
          },
          "type": "COMMON"
        }
      ]
    }
  ],
  "documentSentiment": {
    "magnitude": 5.1,
    "score": 0.1
  },
  "language": "zh",
  "categories": []
}
