{
  "sentences": [
    {
      "text": {
        "content": "Erasmus is the most adventurous among all his siblings.",
        "beginOffset": -1
      },
      "sentiment": {
        "magnitude": 0.8,
        "score": 0.8
      }
    },
    {
      "text": {
        "content": "Naturally inquisitive and playful, he keeps my family entertained all the time.",
        "beginOffset": -1
      },
      "sentiment": {
        "magnitude": 0.9,
        "score": 0.9
      }
    }
  ],
  "tokens": [],
  "entities": [
    {
      "name": "Erasmus",
      "type": "PERSON",
      "metadata": {
        "mid": "/m/02rpq",
        "wikipedia_url": "https://en.wikipedia.org/wiki/Erasmus"
      },
      "salience": 0.88794255,
      "mentions": [
        {
          "text": {
            "content": "Erasmus",
            "beginOffset": -1
          },
          "type": "PROPER"
        }
      ]
    },
    {
      "name": "siblings",
      "type": "PERSON",
      "metadata": {},
      "salience": 0.09395837,
      "mentions": [
        {
          "text": {
            "content": "siblings",
            "beginOffset": -1
          },
          "type": "COMMON"
        }
      ]
    },
    {
      "name": "family",
      "type": "PERSON",
      "metadata": {},
      "salience": 0.018099068,
      "mentions": [
        {
          "text": {
            "content": "family",
            "beginOffset": -1
          },
          "type": "COMMON"
        }
      ]
    }
  ],
  "documentSentiment": {
    "magnitude": 1.8,
    "score": 0.9
  },
  "language": "en",
  "categories": []
}
