{
  "sentences": [
    {
      "text": {
        "content": "No tying for caging for long hours except for precautionary purposes.",
        "beginOffset": -1
      },
      "sentiment": {
        "magnitude": 0.1,
        "score": -0.1
      }
    },
    {
      "text": {
        "content": "Commitment to spay her is compulsory Interested to adopt pls call Amy @",
        "beginOffset": -1
      },
      "sentiment": {
        "magnitude": 0.2,
        "score": 0.2
      }
    }
  ],
  "tokens": [],
  "entities": [
    {
      "name": "tying",
      "type": "OTHER",
      "metadata": {},
      "salience": 0.6396776,
      "mentions": [
        {
          "text": {
            "content": "tying",
            "beginOffset": -1
          },
          "type": "COMMON"
        }
      ]
    },
    {
      "name": "purposes",
      "type": "OTHER",
      "metadata": {},
      "salience": 0.2058978,
      "mentions": [
        {
          "text": {
            "content": "purposes",
            "beginOffset": -1
          },
          "type": "COMMON"
        }
      ]
    },
    {
      "name": "Commitment",
      "type": "OTHER",
      "metadata": {},
      "salience": 0.12322349,
      "mentions": [
        {
          "text": {
            "content": "Commitment",
            "beginOffset": -1
          },
          "type": "COMMON"
        }
      ]
    },
    {
      "name": "Amy @",
      "type": "PERSON",
      "metadata": {},
      "salience": 0.031201163,
      "mentions": [
        {
          "text": {
            "content": "Amy @",
            "beginOffset": -1
          },
          "type": "PROPER"
        }
      ]
    }
  ],
  "documentSentiment": {
    "magnitude": 0.4,
    "score": 0
  },
  "language": "en",
  "categories": []
}
