{
  "sentences": [
    {
      "text": {
        "content": "I first rescue the pregnant mother and give her a shelter to give birth to her litters.",
        "beginOffset": -1
      },
      "sentiment": {
        "magnitude": 0.4,
        "score": 0.4
      }
    },
    {
      "text": {
        "content": "There are 8 siblings in total.",
        "beginOffset": -1
      },
      "sentiment": {
        "magnitude": 0.1,
        "score": 0.1
      }
    },
    {
      "text": {
        "content": "All the litters stayed in my house and are very tame and mild tempered.",
        "beginOffset": -1
      },
      "sentiment": {
        "magnitude": 0.2,
        "score": 0.2
      }
    },
    {
      "text": {
        "content": "The mother is a very responsible one and all her litters are well-behaved.",
        "beginOffset": -1
      },
      "sentiment": {
        "magnitude": 0.2,
        "score": 0.2
      }
    },
    {
      "text": {
        "content": "I sincerely hope that the adopter can really promise me to take great care of them and LOVE them like you love yourself if not more.",
        "beginOffset": -1
      },
      "sentiment": {
        "magnitude": 0.8,
        "score": 0.8
      }
    },
    {
      "text": {
        "content": "BlackBerry is a very well-mannered boy and loves human interaction.",
        "beginOffset": -1
      },
      "sentiment": {
        "magnitude": 0.9,
        "score": 0.9
      }
    },
    {
      "text": {
        "content": "Blackberry is currently 5 weeks old now.",
        "beginOffset": -1
      },
      "sentiment": {
        "magnitude": 0,
        "score": 0
      }
    }
  ],
  "tokens": [],
  "entities": [
    {
      "name": "mother",
      "type": "PERSON",
      "metadata": {},
      "salience": 0.23331733,
      "mentions": [
        {
          "text": {
            "content": "mother",
            "beginOffset": -1
          },
          "type": "COMMON"
        }
      ]
    },
    {
      "name": "shelter",
      "type": "OTHER",
      "metadata": {},
      "salience": 0.15983419,
      "mentions": [
        {
          "text": {
            "content": "shelter",
            "beginOffset": -1
          },
          "type": "COMMON"
        }
      ]
    },
    {
      "name": "birth",
      "type": "OTHER",
      "metadata": {},
      "salience": 0.15983419,
      "mentions": [
        {
          "text": {
            "content": "birth",
            "beginOffset": -1
          },
          "type": "COMMON"
        }
      ]
    },
    {
      "name": "litters",
      "type": "PERSON",
      "metadata": {},
      "salience": 0.100668035,
      "mentions": [
        {
          "text": {
            "content": "litters",
            "beginOffset": -1
          },
          "type": "COMMON"
        }
      ]
    },
    {
      "name": "mother",
      "type": "PERSON",
      "metadata": {},
      "salience": 0.091829225,
      "mentions": [
        {
          "text": {
            "content": "mother",
            "beginOffset": -1
          },
          "type": "COMMON"
        }
      ]
    },
    {
      "name": "total",
      "type": "OTHER",
      "metadata": {},
      "salience": 0.03935698,
      "mentions": [
        {
          "text": {
            "content": "total",
            "beginOffset": -1
          },
          "type": "COMMON"
        }
      ]
    },
    {
      "name": "siblings",
      "type": "PERSON",
      "metadata": {},
      "salience": 0.038409885,
      "mentions": [
        {
          "text": {
            "content": "siblings",
            "beginOffset": -1
          },
          "type": "COMMON"
        }
      ]
    },
    {
      "name": "litters",
      "type": "PERSON",
      "metadata": {},
      "salience": 0.033027776,
      "mentions": [
        {
          "text": {
            "content": "litters",
            "beginOffset": -1
          },
          "type": "COMMON"
        }
      ]
    },
    {
      "name": "litters",
      "type": "OTHER",
      "metadata": {},
      "salience": 0.03251293,
      "mentions": [
        {
          "text": {
            "content": "litters",
            "beginOffset": -1
          },
          "type": "COMMON"
        }
      ]
    },
    {
      "name": "house",
      "type": "LOCATION",
      "metadata": {},
      "salience": 0.026503123,
      "mentions": [
        {
          "text": {
            "content": "house",
            "beginOffset": -1
          },
          "type": "COMMON"
        }
      ]
    },
    {
      "name": "boy",
      "type": "PERSON",
      "metadata": {},
      "salience": 0.023540605,
      "mentions": [
        {
          "text": {
            "content": "boy",
            "beginOffset": -1
          },
          "type": "COMMON"
        }
      ]
    },
    {
      "name": "BlackBerry",
      "type": "ORGANIZATION",
      "metadata": {},
      "salience": 0.014925496,
      "mentions": [
        {
          "text": {
            "content": "BlackBerry",
            "beginOffset": -1
          },
          "type": "PROPER"
        }
      ]
    },
    {
      "name": "human interaction",
      "type": "OTHER",
      "metadata": {},
      "salience": 0.013730102,
      "mentions": [
        {
          "text": {
            "content": "human interaction",
            "beginOffset": -1
          },
          "type": "COMMON"
        }
      ]
    },
    {
      "name": "adopter",
      "type": "OTHER",
      "metadata": {},
      "salience": 0.012784114,
      "mentions": [
        {
          "text": {
            "content": "adopter",
            "beginOffset": -1
          },
          "type": "COMMON"
        }
      ]
    },
    {
      "name": "Blackberry",
      "type": "ORGANIZATION",
      "metadata": {},
      "salience": 0.010435922,
      "mentions": [
        {
          "text": {
            "content": "Blackberry",
            "beginOffset": -1
          },
          "type": "PROPER"
        }
      ]
    },
    {
      "name": "care",
      "type": "OTHER",
      "metadata": {},
      "salience": 0.0092901,
      "mentions": [
        {
          "text": {
            "content": "care",
            "beginOffset": -1
          },
          "type": "COMMON"
        }
      ]
    }
  ],
  "documentSentiment": {
    "magnitude": 2.9,
    "score": 0.4
  },
  "language": "en",
  "categories": []
}
