{
  "sentences": [
    {
      "text": {
        "content": "Please Take Me Home!",
        "beginOffset": -1
      },
      "sentiment": {
        "magnitude": 0.1,
        "score": 0.1
      }
    },
    {
      "text": {
        "content": "I am adorable, playful, smart, faithful, funny and socializing.",
        "beginOffset": -1
      },
      "sentiment": {
        "magnitude": 0.9,
        "score": 0.9
      }
    },
    {
      "text": {
        "content": "I hope one of you can give me a roof over my head.",
        "beginOffset": -1
      },
      "sentiment": {
        "magnitude": 0.4,
        "score": 0.4
      }
    }
  ],
  "tokens": [],
  "entities": [
    {
      "name": "Take Me Home",
      "type": "WORK_OF_ART",
      "metadata": {},
      "salience": 0.64331096,
      "mentions": [
        {
          "text": {
            "content": "Take Me Home",
            "beginOffset": -1
          },
          "type": "PROPER"
        }
      ]
    },
    {
      "name": "socializing",
      "type": "OTHER",
      "metadata": {},
      "salience": 0.13431351,
      "mentions": [
        {
          "text": {
            "content": "socializing",
            "beginOffset": -1
          },
          "type": "COMMON"
        }
      ]
    },
    {
      "name": "roof",
      "type": "OTHER",
      "metadata": {},
      "salience": 0.07746217,
      "mentions": [
        {
          "text": {
            "content": "roof",
            "beginOffset": -1
          },
          "type": "COMMON"
        }
      ]
    },
    {
      "name": "one",
      "type": "PERSON",
      "metadata": {},
      "salience": 0.07378034,
      "mentions": [
        {
          "text": {
            "content": "one",
            "beginOffset": -1
          },
          "type": "COMMON"
        }
      ]
    },
    {
      "name": "head",
      "type": "OTHER",
      "metadata": {},
      "salience": 0.071132995,
      "mentions": [
        {
          "text": {
            "content": "head",
            "beginOffset": -1
          },
          "type": "COMMON"
        }
      ]
    }
  ],
  "documentSentiment": {
    "magnitude": 1.6,
    "score": 0.5
  },
  "language": "en",
  "categories": []
}
