{
  "sentences": [
    {
      "text": {
        "content": "Adoption!!!",
        "beginOffset": -1
      },
      "sentiment": {
        "magnitude": 0.1,
        "score": 0.1
      }
    },
    {
      "text": {
        "content": "Miniature schnauzer looking for good home.",
        "beginOffset": -1
      },
      "sentiment": {
        "magnitude": 0.7,
        "score": 0.7
      }
    },
    {
      "text": {
        "content": "Who are interested, please drop us a message.",
        "beginOffset": -1
      },
      "sentiment": {
        "magnitude": 0.3,
        "score": -0.3
      }
    },
    {
      "text": {
        "content": "DOB : - (3 years old) Gender : female Color : salt &amp; pepper With complete vaccination &amp; deworming record *must be pet lover*",
        "beginOffset": -1
      },
      "sentiment": {
        "magnitude": 0.5,
        "score": 0.5
      }
    }
  ],
  "tokens": [],
  "entities": [
    {
      "name": "Adoption",
      "type": "OTHER",
      "metadata": {},
      "salience": 0.40821508,
      "mentions": [
        {
          "text": {
            "content": "Adoption",
            "beginOffset": -1
          },
          "type": "COMMON"
        }
      ]
    },
    {
      "name": "Miniature schnauzer",
      "type": "OTHER",
      "metadata": {},
      "salience": 0.2035847,
      "mentions": [
        {
          "text": {
            "content": "Miniature schnauzer",
            "beginOffset": -1
          },
          "type": "COMMON"
        }
      ]
    },
    {
      "name": "home",
      "type": "LOCATION",
      "metadata": {},
      "salience": 0.08177343,
      "mentions": [
        {
          "text": {
            "content": "home",
            "beginOffset": -1
          },
          "type": "COMMON"
        }
      ]
    },
    {
      "name": "message",
      "type": "OTHER",
      "metadata": {},
      "salience": 0.055959933,
      "mentions": [
        {
          "text": {
            "content": "message",
            "beginOffset": -1
          },
          "type": "COMMON"
        }
      ]
    },
    {
      "name": "Gender",
      "type": "OTHER",
      "metadata": {},
      "salience": 0.05122574,
      "mentions": [
        {
          "text": {
            "content": "Gender",
            "beginOffset": -1
          },
          "type": "COMMON"
        }
      ]
    },
    {
      "name": "deworming record",
      "type": "OTHER",
      "metadata": {},
      "salience": 0.038727537,
      "mentions": [
        {
          "text": {
            "content": "deworming record",
            "beginOffset": -1
          },
          "type": "COMMON"
        }
      ]
    },
    {
      "name": "vaccination",
      "type": "OTHER",
      "metadata": {},
      "salience": 0.038727537,
      "mentions": [
        {
          "text": {
            "content": "vaccination",
            "beginOffset": -1
          },
          "type": "COMMON"
        }
      ]
    },
    {
      "name": "lover",
      "type": "PERSON",
      "metadata": {},
      "salience": 0.033456918,
      "mentions": [
        {
          "text": {
            "content": "lover",
            "beginOffset": -1
          },
          "type": "COMMON"
        }
      ]
    },
    {
      "name": "DOB",
      "type": "LOCATION",
      "metadata": {},
      "salience": 0.033157505,
      "mentions": [
        {
          "text": {
            "content": "DOB",
            "beginOffset": -1
          },
          "type": "PROPER"
        }
      ]
    },
    {
      "name": "Color",
      "type": "OTHER",
      "metadata": {},
      "salience": 0.021025963,
      "mentions": [
        {
          "text": {
            "content": "Color",
            "beginOffset": -1
          },
          "type": "COMMON"
        }
      ]
    },
    {
      "name": "salt",
      "type": "OTHER",
      "metadata": {},
      "salience": 0.017072832,
      "mentions": [
        {
          "text": {
            "content": "salt",
            "beginOffset": -1
          },
          "type": "COMMON"
        }
      ]
    },
    {
      "name": "pepper",
      "type": "OTHER",
      "metadata": {},
      "salience": 0.017072832,
      "mentions": [
        {
          "text": {
            "content": "pepper",
            "beginOffset": -1
          },
          "type": "COMMON"
        }
      ]
    }
  ],
  "documentSentiment": {
    "magnitude": 1.7,
    "score": 0.2
  },
  "language": "en",
  "categories": []
}
