{
  "sentences": [
    {
      "text": {
        "content": "I save him at pasar pagi amost a year,now he is adorable and healthy ,need a home sweet home.HE IS CUTE.",
        "beginOffset": -1
      },
      "sentiment": {
        "magnitude": 0.9,
        "score": 0.9
      }
    }
  ],
  "tokens": [],
  "entities": [
    {
      "name": "home.",
      "type": "OTHER",
      "metadata": {},
      "salience": 0.6548206,
      "mentions": [
        {
          "text": {
            "content": "home.",
            "beginOffset": -1
          },
          "type": "COMMON"
        }
      ]
    },
    {
      "name": "home",
      "type": "LOCATION",
      "metadata": {},
      "salience": 0.34517935,
      "mentions": [
        {
          "text": {
            "content": "home",
            "beginOffset": -1
          },
          "type": "COMMON"
        }
      ]
    }
  ],
  "documentSentiment": {
    "magnitude": 0.9,
    "score": 0.9
  },
  "language": "en",
  "categories": []
}
