{
  "sentences": [
    {
      "text": {
        "content": "Brownie is a goodguard, friendly &amp; clever dog.",
        "beginOffset": -1
      },
      "sentiment": {
        "magnitude": 0.8,
        "score": 0.8
      }
    },
    {
      "text": {
        "content": "She has been trained with simple command like sit, shake hand, stand &amp; etc.",
        "beginOffset": -1
      },
      "sentiment": {
        "magnitude": 0.6,
        "score": 0.6
      }
    },
    {
      "text": {
        "content": "I'm urgently looking a good home for her because I'm going to move to east malaysia soon.",
        "beginOffset": -1
      },
      "sentiment": {
        "magnitude": 0.4,
        "score": 0.4
      }
    },
    {
      "text": {
        "content": "I wish that I able meet a dog lover to adopt her.",
        "beginOffset": -1
      },
      "sentiment": {
        "magnitude": 0.7,
        "score": 0.7
      }
    },
    {
      "text": {
        "content": "Please contact me if you interested to give her a home.",
        "beginOffset": -1
      },
      "sentiment": {
        "magnitude": 0.1,
        "score": -0.1
      }
    }
  ],
  "tokens": [],
  "entities": [
    {
      "name": "goodguard",
      "type": "OTHER",
      "metadata": {},
      "salience": 0.6419304,
      "mentions": [
        {
          "text": {
            "content": "Brownie",
            "beginOffset": -1
          },
          "type": "COMMON"
        },
        {
          "text": {
            "content": "goodguard",
            "beginOffset": -1
          },
          "type": "COMMON"
        }
      ]
    },
    {
      "name": "dog",
      "type": "OTHER",
      "metadata": {},
      "salience": 0.18685414,
      "mentions": [
        {
          "text": {
            "content": "dog",
            "beginOffset": -1
          },
          "type": "COMMON"
        }
      ]
    },
    {
      "name": "dog lover",
      "type": "PERSON",
      "metadata": {},
      "salience": 0.038467586,
      "mentions": [
        {
          "text": {
            "content": "dog lover",
            "beginOffset": -1
          },
          "type": "COMMON"
        }
      ]
    },
    {
      "name": "command",
      "type": "OTHER",
      "metadata": {},
      "salience": 0.03227823,
      "mentions": [
        {
          "text": {
            "content": "command",
            "beginOffset": -1
          },
          "type": "COMMON"
        }
      ]
    },
    {
      "name": "sit",
      "type": "OTHER",
      "metadata": {},
      "salience": 0.03227823,
      "mentions": [
        {
          "text": {
            "content": "sit",
            "beginOffset": -1
          },
          "type": "COMMON"
        }
      ]
    },
    {
      "name": "home",
      "type": "LOCATION",
      "metadata": {},
      "salience": 0.025055254,
      "mentions": [
        {
          "text": {
            "content": "home",
            "beginOffset": -1
          },
          "type": "COMMON"
        }
      ]
    },
    {
      "name": "hand",
      "type": "OTHER",
      "metadata": {},
      "salience": 0.021878814,
      "mentions": [
        {
          "text": {
            "content": "hand",
            "beginOffset": -1
          },
          "type": "COMMON"
        }
      ]
    },
    {
      "name": "malaysia",
      "type": "LOCATION",
      "metadata": {
        "mid": "/m/09pmkv",
        "wikipedia_url": "https://en.wikipedia.org/wiki/Malaysia"
      },
      "salience": 0.012003418,
      "mentions": [
        {
          "text": {
            "content": "malaysia",
            "beginOffset": -1
          },
          "type": "PROPER"
        }
      ]
    },
    {
      "name": "home",
      "type": "LOCATION",
      "metadata": {},
      "salience": 0.009253903,
      "mentions": [
        {
          "text": {
            "content": "home",
            "beginOffset": -1
          },
          "type": "COMMON"
        }
      ]
    }
  ],
  "documentSentiment": {
    "magnitude": 2.9,
    "score": 0.5
  },
  "language": "en",
  "categories": []
}
