{
  "sentences": [
    {
      "text": {
        "content": "For adoption are five rescue kittens about 2-month-old (3 female, 1 male).",
        "beginOffset": -1
      },
      "sentiment": {
        "magnitude": 0,
        "score": 0
      }
    },
    {
      "text": {
        "content": "Location is in Shah Alam.",
        "beginOffset": -1
      },
      "sentiment": {
        "magnitude": 0,
        "score": 0
      }
    },
    {
      "text": {
        "content": "There are no adoption fee but adopter must: - VACCINATE and NEUTER/SPAY cat when they are old enough - Keep cat INDOORS and NOT CAGED - NO COMMERCIAL FOOD because it is not good for their long term health - Add rescuer on Facebook for REGULAR UPDATES - Live in an residential where PETS ARE ALLOWED Absolutely NO BREEDERS allowed.",
        "beginOffset": -1
      },
      "sentiment": {
        "magnitude": 0.4,
        "score": 0.4
      }
    },
    {
      "text": {
        "content": "There are too many homeless cats out there already.",
        "beginOffset": -1
      },
      "sentiment": {
        "magnitude": 0.1,
        "score": -0.1
      }
    },
    {
      "text": {
        "content": "Please consider carefully before adopting.",
        "beginOffset": -1
      },
      "sentiment": {
        "magnitude": 0.1,
        "score": -0.1
      }
    },
    {
      "text": {
        "content": "A cat is a LIFETIME COMMITMENT.",
        "beginOffset": -1
      },
      "sentiment": {
        "magnitude": 0.1,
        "score": 0.1
      }
    },
    {
      "text": {
        "content": "Please e-mail if interested.",
        "beginOffset": -1
      },
      "sentiment": {
        "magnitude": 0.3,
        "score": -0.3
      }
    },
    {
      "text": {
        "content": "Thank you.",
        "beginOffset": -1
      },
      "sentiment": {
        "magnitude": 0,
        "score": 0
      }
    }
  ],
  "tokens": [],
  "entities": [
    {
      "name": "adoption",
      "type": "OTHER",
      "metadata": {},
      "salience": 0.27238822,
      "mentions": [
        {
          "text": {
            "content": "adoption",
            "beginOffset": -1
          },
          "type": "COMMON"
        }
      ]
    },
    {
      "name": "rescue kittens",
      "type": "PERSON",
      "metadata": {},
      "salience": 0.21675579,
      "mentions": [
        {
          "text": {
            "content": "rescue kittens",
            "beginOffset": -1
          },
          "type": "COMMON"
        }
      ]
    },
    {
      "name": "COMMITMENT",
      "type": "OTHER",
      "metadata": {},
      "salience": 0.08917614,
      "mentions": [
        {
          "text": {
            "content": "cat",
            "beginOffset": -1
          },
          "type": "COMMON"
        },
        {
          "text": {
            "content": "COMMITMENT",
            "beginOffset": -1
          },
          "type": "COMMON"
        }
      ]
    },
    {
      "name": "FOOD",
      "type": "OTHER",
      "metadata": {},
      "salience": 0.087566204,
      "mentions": [
        {
          "text": {
            "content": "FOOD",
            "beginOffset": -1
          },
          "type": "COMMON"
        }
      ]
    },
    {
      "name": "Location",
      "type": "LOCATION",
      "metadata": {},
      "salience": 0.051009428,
      "mentions": [
        {
          "text": {
            "content": "Location",
            "beginOffset": -1
          },
          "type": "COMMON"
        }
      ]
    },
    {
      "name": "cat",
      "type": "OTHER",
      "metadata": {},
      "salience": 0.045517996,
      "mentions": [
        {
          "text": {
            "content": "cat",
            "beginOffset": -1
          },
          "type": "COMMON"
        }
      ]
    },
    {
      "name": "adoption fee",
      "type": "OTHER",
      "metadata": {},
      "salience": 0.041288767,
      "mentions": [
        {
          "text": {
            "content": "adoption fee",
            "beginOffset": -1
          },
          "type": "COMMON"
        }
      ]
    },
    {
      "name": "cat",
      "type": "OTHER",
      "metadata": {},
      "salience": 0.035685953,
      "mentions": [
        {
          "text": {
            "content": "cat",
            "beginOffset": -1
          },
          "type": "COMMON"
        }
      ]
    },
    {
      "name": "rescuer",
      "type": "PERSON",
      "metadata": {},
      "salience": 0.030276306,
      "mentions": [
        {
          "text": {
            "content": "rescuer",
            "beginOffset": -1
          },
          "type": "COMMON"
        }
      ]
    },
    {
      "name": "UPDATES",
      "type": "OTHER",
      "metadata": {},
      "salience": 0.026618939,
      "mentions": [
        {
          "text": {
            "content": "UPDATES",
            "beginOffset": -1
          },
          "type": "COMMON"
        }
      ]
    },
    {
      "name": "Shah Alam",
      "type": "LOCATION",
      "metadata": {
        "mid": "/m/0syrf",
        "wikipedia_url": "https://en.wikipedia.org/wiki/Shah_Alam"
      },
      "salience": 0.025246501,
      "mentions": [
        {
          "text": {
            "content": "Shah Alam",
            "beginOffset": -1
          },
          "type": "PROPER"
        }
      ]
    },
    {
      "name": "cats",
      "type": "OTHER",
      "metadata": {},
      "salience": 0.019536499,
      "mentions": [
        {
          "text": {
            "content": "cats",
            "beginOffset": -1
          },
          "type": "COMMON"
        }
      ]
    },
    {
      "name": "BREEDERS",
      "type": "PERSON",
      "metadata": {},
      "salience": 0.017345166,
      "mentions": [
        {
          "text": {
            "content": "BREEDERS",
            "beginOffset": -1
          },
          "type": "COMMON"
        }
      ]
    },
    {
      "name": "NEUTER",
      "type": "ORGANIZATION",
      "metadata": {},
      "salience": 0.01697991,
      "mentions": [
        {
          "text": {
            "content": "NEUTER",
            "beginOffset": -1
          },
          "type": "PROPER"
        }
      ]
    },
    {
      "name": "Facebook",
      "type": "OTHER",
      "metadata": {
        "mid": "/m/02y1vz",
        "wikipedia_url": "https://en.wikipedia.org/wiki/Facebook"
      },
      "salience": 0.015775977,
      "mentions": [
        {
          "text": {
            "content": "Facebook",
            "beginOffset": -1
          },
          "type": "PROPER"
        }
      ]
    },
    {
      "name": "PETS",
      "type": "OTHER",
      "metadata": {},
      "salience": 0.008832202,
      "mentions": [
        {
          "text": {
            "content": "PETS",
            "beginOffset": -1
          },
          "type": "COMMON"
        }
      ]
    }
  ],
  "documentSentiment": {
    "magnitude": 1.2,
    "score": 0
  },
  "language": "en",
  "categories": []
}
