{
  "sentences": [
    {
      "text": {
        "content": "Roy is really a friendly dog Reason is that travelling I cant leave him for longterm.",
        "beginOffset": -1
      },
      "sentiment": {
        "magnitude": 0.8,
        "score": 0.8
      }
    },
    {
      "text": {
        "content": "Please call this number",
        "beginOffset": -1
      },
      "sentiment": {
        "magnitude": 0,
        "score": 0
      }
    }
  ],
  "tokens": [],
  "entities": [
    {
      "name": "Roy",
      "type": "PERSON",
      "metadata": {},
      "salience": 0.60689586,
      "mentions": [
        {
          "text": {
            "content": "Roy",
            "beginOffset": -1
          },
          "type": "PROPER"
        }
      ]
    },
    {
      "name": "Reason",
      "type": "OTHER",
      "metadata": {},
      "salience": 0.34831253,
      "mentions": [
        {
          "text": {
            "content": "Reason",
            "beginOffset": -1
          },
          "type": "PROPER"
        },
        {
          "text": {
            "content": "dog",
            "beginOffset": -1
          },
          "type": "COMMON"
        }
      ]
    },
    {
      "name": "longterm",
      "type": "OTHER",
      "metadata": {},
      "salience": 0.025317844,
      "mentions": [
        {
          "text": {
            "content": "longterm",
            "beginOffset": -1
          },
          "type": "COMMON"
        }
      ]
    },
    {
      "name": "number",
      "type": "OTHER",
      "metadata": {},
      "salience": 0.019473778,
      "mentions": [
        {
          "text": {
            "content": "number",
            "beginOffset": -1
          },
          "type": "COMMON"
        }
      ]
    }
  ],
  "documentSentiment": {
    "magnitude": 0.8,
    "score": 0.4
  },
  "language": "en",
  "categories": []
}
