{
  "sentences": [
    {
      "text": {
        "content": "TOMPOK Beautiful and healthy 1.5 month old kitten NEED loving family and home.",
        "beginOffset": -1
      },
      "sentiment": {
        "magnitude": 0.9,
        "score": 0.9
      }
    },
    {
      "text": {
        "content": "Domestic short hair Patch - white / grey / gold Am looking for serious foster parents to care and love for Tompok.",
        "beginOffset": -1
      },
      "sentiment": {
        "magnitude": 0.6,
        "score": 0.6
      }
    },
    {
      "text": {
        "content": "He's adorable, playful and active.",
        "beginOffset": -1
      },
      "sentiment": {
        "magnitude": 0.9,
        "score": 0.9
      }
    },
    {
      "text": {
        "content": "BLACKNESS Shiny black domestic short hair with Bengal mix 6 months old Very affectionate but shy House trained Eats dry &amp; wet catfood House trained and is able to eat soft catfood and dry kitten food.",
        "beginOffset": -1
      },
      "sentiment": {
        "magnitude": 0,
        "score": 0
      }
    },
    {
      "text": {
        "content": "EETAHM Shiny black domestic short hair with Bengal mix Brother of Blackness 6 months old Very affectionate House trained Eats dry &amp; wet catfood",
        "beginOffset": -1
      },
      "sentiment": {
        "magnitude": 0.4,
        "score": 0.4
      }
    }
  ],
  "tokens": [],
  "entities": [
    {
      "name": "kitten",
      "type": "PERSON",
      "metadata": {},
      "salience": 0.17503923,
      "mentions": [
        {
          "text": {
            "content": "kitten",
            "beginOffset": -1
          },
          "type": "COMMON"
        }
      ]
    },
    {
      "name": "family",
      "type": "PERSON",
      "metadata": {},
      "salience": 0.15504731,
      "mentions": [
        {
          "text": {
            "content": "family",
            "beginOffset": -1
          },
          "type": "COMMON"
        }
      ]
    },
    {
      "name": "NEED",
      "type": "OTHER",
      "metadata": {},
      "salience": 0.15504731,
      "mentions": [
        {
          "text": {
            "content": "NEED",
            "beginOffset": -1
          },
          "type": "COMMON"
        }
      ]
    },
    {
      "name": "home",
      "type": "LOCATION",
      "metadata": {},
      "salience": 0.15504731,
      "mentions": [
        {
          "text": {
            "content": "home",
            "beginOffset": -1
          },
          "type": "COMMON"
        }
      ]
    },
    {
      "name": "TOMPOK Beautiful",
      "type": "OTHER",
      "metadata": {},
      "salience": 0.093977295,
      "mentions": [
        {
          "text": {
            "content": "TOMPOK Beautiful",
            "beginOffset": -1
          },
          "type": "PROPER"
        }
      ]
    },
    {
      "name": "hair",
      "type": "OTHER",
      "metadata": {},
      "salience": 0.036839206,
      "mentions": [
        {
          "text": {
            "content": "hair",
            "beginOffset": -1
          },
          "type": "COMMON"
        }
      ]
    },
    {
      "name": "hair",
      "type": "OTHER",
      "metadata": {},
      "salience": 0.025051817,
      "mentions": [
        {
          "text": {
            "content": "hair",
            "beginOffset": -1
          },
          "type": "COMMON"
        }
      ]
    },
    {
      "name": "Bengal",
      "type": "LOCATION",
      "metadata": {},
      "salience": 0.021033823,
      "mentions": [
        {
          "text": {
            "content": "Bengal",
            "beginOffset": -1
          },
          "type": "PROPER"
        },
        {
          "text": {
            "content": "Bengal",
            "beginOffset": -1
          },
          "type": "PROPER"
        }
      ]
    },
    {
      "name": "love",
      "type": "OTHER",
      "metadata": {},
      "salience": 0.020029437,
      "mentions": [
        {
          "text": {
            "content": "love",
            "beginOffset": -1
          },
          "type": "COMMON"
        }
      ]
    },
    {
      "name": "House",
      "type": "ORGANIZATION",
      "metadata": {},
      "salience": 0.018698735,
      "mentions": [
        {
          "text": {
            "content": "House",
            "beginOffset": -1
          },
          "type": "PROPER"
        },
        {
          "text": {
            "content": "House",
            "beginOffset": -1
          },
          "type": "PROPER"
        },
        {
          "text": {
            "content": "House",
            "beginOffset": -1
          },
          "type": "PROPER"
        }
      ]
    },
    {
      "name": "hair",
      "type": "OTHER",
      "metadata": {},
      "salience": 0.01731859,
      "mentions": [
        {
          "text": {
            "content": "hair",
            "beginOffset": -1
          },
          "type": "COMMON"
        }
      ]
    },
    {
      "name": "Eats",
      "type": "OTHER",
      "metadata": {
        "mid": "/m/01f5gx",
        "wikipedia_url": "https://en.wikipedia.org/wiki/Eating"
      },
      "salience": 0.016072933,
      "mentions": [
        {
          "text": {
            "content": "Eats",
            "beginOffset": -1
          },
          "type": "PROPER"
        },
        {
          "text": {
            "content": "Eats",
            "beginOffset": -1
          },
          "type": "PROPER"
        }
      ]
    },
    {
      "name": "kitten food",
      "type": "OTHER",
      "metadata": {},
      "salience": 0.013928009,
      "mentions": [
        {
          "text": {
            "content": "kitten food",
            "beginOffset": -1
          },
          "type": "COMMON"
        }
      ]
    },
    {
      "name": "mix Brother",
      "type": "PERSON",
      "metadata": {},
      "salience": 0.013889991,
      "mentions": [
        {
          "text": {
            "content": "mix Brother",
            "beginOffset": -1
          },
          "type": "COMMON"
        }
      ]
    },
    {
      "name": "BLACKNESS Shiny",
      "type": "OTHER",
      "metadata": {},
      "salience": 0.013558534,
      "mentions": [
        {
          "text": {
            "content": "BLACKNESS Shiny",
            "beginOffset": -1
          },
          "type": "PROPER"
        }
      ]
    },
    {
      "name": "Tompok",
      "type": "OTHER",
      "metadata": {},
      "salience": 0.013507659,
      "mentions": [
        {
          "text": {
            "content": "Tompok",
            "beginOffset": -1
          },
          "type": "PROPER"
        }
      ]
    },
    {
      "name": "parents",
      "type": "PERSON",
      "metadata": {},
      "salience": 0.012580152,
      "mentions": [
        {
          "text": {
            "content": "parents",
            "beginOffset": -1
          },
          "type": "COMMON"
        }
      ]
    },
    {
      "name": "catfood",
      "type": "OTHER",
      "metadata": {},
      "salience": 0.012141662,
      "mentions": [
        {
          "text": {
            "content": "catfood",
            "beginOffset": -1
          },
          "type": "COMMON"
        }
      ]
    },
    {
      "name": "EETAHM Shiny",
      "type": "OTHER",
      "metadata": {},
      "salience": 0.009359717,
      "mentions": [
        {
          "text": {
            "content": "EETAHM Shiny",
            "beginOffset": -1
          },
          "type": "PROPER"
        }
      ]
    },
    {
      "name": "catfood",
      "type": "OTHER",
      "metadata": {},
      "salience": 0.007637848,
      "mentions": [
        {
          "text": {
            "content": "catfood",
            "beginOffset": -1
          },
          "type": "COMMON"
        }
      ]
    },
    {
      "name": "catfood",
      "type": "OTHER",
      "metadata": {},
      "salience": 0.007637848,
      "mentions": [
        {
          "text": {
            "content": "catfood",
            "beginOffset": -1
          },
          "type": "COMMON"
        }
      ]
    },
    {
      "name": "Blackness",
      "type": "OTHER",
      "metadata": {},
      "salience": 0.0065555875,
      "mentions": [
        {
          "text": {
            "content": "Blackness",
            "beginOffset": -1
          },
          "type": "PROPER"
        }
      ]
    }
  ],
  "documentSentiment": {
    "magnitude": 3,
    "score": 0.6
  },
  "language": "en",
  "categories": []
}
