{
  "sentences": [
    {
      "text": {
        "content": "Binky's a playful and friendly kitty.",
        "beginOffset": -1
      },
      "sentiment": {
        "magnitude": 0.9,
        "score": 0.9
      }
    },
    {
      "text": {
        "content": "He generally enjoys ripping up newspapers, attacking plastic bags and wrestling with rag cloths.",
        "beginOffset": -1
      },
      "sentiment": {
        "magnitude": 0.2,
        "score": -0.2
      }
    },
    {
      "text": {
        "content": "Sometimes he'll hide behind doors and try to give you a surprise pounce.",
        "beginOffset": -1
      },
      "sentiment": {
        "magnitude": 0.5,
        "score": 0.5
      }
    },
    {
      "text": {
        "content": "He's currently living at my hostel block in Universiti Teknologi Malaysia.",
        "beginOffset": -1
      },
      "sentiment": {
        "magnitude": 0,
        "score": 0
      }
    },
    {
      "text": {
        "content": "Looking for a home for Binky since I'm heading back to my hometown in mid-May and I'm unable to bring him back due to my family's situation.",
        "beginOffset": -1
      },
      "sentiment": {
        "magnitude": 0.4,
        "score": -0.4
      }
    },
    {
      "text": {
        "content": "Please have a heart and adopt this cute kitty. :)",
        "beginOffset": -1
      },
      "sentiment": {
        "magnitude": 0.8,
        "score": 0.8
      }
    }
  ],
  "tokens": [],
  "entities": [
    {
      "name": "Binky",
      "type": "OTHER",
      "metadata": {},
      "salience": 0.564079,
      "mentions": [
        {
          "text": {
            "content": "kitty",
            "beginOffset": -1
          },
          "type": "COMMON"
        },
        {
          "text": {
            "content": "Binky",
            "beginOffset": -1
          },
          "type": "PROPER"
        }
      ]
    },
    {
      "name": "plastic bags",
      "type": "OTHER",
      "metadata": {},
      "salience": 0.07713992,
      "mentions": [
        {
          "text": {
            "content": "plastic bags",
            "beginOffset": -1
          },
          "type": "COMMON"
        }
      ]
    },
    {
      "name": "newspapers",
      "type": "WORK_OF_ART",
      "metadata": {},
      "salience": 0.05426627,
      "mentions": [
        {
          "text": {
            "content": "newspapers",
            "beginOffset": -1
          },
          "type": "COMMON"
        }
      ]
    },
    {
      "name": "rag cloths",
      "type": "OTHER",
      "metadata": {},
      "salience": 0.05426627,
      "mentions": [
        {
          "text": {
            "content": "rag cloths",
            "beginOffset": -1
          },
          "type": "COMMON"
        }
      ]
    },
    {
      "name": "home",
      "type": "LOCATION",
      "metadata": {},
      "salience": 0.038405,
      "mentions": [
        {
          "text": {
            "content": "home",
            "beginOffset": -1
          },
          "type": "COMMON"
        }
      ]
    },
    {
      "name": "surprise",
      "type": "OTHER",
      "metadata": {},
      "salience": 0.03700977,
      "mentions": [
        {
          "text": {
            "content": "surprise",
            "beginOffset": -1
          },
          "type": "COMMON"
        }
      ]
    },
    {
      "name": "hostel block",
      "type": "LOCATION",
      "metadata": {},
      "salience": 0.036879994,
      "mentions": [
        {
          "text": {
            "content": "hostel block",
            "beginOffset": -1
          },
          "type": "COMMON"
        }
      ]
    },
    {
      "name": "doors",
      "type": "OTHER",
      "metadata": {},
      "salience": 0.036560602,
      "mentions": [
        {
          "text": {
            "content": "doors",
            "beginOffset": -1
          },
          "type": "COMMON"
        }
      ]
    },
    {
      "name": "situation",
      "type": "OTHER",
      "metadata": {},
      "salience": 0.025485214,
      "mentions": [
        {
          "text": {
            "content": "situation",
            "beginOffset": -1
          },
          "type": "COMMON"
        }
      ]
    },
    {
      "name": "family",
      "type": "PERSON",
      "metadata": {},
      "salience": 0.025485214,
      "mentions": [
        {
          "text": {
            "content": "family",
            "beginOffset": -1
          },
          "type": "COMMON"
        }
      ]
    },
    {
      "name": "Universiti Teknologi Malaysia",
      "type": "LOCATION",
      "metadata": {
        "mid": "/m/05t_5s",
        "wikipedia_url": "https://en.wikipedia.org/wiki/University_of_Technology,_Malaysia"
      },
      "salience": 0.020065837,
      "mentions": [
        {
          "text": {
            "content": "Universiti Teknologi Malaysia",
            "beginOffset": -1
          },
          "type": "PROPER"
        }
      ]
    },
    {
      "name": "heart",
      "type": "OTHER",
      "metadata": {},
      "salience": 0.01760507,
      "mentions": [
        {
          "text": {
            "content": "heart",
            "beginOffset": -1
          },
          "type": "COMMON"
        }
      ]
    },
    {
      "name": "hometown",
      "type": "LOCATION",
      "metadata": {},
      "salience": 0.012751849,
      "mentions": [
        {
          "text": {
            "content": "hometown",
            "beginOffset": -1
          },
          "type": "COMMON"
        }
      ]
    }
  ],
  "documentSentiment": {
    "magnitude": 3,
    "score": 0.2
  },
  "language": "en",
  "categories": []
}
