{
  "sentences": [
    {
      "text": {
        "content": "These were a litter of 4 puppies that a stray mother dog given birth at a field within the Ranzak Mansion Flat in Salak Selatan.",
        "beginOffset": -1
      },
      "sentiment": {
        "magnitude": 0.3,
        "score": -0.3
      }
    },
    {
      "text": {
        "content": "The flat residences are taking care of the mother dog and puppies and recently have gotten the mother dog a dog license in hopes that the town council wil not take them away.",
        "beginOffset": -1
      },
      "sentiment": {
        "magnitude": 0.3,
        "score": -0.3
      }
    },
    {
      "text": {
        "content": "3 puppies have been rehomed.",
        "beginOffset": -1
      },
      "sentiment": {
        "magnitude": 0,
        "score": 0
      }
    },
    {
      "text": {
        "content": "this is the last puppy available.",
        "beginOffset": -1
      },
      "sentiment": {
        "magnitude": 0,
        "score": 0
      }
    },
    {
      "text": {
        "content": "also the smartest and good watch dog.",
        "beginOffset": -1
      },
      "sentiment": {
        "magnitude": 0.9,
        "score": 0.9
      }
    },
    {
      "text": {
        "content": "barks at strangers.",
        "beginOffset": -1
      },
      "sentiment": {
        "magnitude": 0,
        "score": 0
      }
    },
    {
      "text": {
        "content": "Gender: female Age: 2 months Contact: .",
        "beginOffset": -1
      },
      "sentiment": {
        "magnitude": 0,
        "score": 0
      }
    }
  ],
  "tokens": [],
  "entities": [
    {
      "name": "mother dog",
      "type": "OTHER",
      "metadata": {},
      "salience": 0.3542725,
      "mentions": [
        {
          "text": {
            "content": "mother dog",
            "beginOffset": -1
          },
          "type": "COMMON"
        },
        {
          "text": {
            "content": "mother dog",
            "beginOffset": -1
          },
          "type": "COMMON"
        }
      ]
    },
    {
      "name": "puppies",
      "type": "OTHER",
      "metadata": {},
      "salience": 0.16041212,
      "mentions": [
        {
          "text": {
            "content": "puppies",
            "beginOffset": -1
          },
          "type": "COMMON"
        }
      ]
    },
    {
      "name": "litter",
      "type": "CONSUMER_GOOD",
      "metadata": {},
      "salience": 0.12235305,
      "mentions": [
        {
          "text": {
            "content": "litter",
            "beginOffset": -1
          },
          "type": "COMMON"
        }
      ]
    },
    {
      "name": "field",
      "type": "LOCATION",
      "metadata": {},
      "salience": 0.04825102,
      "mentions": [
        {
          "text": {
            "content": "field",
            "beginOffset": -1
          },
          "type": "COMMON"
        }
      ]
    },
    {
      "name": "town council",
      "type": "ORGANIZATION",
      "metadata": {},
      "salience": 0.042532735,
      "mentions": [
        {
          "text": {
            "content": "town council",
            "beginOffset": -1
          },
          "type": "COMMON"
        }
      ]
    },
    {
      "name": "birth",
      "type": "EVENT",
      "metadata": {},
      "salience": 0.03702968,
      "mentions": [
        {
          "text": {
            "content": "birth",
            "beginOffset": -1
          },
          "type": "COMMON"
        }
      ]
    },
    {
      "name": "Ranzak Mansion Flat",
      "type": "LOCATION",
      "metadata": {},
      "salience": 0.028814245,
      "mentions": [
        {
          "text": {
            "content": "Ranzak Mansion Flat",
            "beginOffset": -1
          },
          "type": "PROPER"
        }
      ]
    },
    {
      "name": "residences",
      "type": "LOCATION",
      "metadata": {},
      "salience": 0.021801768,
      "mentions": [
        {
          "text": {
            "content": "residences",
            "beginOffset": -1
          },
          "type": "COMMON"
        }
      ]
    },
    {
      "name": "puppies",
      "type": "OTHER",
      "metadata": {},
      "salience": 0.021491801,
      "mentions": [
        {
          "text": {
            "content": "puppies",
            "beginOffset": -1
          },
          "type": "COMMON"
        }
      ]
    },
    {
      "name": "mother",
      "type": "PERSON",
      "metadata": {},
      "salience": 0.020025741,
      "mentions": [
        {
          "text": {
            "content": "mother",
            "beginOffset": -1
          },
          "type": "COMMON"
        }
      ]
    },
    {
      "name": "Salak Selatan",
      "type": "LOCATION",
      "metadata": {
        "mid": "/m/026mhmm",
        "wikipedia_url": "https://en.wikipedia.org/wiki/Salak_Selatan_LRT_station"
      },
      "salience": 0.019528044,
      "mentions": [
        {
          "text": {
            "content": "Salak Selatan",
            "beginOffset": -1
          },
          "type": "PROPER"
        }
      ]
    },
    {
      "name": "puppy",
      "type": "OTHER",
      "metadata": {},
      "salience": 0.018951721,
      "mentions": [
        {
          "text": {
            "content": "puppy",
            "beginOffset": -1
          },
          "type": "COMMON"
        }
      ]
    },
    {
      "name": "care",
      "type": "OTHER",
      "metadata": {},
      "salience": 0.018383129,
      "mentions": [
        {
          "text": {
            "content": "care",
            "beginOffset": -1
          },
          "type": "COMMON"
        }
      ]
    },
    {
      "name": "dog license",
      "type": "OTHER",
      "metadata": {},
      "salience": 0.016074153,
      "mentions": [
        {
          "text": {
            "content": "dog license",
            "beginOffset": -1
          },
          "type": "COMMON"
        }
      ]
    },
    {
      "name": "hopes",
      "type": "OTHER",
      "metadata": {},
      "salience": 0.014756953,
      "mentions": [
        {
          "text": {
            "content": "hopes",
            "beginOffset": -1
          },
          "type": "COMMON"
        }
      ]
    },
    {
      "name": "watch dog",
      "type": "OTHER",
      "metadata": {},
      "salience": 0.014740244,
      "mentions": [
        {
          "text": {
            "content": "watch dog",
            "beginOffset": -1
          },
          "type": "COMMON"
        }
      ]
    },
    {
      "name": "strangers",
      "type": "PERSON",
      "metadata": {},
      "salience": 0.0109895645,
      "mentions": [
        {
          "text": {
            "content": "strangers",
            "beginOffset": -1
          },
          "type": "COMMON"
        }
      ]
    },
    {
      "name": "Gender",
      "type": "OTHER",
      "metadata": {},
      "salience": 0.0076878606,
      "mentions": [
        {
          "text": {
            "content": "Gender",
            "beginOffset": -1
          },
          "type": "COMMON"
        }
      ]
    },
    {
      "name": "Age",
      "type": "OTHER",
      "metadata": {},
      "salience": 0.0076878606,
      "mentions": [
        {
          "text": {
            "content": "Age",
            "beginOffset": -1
          },
          "type": "COMMON"
        }
      ]
    },
    {
      "name": "Contact",
      "type": "OTHER",
      "metadata": {},
      "salience": 0.0076878606,
      "mentions": [
        {
          "text": {
            "content": "Contact",
            "beginOffset": -1
          },
          "type": "COMMON"
        }
      ]
    },
    {
      "name": "puppies",
      "type": "OTHER",
      "metadata": {},
      "salience": 0.0065279407,
      "mentions": [
        {
          "text": {
            "content": "puppies",
            "beginOffset": -1
          },
          "type": "COMMON"
        }
      ]
    }
  ],
  "documentSentiment": {
    "magnitude": 1.8,
    "score": 0
  },
  "language": "en",
  "categories": []
}
