{
  "sentences": [
    {
      "text": {
        "content": "Tommy is a very Active Cat and love to play and jump.",
        "beginOffset": -1
      },
      "sentiment": {
        "magnitude": 0.8,
        "score": 0.8
      }
    },
    {
      "text": {
        "content": "Too bad due to my work environment, he need to be taken care of everyday because I’m not at home most of the time.",
        "beginOffset": -1
      },
      "sentiment": {
        "magnitude": 0.7,
        "score": -0.7
      }
    },
    {
      "text": {
        "content": "Please find me so that Tommy can found a new loving Owner (P/s by owner: RM70 for Vaccines and Deworm Fee since he already done both of that)",
        "beginOffset": -1
      },
      "sentiment": {
        "magnitude": 0.9,
        "score": 0.9
      }
    }
  ],
  "tokens": [],
  "entities": [
    {
      "name": "Tommy",
      "type": "PERSON",
      "metadata": {},
      "salience": 0.642605,
      "mentions": [
        {
          "text": {
            "content": "Tommy",
            "beginOffset": -1
          },
          "type": "PROPER"
        },
        {
          "text": {
            "content": "Tommy",
            "beginOffset": -1
          },
          "type": "PROPER"
        }
      ]
    },
    {
      "name": "Cat",
      "type": "OTHER",
      "metadata": {},
      "salience": 0.16951552,
      "mentions": [
        {
          "text": {
            "content": "Cat",
            "beginOffset": -1
          },
          "type": "COMMON"
        }
      ]
    },
    {
      "name": "jump",
      "type": "OTHER",
      "metadata": {},
      "salience": 0.054048162,
      "mentions": [
        {
          "text": {
            "content": "jump",
            "beginOffset": -1
          },
          "type": "COMMON"
        }
      ]
    },
    {
      "name": "care",
      "type": "OTHER",
      "metadata": {},
      "salience": 0.020431628,
      "mentions": [
        {
          "text": {
            "content": "care",
            "beginOffset": -1
          },
          "type": "COMMON"
        }
      ]
    },
    {
      "name": "everyday",
      "type": "OTHER",
      "metadata": {},
      "salience": 0.018090066,
      "mentions": [
        {
          "text": {
            "content": "everyday",
            "beginOffset": -1
          },
          "type": "COMMON"
        }
      ]
    },
    {
      "name": "home",
      "type": "LOCATION",
      "metadata": {},
      "salience": 0.018090066,
      "mentions": [
        {
          "text": {
            "content": "home",
            "beginOffset": -1
          },
          "type": "COMMON"
        }
      ]
    },
    {
      "name": "work environment",
      "type": "OTHER",
      "metadata": {},
      "salience": 0.017871035,
      "mentions": [
        {
          "text": {
            "content": "work environment",
            "beginOffset": -1
          },
          "type": "COMMON"
        }
      ]
    },
    {
      "name": "owner",
      "type": "PERSON",
      "metadata": {},
      "salience": 0.014198063,
      "mentions": [
        {
          "text": {
            "content": "owner",
            "beginOffset": -1
          },
          "type": "COMMON"
        }
      ]
    },
    {
      "name": "P/s",
      "type": "OTHER",
      "metadata": {},
      "salience": 0.012482313,
      "mentions": [
        {
          "text": {
            "content": "P/s",
            "beginOffset": -1
          },
          "type": "COMMON"
        }
      ]
    },
    {
      "name": "Vaccines",
      "type": "OTHER",
      "metadata": {},
      "salience": 0.012482313,
      "mentions": [
        {
          "text": {
            "content": "Vaccines",
            "beginOffset": -1
          },
          "type": "COMMON"
        }
      ]
    },
    {
      "name": "both",
      "type": "OTHER",
      "metadata": {},
      "salience": 0.008753034,
      "mentions": [
        {
          "text": {
            "content": "both",
            "beginOffset": -1
          },
          "type": "COMMON"
        }
      ]
    },
    {
      "name": "Owner",
      "type": "PERSON",
      "metadata": {},
      "salience": 0.0062508653,
      "mentions": [
        {
          "text": {
            "content": "Owner",
            "beginOffset": -1
          },
          "type": "COMMON"
        }
      ]
    },
    {
      "name": "Deworm Fee",
      "type": "OTHER",
      "metadata": {},
      "salience": 0.005181911,
      "mentions": [
        {
          "text": {
            "content": "Deworm Fee",
            "beginOffset": -1
          },
          "type": "PROPER"
        }
      ]
    }
  ],
  "documentSentiment": {
    "magnitude": 2.6,
    "score": 0.3
  },
  "language": "en",
  "categories": []
}
