{
  "sentences": [
    {
      "text": {
        "content": "有人可以給孩子們一個家嗎？",
        "beginOffset": -1
      },
      "sentiment": {
        "magnitude": 0.4,
        "score": 0.4
      }
    },
    {
      "text": {
        "content": "剛剛在Setia Walk Puchong救的,如果不救他们会受风吹雨打，晚上还要见鬼（酒鬼） 有養貓經驗者優先..",
        "beginOffset": -1
      },
      "sentiment": {
        "magnitude": 0.6,
        "score": -0.6
      }
    },
    {
      "text": {
        "content": "Whatsapp..",
        "beginOffset": -1
      },
      "sentiment": {
        "magnitude": 0.1,
        "score": 0.1
      }
    },
    {
      "text": {
        "content": "CHLOE (BLACK)WITH ANGRY FACE NAOMI (GREY) ZOEY (BLACK)",
        "beginOffset": -1
      },
      "sentiment": {
        "magnitude": 0.4,
        "score": -0.4
      }
    }
  ],
  "tokens": [],
  "entities": [
    {
      "name": "人",
      "type": "PERSON",
      "metadata": {},
      "salience": 0.25139615,
      "mentions": [
        {
          "text": {
            "content": "人",
            "beginOffset": -1
          },
          "type": "COMMON"
        }
      ]
    },
    {
      "name": "孩子們",
      "type": "PERSON",
      "metadata": {},
      "salience": 0.22310732,
      "mentions": [
        {
          "text": {
            "content": "孩子們",
            "beginOffset": -1
          },
          "type": "COMMON"
        }
      ]
    },
    {
      "name": "Setia Walk Puchong",
      "type": "LOCATION",
      "metadata": {},
      "salience": 0.1090945,
      "mentions": [
        {
          "text": {
            "content": "Setia Walk Puchong",
            "beginOffset": -1
          },
          "type": "PROPER"
        }
      ]
    },
    {
      "name": "家",
      "type": "LOCATION",
      "metadata": {},
      "salience": 0.09421202,
      "mentions": [
        {
          "text": {
            "content": "家",
            "beginOffset": -1
          },
          "type": "COMMON"
        }
      ]
    },
    {
      "name": "養貓經驗者",
      "type": "PERSON",
      "metadata": {},
      "salience": 0.05236472,
      "mentions": [
        {
          "text": {
            "content": "養貓經驗者",
            "beginOffset": -1
          },
          "type": "COMMON"
        }
      ]
    },
    {
      "name": "Whatsapp",
      "type": "CONSUMER_GOOD",
      "metadata": {
        "mid": "/m/0gwzvs1",
        "wikipedia_url": "https://en.wikipedia.org/wiki/WhatsApp"
      },
      "salience": 0.046619754,
      "mentions": [
        {
          "text": {
            "content": "Whatsapp",
            "beginOffset": -1
          },
          "type": "PROPER"
        }
      ]
    },
    {
      "name": "BLACK",
      "type": "OTHER",
      "metadata": {},
      "salience": 0.04238075,
      "mentions": [
        {
          "text": {
            "content": "BLACK",
            "beginOffset": -1
          },
          "type": "PROPER"
        }
      ]
    },
    {
      "name": "CHLOE",
      "type": "ORGANIZATION",
      "metadata": {
        "mid": "/m/09w837",
        "wikipedia_url": "https://en.wikipedia.org/wiki/Chloé"
      },
      "salience": 0.04085906,
      "mentions": [
        {
          "text": {
            "content": "CHLOE",
            "beginOffset": -1
          },
          "type": "PROPER"
        }
      ]
    },
    {
      "name": "酒鬼",
      "type": "LOCATION",
      "metadata": {},
      "salience": 0.034621406,
      "mentions": [
        {
          "text": {
            "content": "酒鬼",
            "beginOffset": -1
          },
          "type": "PROPER"
        }
      ]
    },
    {
      "name": "GREY",
      "type": "OTHER",
      "metadata": {
        "mid": "/m/036k5h",
        "wikipedia_url": "https://en.wikipedia.org/wiki/Grey"
      },
      "salience": 0.03071313,
      "mentions": [
        {
          "text": {
            "content": "GREY",
            "beginOffset": -1
          },
          "type": "PROPER"
        }
      ]
    },
    {
      "name": "ZOEY",
      "type": "ORGANIZATION",
      "metadata": {},
      "salience": 0.03071313,
      "mentions": [
        {
          "text": {
            "content": "ZOEY",
            "beginOffset": -1
          },
          "type": "PROPER"
        }
      ]
    },
    {
      "name": "BLACK",
      "type": "OTHER",
      "metadata": {},
      "salience": 0.02547367,
      "mentions": [
        {
          "text": {
            "content": "BLACK",
            "beginOffset": -1
          },
          "type": "PROPER"
        }
      ]
    },
    {
      "name": "WITH ANGRY FACE NAOMI",
      "type": "CONSUMER_GOOD",
      "metadata": {},
      "salience": 0.018444395,
      "mentions": [
        {
          "text": {
            "content": "WITH ANGRY FACE NAOMI",
            "beginOffset": -1
          },
          "type": "PROPER"
        }
      ]
    }
  ],
  "documentSentiment": {
    "magnitude": 1.7,
    "score": -0.1
  },
  "language": "zh-Hant",
  "categories": []
}
