{
  "sentences": [
    {
      "text": {
        "content": "-Bobo love to play around with.",
        "beginOffset": -1
      },
      "sentiment": {
        "magnitude": 0.3,
        "score": 0.3
      }
    },
    {
      "text": {
        "content": "human -Active -love to eat -sweet and lovely -please adopt him because I'm going back to college next 2 weeks..",
        "beginOffset": -1
      },
      "sentiment": {
        "magnitude": 0.7,
        "score": 0.7
      }
    },
    {
      "text": {
        "content": "-Price are negotiable",
        "beginOffset": -1
      },
      "sentiment": {
        "magnitude": 0.2,
        "score": 0.2
      }
    }
  ],
  "tokens": [],
  "entities": [
    {
      "name": "Bobo",
      "type": "PERSON",
      "metadata": {},
      "salience": 0.50965035,
      "mentions": [
        {
          "text": {
            "content": "Bobo",
            "beginOffset": -1
          },
          "type": "PROPER"
        }
      ]
    },
    {
      "name": "love",
      "type": "OTHER",
      "metadata": {},
      "salience": 0.42039475,
      "mentions": [
        {
          "text": {
            "content": "love",
            "beginOffset": -1
          },
          "type": "COMMON"
        }
      ]
    },
    {
      "name": "college",
      "type": "OTHER",
      "metadata": {},
      "salience": 0.041520614,
      "mentions": [
        {
          "text": {
            "content": "college",
            "beginOffset": -1
          },
          "type": "COMMON"
        }
      ]
    },
    {
      "name": "Price",
      "type": "OTHER",
      "metadata": {},
      "salience": 0.028434318,
      "mentions": [
        {
          "text": {
            "content": "Price",
            "beginOffset": -1
          },
          "type": "COMMON"
        }
      ]
    }
  ],
  "documentSentiment": {
    "magnitude": 1.3,
    "score": 0.4
  },
  "language": "en",
  "categories": []
}
