{
  "sentences": [
    {
      "text": {
        "content": "These two kittens were found in the alleyway behind my house and it's mum has not come back to collect it so we had to give it food.",
        "beginOffset": -1
      },
      "sentiment": {
        "magnitude": 0.6,
        "score": -0.6
      }
    },
    {
      "text": {
        "content": "They're about 3 weeks old.",
        "beginOffset": -1
      },
      "sentiment": {
        "magnitude": 0,
        "score": 0
      }
    },
    {
      "text": {
        "content": "We're looking for a good home for them :)",
        "beginOffset": -1
      },
      "sentiment": {
        "magnitude": 0.9,
        "score": 0.9
      }
    },
    {
      "text": {
        "content": "I'm not entirely sure of their breeds.",
        "beginOffset": -1
      },
      "sentiment": {
        "magnitude": 0.2,
        "score": 0.2
      }
    }
  ],
  "tokens": [],
  "entities": [
    {
      "name": "kittens",
      "type": "PERSON",
      "metadata": {},
      "salience": 0.34726003,
      "mentions": [
        {
          "text": {
            "content": "kittens",
            "beginOffset": -1
          },
          "type": "COMMON"
        }
      ]
    },
    {
      "name": "alleyway",
      "type": "LOCATION",
      "metadata": {},
      "salience": 0.28434816,
      "mentions": [
        {
          "text": {
            "content": "alleyway",
            "beginOffset": -1
          },
          "type": "COMMON"
        }
      ]
    },
    {
      "name": "mum",
      "type": "PERSON",
      "metadata": {},
      "salience": 0.14819685,
      "mentions": [
        {
          "text": {
            "content": "mum",
            "beginOffset": -1
          },
          "type": "COMMON"
        }
      ]
    },
    {
      "name": "house",
      "type": "LOCATION",
      "metadata": {},
      "salience": 0.114398494,
      "mentions": [
        {
          "text": {
            "content": "house",
            "beginOffset": -1
          },
          "type": "COMMON"
        }
      ]
    },
    {
      "name": "food",
      "type": "OTHER",
      "metadata": {},
      "salience": 0.060693003,
      "mentions": [
        {
          "text": {
            "content": "food",
            "beginOffset": -1
          },
          "type": "COMMON"
        }
      ]
    },
    {
      "name": "home",
      "type": "LOCATION",
      "metadata": {},
      "salience": 0.026545988,
      "mentions": [
        {
          "text": {
            "content": "home",
            "beginOffset": -1
          },
          "type": "COMMON"
        }
      ]
    },
    {
      "name": "breeds",
      "type": "OTHER",
      "metadata": {},
      "salience": 0.018557478,
      "mentions": [
        {
          "text": {
            "content": "breeds",
            "beginOffset": -1
          },
          "type": "COMMON"
        }
      ]
    }
  ],
  "documentSentiment": {
    "magnitude": 1.8,
    "score": 0.1
  },
  "language": "en",
  "categories": []
}
