{
  "sentences": [
    {
      "text": {
        "content": "The snow sisters were found in a box left outside my house.",
        "beginOffset": -1
      },
      "sentiment": {
        "magnitude": 0.1,
        "score": 0.1
      }
    },
    {
      "text": {
        "content": "It must have been an irresponsible person who did that.",
        "beginOffset": -1
      },
      "sentiment": {
        "magnitude": 0.6,
        "score": -0.6
      }
    },
    {
      "text": {
        "content": "The puppies are still young and active and ready to seek some love and shelter",
        "beginOffset": -1
      },
      "sentiment": {
        "magnitude": 0.8,
        "score": 0.8
      }
    }
  ],
  "tokens": [],
  "entities": [
    {
      "name": "snow sisters",
      "type": "PERSON",
      "metadata": {},
      "salience": 0.4640319,
      "mentions": [
        {
          "text": {
            "content": "snow sisters",
            "beginOffset": -1
          },
          "type": "COMMON"
        }
      ]
    },
    {
      "name": "box",
      "type": "OTHER",
      "metadata": {},
      "salience": 0.1927326,
      "mentions": [
        {
          "text": {
            "content": "box",
            "beginOffset": -1
          },
          "type": "COMMON"
        }
      ]
    },
    {
      "name": "house",
      "type": "LOCATION",
      "metadata": {},
      "salience": 0.13254574,
      "mentions": [
        {
          "text": {
            "content": "house",
            "beginOffset": -1
          },
          "type": "COMMON"
        }
      ]
    },
    {
      "name": "person",
      "type": "PERSON",
      "metadata": {},
      "salience": 0.12717253,
      "mentions": [
        {
          "text": {
            "content": "person",
            "beginOffset": -1
          },
          "type": "COMMON"
        }
      ]
    },
    {
      "name": "love",
      "type": "OTHER",
      "metadata": {},
      "salience": 0.03195802,
      "mentions": [
        {
          "text": {
            "content": "love",
            "beginOffset": -1
          },
          "type": "COMMON"
        }
      ]
    },
    {
      "name": "shelter",
      "type": "OTHER",
      "metadata": {},
      "salience": 0.03195802,
      "mentions": [
        {
          "text": {
            "content": "shelter",
            "beginOffset": -1
          },
          "type": "COMMON"
        }
      ]
    },
    {
      "name": "puppies",
      "type": "OTHER",
      "metadata": {},
      "salience": 0.019601185,
      "mentions": [
        {
          "text": {
            "content": "puppies",
            "beginOffset": -1
          },
          "type": "COMMON"
        }
      ]
    }
  ],
  "documentSentiment": {
    "magnitude": 1.6,
    "score": 0.1
  },
  "language": "en",
  "categories": []
}
