{
  "sentences": [
    {
      "text": {
        "content": "We brought home this kitten last night.",
        "beginOffset": -1
      },
      "sentiment": {
        "magnitude": 0.1,
        "score": 0.1
      }
    },
    {
      "text": {
        "content": "She was all alone, no mum or siblings in sight, wasn't afraid of people or cars.",
        "beginOffset": -1
      },
      "sentiment": {
        "magnitude": 0.2,
        "score": 0.2
      }
    },
    {
      "text": {
        "content": "I'm pretty sure she was dumped because she's extremely friendly and can poop in a litterbox like a champ.",
        "beginOffset": -1
      },
      "sentiment": {
        "magnitude": 0.8,
        "score": 0.8
      }
    },
    {
      "text": {
        "content": "We're looking for a home for her.",
        "beginOffset": -1
      },
      "sentiment": {
        "magnitude": 0.2,
        "score": 0.2
      }
    },
    {
      "text": {
        "content": "She's been dewormed and is taking some drops for congestion but is otherwise clean, healthy and stupidly adorable.",
        "beginOffset": -1
      },
      "sentiment": {
        "magnitude": 0.9,
        "score": 0.9
      }
    },
    {
      "text": {
        "content": "Edit: We're also giving a 4kg bag of Royal Canin Babycat, a bag of litter and assorted food things, plus splitting the costs of her eventual spaying.",
        "beginOffset": -1
      },
      "sentiment": {
        "magnitude": 0.2,
        "score": 0.2
      }
    },
    {
      "text": {
        "content": "Yes, I am totally bribing people to take her.",
        "beginOffset": -1
      },
      "sentiment": {
        "magnitude": 0,
        "score": 0
      }
    }
  ],
  "tokens": [],
  "entities": [
    {
      "name": "kitten",
      "type": "PERSON",
      "metadata": {},
      "salience": 0.39242083,
      "mentions": [
        {
          "text": {
            "content": "kitten",
            "beginOffset": -1
          },
          "type": "COMMON"
        }
      ]
    },
    {
      "name": "mum",
      "type": "PERSON",
      "metadata": {},
      "salience": 0.23635605,
      "mentions": [
        {
          "text": {
            "content": "mum",
            "beginOffset": -1
          },
          "type": "COMMON"
        }
      ]
    },
    {
      "name": "home",
      "type": "LOCATION",
      "metadata": {},
      "salience": 0.118155666,
      "mentions": [
        {
          "text": {
            "content": "home",
            "beginOffset": -1
          },
          "type": "COMMON"
        }
      ]
    },
    {
      "name": "people",
      "type": "PERSON",
      "metadata": {},
      "salience": 0.025393885,
      "mentions": [
        {
          "text": {
            "content": "people",
            "beginOffset": -1
          },
          "type": "COMMON"
        }
      ]
    },
    {
      "name": "siblings",
      "type": "PERSON",
      "metadata": {},
      "salience": 0.022331048,
      "mentions": [
        {
          "text": {
            "content": "siblings",
            "beginOffset": -1
          },
          "type": "COMMON"
        }
      ]
    },
    {
      "name": "sight",
      "type": "OTHER",
      "metadata": {},
      "salience": 0.022331048,
      "mentions": [
        {
          "text": {
            "content": "sight",
            "beginOffset": -1
          },
          "type": "COMMON"
        }
      ]
    },
    {
      "name": "cars",
      "type": "CONSUMER_GOOD",
      "metadata": {},
      "salience": 0.022331048,
      "mentions": [
        {
          "text": {
            "content": "cars",
            "beginOffset": -1
          },
          "type": "COMMON"
        }
      ]
    },
    {
      "name": "litterbox",
      "type": "OTHER",
      "metadata": {},
      "salience": 0.017097432,
      "mentions": [
        {
          "text": {
            "content": "litterbox",
            "beginOffset": -1
          },
          "type": "COMMON"
        }
      ]
    },
    {
      "name": "drops",
      "type": "OTHER",
      "metadata": {},
      "salience": 0.016072808,
      "mentions": [
        {
          "text": {
            "content": "drops",
            "beginOffset": -1
          },
          "type": "COMMON"
        }
      ]
    },
    {
      "name": "champ",
      "type": "OTHER",
      "metadata": {},
      "salience": 0.015213787,
      "mentions": [
        {
          "text": {
            "content": "champ",
            "beginOffset": -1
          },
          "type": "COMMON"
        }
      ]
    },
    {
      "name": "home",
      "type": "LOCATION",
      "metadata": {},
      "salience": 0.015160318,
      "mentions": [
        {
          "text": {
            "content": "home",
            "beginOffset": -1
          },
          "type": "COMMON"
        }
      ]
    },
    {
      "name": "poop",
      "type": "OTHER",
      "metadata": {},
      "salience": 0.015028732,
      "mentions": [
        {
          "text": {
            "content": "poop",
            "beginOffset": -1
          },
          "type": "COMMON"
        }
      ]
    },
    {
      "name": "congestion",
      "type": "OTHER",
      "metadata": {},
      "salience": 0.01387738,
      "mentions": [
        {
          "text": {
            "content": "congestion",
            "beginOffset": -1
          },
          "type": "COMMON"
        }
      ]
    },
    {
      "name": "bag",
      "type": "CONSUMER_GOOD",
      "metadata": {},
      "salience": 0.011886648,
      "mentions": [
        {
          "text": {
            "content": "bag",
            "beginOffset": -1
          },
          "type": "COMMON"
        }
      ]
    },
    {
      "name": "litter",
      "type": "OTHER",
      "metadata": {},
      "salience": 0.011886648,
      "mentions": [
        {
          "text": {
            "content": "litter",
            "beginOffset": -1
          },
          "type": "COMMON"
        }
      ]
    },
    {
      "name": "food things",
      "type": "OTHER",
      "metadata": {},
      "salience": 0.010445578,
      "mentions": [
        {
          "text": {
            "content": "food things",
            "beginOffset": -1
          },
          "type": "COMMON"
        }
      ]
    },
    {
      "name": "costs",
      "type": "OTHER",
      "metadata": {},
      "salience": 0.010445578,
      "mentions": [
        {
          "text": {
            "content": "costs",
            "beginOffset": -1
          },
          "type": "COMMON"
        }
      ]
    },
    {
      "name": "people",
      "type": "PERSON",
      "metadata": {},
      "salience": 0.008313101,
      "mentions": [
        {
          "text": {
            "content": "people",
            "beginOffset": -1
          },
          "type": "COMMON"
        }
      ]
    },
    {
      "name": "spaying",
      "type": "OTHER",
      "metadata": {},
      "salience": 0.007317741,
      "mentions": [
        {
          "text": {
            "content": "spaying",
            "beginOffset": -1
          },
          "type": "COMMON"
        }
      ]
    },
    {
      "name": "bag",
      "type": "OTHER",
      "metadata": {},
      "salience": 0.0052224905,
      "mentions": [
        {
          "text": {
            "content": "bag",
            "beginOffset": -1
          },
          "type": "COMMON"
        }
      ]
    },
    {
      "name": "Royal Canin Babycat",
      "type": "ORGANIZATION",
      "metadata": {},
      "salience": 0.002712198,
      "mentions": [
        {
          "text": {
            "content": "Royal Canin Babycat",
            "beginOffset": -1
          },
          "type": "PROPER"
        }
      ]
    }
  ],
  "documentSentiment": {
    "magnitude": 2.7,
    "score": 0.3
  },
  "language": "en",
  "categories": []
}
