{
  "sentences": [
    {
      "text": {
        "content": "Adopters must vaccinate,spay and keep her indoors/fenced.",
        "beginOffset": -1
      },
      "sentiment": {
        "magnitude": 0.4,
        "score": 0.4
      }
    },
    {
      "text": {
        "content": "Call/whatsapp: Address: ONE PETZ 2-1-20 ONE SQUARE, TINGKAT MAHSURI 1, BAYAN LEPAS, PENANG.",
        "beginOffset": -1
      },
      "sentiment": {
        "magnitude": 0,
        "score": 0
      }
    },
    {
      "text": {
        "content": "T &amp; C apply",
        "beginOffset": -1
      },
      "sentiment": {
        "magnitude": 0,
        "score": 0
      }
    }
  ],
  "tokens": [],
  "entities": [
    {
      "name": "Adopters",
      "type": "PERSON",
      "metadata": {},
      "salience": 0.5664381,
      "mentions": [
        {
          "text": {
            "content": "Adopters",
            "beginOffset": -1
          },
          "type": "COMMON"
        }
      ]
    },
    {
      "name": "Address",
      "type": "OTHER",
      "metadata": {},
      "salience": 0.080229454,
      "mentions": [
        {
          "text": {
            "content": "Address",
            "beginOffset": -1
          },
          "type": "COMMON"
        }
      ]
    },
    {
      "name": "whatsapp",
      "type": "OTHER",
      "metadata": {},
      "salience": 0.07926716,
      "mentions": [
        {
          "text": {
            "content": "whatsapp",
            "beginOffset": -1
          },
          "type": "COMMON"
        }
      ]
    },
    {
      "name": "Call",
      "type": "OTHER",
      "metadata": {},
      "salience": 0.07926716,
      "mentions": [
        {
          "text": {
            "content": "Call",
            "beginOffset": -1
          },
          "type": "COMMON"
        }
      ]
    },
    {
      "name": "ONE PETZ",
      "type": "PERSON",
      "metadata": {
        "mid": "/g/11c3k9lxww"
      },
      "salience": 0.04779359,
      "mentions": [
        {
          "text": {
            "content": "ONE PETZ",
            "beginOffset": -1
          },
          "type": "PROPER"
        }
      ]
    },
    {
      "name": "T",
      "type": "OTHER",
      "metadata": {},
      "salience": 0.041462705,
      "mentions": [
        {
          "text": {
            "content": "T",
            "beginOffset": -1
          },
          "type": "COMMON"
        }
      ]
    },
    {
      "name": "BAYAN LEPAS",
      "type": "PERSON",
      "metadata": {
        "mid": "/m/0d_dv9",
        "wikipedia_url": "https://en.wikipedia.org/wiki/Bayan_Lepas"
      },
      "salience": 0.033153016,
      "mentions": [
        {
          "text": {
            "content": "BAYAN LEPAS",
            "beginOffset": -1
          },
          "type": "PROPER"
        }
      ]
    },
    {
      "name": "PENANG",
      "type": "LOCATION",
      "metadata": {
        "wikipedia_url": "https://en.wikipedia.org/wiki/Penang",
        "mid": "/m/0g6xq"
      },
      "salience": 0.033153016,
      "mentions": [
        {
          "text": {
            "content": "PENANG",
            "beginOffset": -1
          },
          "type": "PROPER"
        }
      ]
    },
    {
      "name": "SQUARE",
      "type": "OTHER",
      "metadata": {},
      "salience": 0.024641972,
      "mentions": [
        {
          "text": {
            "content": "SQUARE",
            "beginOffset": -1
          },
          "type": "COMMON"
        }
      ]
    },
    {
      "name": "TINGKAT MAHSURI 1",
      "type": "PERSON",
      "metadata": {
        "mid": "/g/1q5ccf3lq"
      },
      "salience": 0.014593834,
      "mentions": [
        {
          "text": {
            "content": "TINGKAT MAHSURI 1",
            "beginOffset": -1
          },
          "type": "PROPER"
        }
      ]
    }
  ],
  "documentSentiment": {
    "magnitude": 0.5,
    "score": 0.1
  },
  "language": "en",
  "categories": []
}
