{
  "sentences": [
    {
      "text": {
        "content": "LeiLei is very healthy.",
        "beginOffset": -1
      },
      "sentiment": {
        "magnitude": 0,
        "score": 0
      }
    },
    {
      "text": {
        "content": "Used to human touch and very tamed and docile.",
        "beginOffset": -1
      },
      "sentiment": {
        "magnitude": 0.4,
        "score": 0.4
      }
    },
    {
      "text": {
        "content": "She likes to eat and love to be around with her playmates.",
        "beginOffset": -1
      },
      "sentiment": {
        "magnitude": 0.9,
        "score": 0.9
      }
    },
    {
      "text": {
        "content": "Oh, ya, she likes to sleep too!",
        "beginOffset": -1
      },
      "sentiment": {
        "magnitude": 0.7,
        "score": 0.7
      }
    }
  ],
  "tokens": [],
  "entities": [
    {
      "name": "LeiLei",
      "type": "PERSON",
      "metadata": {},
      "salience": 0.7366602,
      "mentions": [
        {
          "text": {
            "content": "LeiLei",
            "beginOffset": -1
          },
          "type": "PROPER"
        }
      ]
    },
    {
      "name": "human touch",
      "type": "OTHER",
      "metadata": {},
      "salience": 0.21680576,
      "mentions": [
        {
          "text": {
            "content": "human touch",
            "beginOffset": -1
          },
          "type": "COMMON"
        }
      ]
    },
    {
      "name": "playmates",
      "type": "PERSON",
      "metadata": {},
      "salience": 0.046534073,
      "mentions": [
        {
          "text": {
            "content": "playmates",
            "beginOffset": -1
          },
          "type": "COMMON"
        }
      ]
    }
  ],
  "documentSentiment": {
    "magnitude": 2.2,
    "score": 0.5
  },
  "language": "en",
  "categories": []
}
