{
  "sentences": [
    {
      "text": {
        "content": "Xmas Babies.",
        "beginOffset": -1
      },
      "sentiment": {
        "magnitude": 0.1,
        "score": 0.1
      }
    },
    {
      "text": {
        "content": "Born 25th Dec .",
        "beginOffset": -1
      },
      "sentiment": {
        "magnitude": 0,
        "score": 0
      }
    },
    {
      "text": {
        "content": "Mother are local tabby cat.",
        "beginOffset": -1
      },
      "sentiment": {
        "magnitude": 0.1,
        "score": 0.1
      }
    },
    {
      "text": {
        "content": "Playful, active &amp; adorable kittens.",
        "beginOffset": -1
      },
      "sentiment": {
        "magnitude": 0.9,
        "score": 0.9
      }
    },
    {
      "text": {
        "content": "They have start eating kibbles so separation will not be an issue.",
        "beginOffset": -1
      },
      "sentiment": {
        "magnitude": 0.3,
        "score": -0.3
      }
    }
  ],
  "tokens": [],
  "entities": [
    {
      "name": "Xmas Babies",
      "type": "PERSON",
      "metadata": {},
      "salience": 0.37376982,
      "mentions": [
        {
          "text": {
            "content": "Xmas Babies",
            "beginOffset": -1
          },
          "type": "PROPER"
        }
      ]
    },
    {
      "name": "kittens",
      "type": "PERSON",
      "metadata": {},
      "salience": 0.24665801,
      "mentions": [
        {
          "text": {
            "content": "kittens",
            "beginOffset": -1
          },
          "type": "COMMON"
        }
      ]
    },
    {
      "name": "Mother",
      "type": "PERSON",
      "metadata": {},
      "salience": 0.12161424,
      "mentions": [
        {
          "text": {
            "content": "Mother",
            "beginOffset": -1
          },
          "type": "COMMON"
        }
      ]
    },
    {
      "name": "tabby cat",
      "type": "OTHER",
      "metadata": {},
      "salience": 0.10673601,
      "mentions": [
        {
          "text": {
            "content": "tabby cat",
            "beginOffset": -1
          },
          "type": "COMMON"
        }
      ]
    },
    {
      "name": "separation",
      "type": "EVENT",
      "metadata": {},
      "salience": 0.073214084,
      "mentions": [
        {
          "text": {
            "content": "separation",
            "beginOffset": -1
          },
          "type": "COMMON"
        }
      ]
    },
    {
      "name": "issue",
      "type": "OTHER",
      "metadata": {},
      "salience": 0.051589135,
      "mentions": [
        {
          "text": {
            "content": "issue",
            "beginOffset": -1
          },
          "type": "COMMON"
        }
      ]
    },
    {
      "name": "kibbles",
      "type": "OTHER",
      "metadata": {},
      "salience": 0.026418703,
      "mentions": [
        {
          "text": {
            "content": "kibbles",
            "beginOffset": -1
          },
          "type": "COMMON"
        }
      ]
    }
  ],
  "documentSentiment": {
    "magnitude": 1.5,
    "score": 0.1
  },
  "language": "en",
  "categories": []
}
