{
  "sentences": [
    {
      "text": {
        "content": "Trying to find somebody who wants to adopt a male puppy....",
        "beginOffset": -1
      },
      "sentiment": {
        "magnitude": 0.3,
        "score": -0.3
      }
    },
    {
      "text": {
        "content": "As you can see, he's only as big as a small cat...",
        "beginOffset": -1
      },
      "sentiment": {
        "magnitude": 0.2,
        "score": 0.2
      }
    },
    {
      "text": {
        "content": "Please whatsapp or sms me at...",
        "beginOffset": -1
      },
      "sentiment": {
        "magnitude": 0.1,
        "score": 0.1
      }
    },
    {
      "text": {
        "content": "I'm located at Jasmine Park, Taman Putri Kulai, Kulaijaya, Johor Yesterday morning, i was tending to my cats...",
        "beginOffset": -1
      },
      "sentiment": {
        "magnitude": 0.2,
        "score": 0.2
      }
    },
    {
      "text": {
        "content": "It was around 7:45 AM...",
        "beginOffset": -1
      },
      "sentiment": {
        "magnitude": 0,
        "score": 0
      }
    },
    {
      "text": {
        "content": "It was Monday, 12 January...",
        "beginOffset": -1
      },
      "sentiment": {
        "magnitude": 0,
        "score": 0
      }
    },
    {
      "text": {
        "content": "I was outside the house at Jasmine Park, guarded area and have fences around the houses...",
        "beginOffset": -1
      },
      "sentiment": {
        "magnitude": 0.2,
        "score": 0.2
      }
    },
    {
      "text": {
        "content": "I heard a screaming sound...",
        "beginOffset": -1
      },
      "sentiment": {
        "magnitude": 0.1,
        "score": -0.1
      }
    },
    {
      "text": {
        "content": "I thought it was a cat screaming...",
        "beginOffset": -1
      },
      "sentiment": {
        "magnitude": 0,
        "score": 0
      }
    },
    {
      "text": {
        "content": "But then my sister went to look for it and she saw a dog running scared in the middle of the street...",
        "beginOffset": -1
      },
      "sentiment": {
        "magnitude": 0.3,
        "score": 0.3
      }
    },
    {
      "text": {
        "content": "On the main road (jalan besar) in front of my house...",
        "beginOffset": -1
      },
      "sentiment": {
        "magnitude": 0.4,
        "score": -0.4
      }
    },
    {
      "text": {
        "content": "People were busy going to work, school...",
        "beginOffset": -1
      },
      "sentiment": {
        "magnitude": 0,
        "score": 0
      }
    },
    {
      "text": {
        "content": "They tried to avoid hitting the dog...",
        "beginOffset": -1
      },
      "sentiment": {
        "magnitude": 0.3,
        "score": -0.3
      }
    },
    {
      "text": {
        "content": "But i'm afraid something worse would happen....",
        "beginOffset": -1
      },
      "sentiment": {
        "magnitude": 0.1,
        "score": 0.1
      }
    },
    {
      "text": {
        "content": "Immediately i grabbed a pair of gloves and run to the main road...",
        "beginOffset": -1
      },
      "sentiment": {
        "magnitude": 0,
        "score": 0
      }
    },
    {
      "text": {
        "content": "i caught the dog...",
        "beginOffset": -1
      },
      "sentiment": {
        "magnitude": 0.1,
        "score": 0.1
      }
    },
    {
      "text": {
        "content": "Fortunately all cars were slowing down..",
        "beginOffset": -1
      },
      "sentiment": {
        "magnitude": 0.2,
        "score": -0.2
      }
    },
    {
      "text": {
        "content": "Probably because they saw me trying to save that dog...",
        "beginOffset": -1
      },
      "sentiment": {
        "magnitude": 0,
        "score": 0
      }
    },
    {
      "text": {
        "content": "That dog was clean...",
        "beginOffset": -1
      },
      "sentiment": {
        "magnitude": 0.3,
        "score": 0.3
      }
    },
    {
      "text": {
        "content": "No sign of it like it was a stray dog...",
        "beginOffset": -1
      },
      "sentiment": {
        "magnitude": 0.8,
        "score": -0.8
      }
    },
    {
      "text": {
        "content": "Then i asked around...",
        "beginOffset": -1
      },
      "sentiment": {
        "magnitude": 0,
        "score": 0
      }
    },
    {
      "text": {
        "content": "They saw someone, an Indian guy, with motorcycle, dump the dog near the main street...",
        "beginOffset": -1
      },
      "sentiment": {
        "magnitude": 0.7,
        "score": -0.7
      }
    },
    {
      "text": {
        "content": "I got the dog safely to my house, put it in the cage...",
        "beginOffset": -1
      },
      "sentiment": {
        "magnitude": 0.7,
        "score": 0.7
      }
    },
    {
      "text": {
        "content": "Just so you know, i'm a Malay...",
        "beginOffset": -1
      },
      "sentiment": {
        "magnitude": 0.2,
        "score": 0.2
      }
    },
    {
      "text": {
        "content": "Have more than 23 cats in my care...",
        "beginOffset": -1
      },
      "sentiment": {
        "magnitude": 0.3,
        "score": 0.3
      }
    },
    {
      "text": {
        "content": "I couldn't afford to care for a dog because of few difficulties..",
        "beginOffset": -1
      },
      "sentiment": {
        "magnitude": 0.1,
        "score": 0.1
      }
    },
    {
      "text": {
        "content": "I think some of you would know...",
        "beginOffset": -1
      },
      "sentiment": {
        "magnitude": 0.4,
        "score": 0.4
      }
    },
    {
      "text": {
        "content": "No need for me to explain it.",
        "beginOffset": -1
      },
      "sentiment": {
        "magnitude": 0,
        "score": 0
      }
    },
    {
      "text": {
        "content": "So it would be helpful if somebody could adopt this dog...",
        "beginOffset": -1
      },
      "sentiment": {
        "magnitude": 0.2,
        "score": 0.2
      }
    },
    {
      "text": {
        "content": "I think it is a boy...",
        "beginOffset": -1
      },
      "sentiment": {
        "magnitude": 0.1,
        "score": 0.1
      }
    },
    {
      "text": {
        "content": "Judging from the male part , his character that is so manja...",
        "beginOffset": -1
      },
      "sentiment": {
        "magnitude": 0.1,
        "score": -0.1
      }
    },
    {
      "text": {
        "content": "I live in JASMINE PARK, Taman Putri, Kulaijaya, Johor...",
        "beginOffset": -1
      },
      "sentiment": {
        "magnitude": 0.2,
        "score": 0.2
      }
    }
  ],
  "tokens": [],
  "entities": [
    {
      "name": "somebody",
      "type": "PERSON",
      "metadata": {},
      "salience": 0.4472698,
      "mentions": [
        {
          "text": {
            "content": "somebody",
            "beginOffset": -1
          },
          "type": "COMMON"
        }
      ]
    },
    {
      "name": "Jasmine Park",
      "type": "LOCATION",
      "metadata": {
        "mid": "/g/11d_bhx_f9"
      },
      "salience": 0.07648147,
      "mentions": [
        {
          "text": {
            "content": "Jasmine Park",
            "beginOffset": -1
          },
          "type": "PROPER"
        },
        {
          "text": {
            "content": "Jasmine Park",
            "beginOffset": -1
          },
          "type": "PROPER"
        },
        {
          "text": {
            "content": "area",
            "beginOffset": -1
          },
          "type": "COMMON"
        },
        {
          "text": {
            "content": "JASMINE PARK",
            "beginOffset": -1
          },
          "type": "PROPER"
        }
      ]
    },
    {
      "name": "puppy",
      "type": "OTHER",
      "metadata": {},
      "salience": 0.046433084,
      "mentions": [
        {
          "text": {
            "content": "puppy",
            "beginOffset": -1
          },
          "type": "COMMON"
        }
      ]
    },
    {
      "name": "dog",
      "type": "OTHER",
      "metadata": {},
      "salience": 0.04373626,
      "mentions": [
        {
          "text": {
            "content": "dog",
            "beginOffset": -1
          },
          "type": "COMMON"
        },
        {
          "text": {
            "content": "dog",
            "beginOffset": -1
          },
          "type": "COMMON"
        },
        {
          "text": {
            "content": "dog",
            "beginOffset": -1
          },
          "type": "COMMON"
        }
      ]
    },
    {
      "name": "sign",
      "type": "OTHER",
      "metadata": {},
      "salience": 0.04295235,
      "mentions": [
        {
          "text": {
            "content": "sign",
            "beginOffset": -1
          },
          "type": "COMMON"
        },
        {
          "text": {
            "content": "dog",
            "beginOffset": -1
          },
          "type": "COMMON"
        },
        {
          "text": {
            "content": "dog",
            "beginOffset": -1
          },
          "type": "COMMON"
        },
        {
          "text": {
            "content": "dog",
            "beginOffset": -1
          },
          "type": "COMMON"
        }
      ]
    },
    {
      "name": "cat",
      "type": "OTHER",
      "metadata": {},
      "salience": 0.030447207,
      "mentions": [
        {
          "text": {
            "content": "cat",
            "beginOffset": -1
          },
          "type": "COMMON"
        }
      ]
    },
    {
      "name": "cat",
      "type": "OTHER",
      "metadata": {},
      "salience": 0.025517464,
      "mentions": [
        {
          "text": {
            "content": "cat",
            "beginOffset": -1
          },
          "type": "COMMON"
        }
      ]
    },
    {
      "name": "Taman Putri Kulai",
      "type": "LOCATION",
      "metadata": {
        "mid": "/g/1hc5q2xq2"
      },
      "salience": 0.021752762,
      "mentions": [
        {
          "text": {
            "content": "Taman Putri Kulai",
            "beginOffset": -1
          },
          "type": "PROPER"
        },
        {
          "text": {
            "content": "Taman Putri",
            "beginOffset": -1
          },
          "type": "PROPER"
        }
      ]
    },
    {
      "name": "sister",
      "type": "PERSON",
      "metadata": {},
      "salience": 0.019270249,
      "mentions": [
        {
          "text": {
            "content": "sister",
            "beginOffset": -1
          },
          "type": "COMMON"
        }
      ]
    },
    {
      "name": "something",
      "type": "OTHER",
      "metadata": {},
      "salience": 0.014590891,
      "mentions": [
        {
          "text": {
            "content": "something",
            "beginOffset": -1
          },
          "type": "COMMON"
        }
      ]
    },
    {
      "name": "Kulaijaya",
      "type": "LOCATION",
      "metadata": {
        "mid": "/m/03m6s10",
        "wikipedia_url": "https://en.wikipedia.org/wiki/Kulai_District"
      },
      "salience": 0.0133263,
      "mentions": [
        {
          "text": {
            "content": "Kulaijaya",
            "beginOffset": -1
          },
          "type": "PROPER"
        },
        {
          "text": {
            "content": "Kulaijaya",
            "beginOffset": -1
          },
          "type": "PROPER"
        }
      ]
    },
    {
      "name": "Johor",
      "type": "LOCATION",
      "metadata": {
        "mid": "/m/01jng9",
        "wikipedia_url": "https://en.wikipedia.org/wiki/Johor"
      },
      "salience": 0.012157916,
      "mentions": [
        {
          "text": {
            "content": "Johor",
            "beginOffset": -1
          },
          "type": "PROPER"
        },
        {
          "text": {
            "content": "Johor",
            "beginOffset": -1
          },
          "type": "PROPER"
        }
      ]
    },
    {
      "name": "house",
      "type": "LOCATION",
      "metadata": {},
      "salience": 0.011234848,
      "mentions": [
        {
          "text": {
            "content": "house",
            "beginOffset": -1
          },
          "type": "COMMON"
        }
      ]
    },
    {
      "name": "need",
      "type": "OTHER",
      "metadata": {},
      "salience": 0.009934704,
      "mentions": [
        {
          "text": {
            "content": "need",
            "beginOffset": -1
          },
          "type": "COMMON"
        }
      ]
    },
    {
      "name": "dog",
      "type": "OTHER",
      "metadata": {},
      "salience": 0.009712931,
      "mentions": [
        {
          "text": {
            "content": "dog",
            "beginOffset": -1
          },
          "type": "COMMON"
        }
      ]
    },
    {
      "name": "dog",
      "type": "OTHER",
      "metadata": {},
      "salience": 0.009681689,
      "mentions": [
        {
          "text": {
            "content": "dog",
            "beginOffset": -1
          },
          "type": "COMMON"
        }
      ]
    },
    {
      "name": "cats",
      "type": "OTHER",
      "metadata": {},
      "salience": 0.009610297,
      "mentions": [
        {
          "text": {
            "content": "cats",
            "beginOffset": -1
          },
          "type": "COMMON"
        }
      ]
    },
    {
      "name": "part",
      "type": "OTHER",
      "metadata": {},
      "salience": 0.008354799,
      "mentions": [
        {
          "text": {
            "content": "part",
            "beginOffset": -1
          },
          "type": "COMMON"
        }
      ]
    },
    {
      "name": "fences",
      "type": "OTHER",
      "metadata": {},
      "salience": 0.008282898,
      "mentions": [
        {
          "text": {
            "content": "fences",
            "beginOffset": -1
          },
          "type": "COMMON"
        }
      ]
    },
    {
      "name": "someone",
      "type": "PERSON",
      "metadata": {},
      "salience": 0.0077952202,
      "mentions": [
        {
          "text": {
            "content": "someone",
            "beginOffset": -1
          },
          "type": "COMMON"
        },
        {
          "text": {
            "content": "guy",
            "beginOffset": -1
          },
          "type": "COMMON"
        }
      ]
    },
    {
      "name": "house",
      "type": "LOCATION",
      "metadata": {},
      "salience": 0.007635069,
      "mentions": [
        {
          "text": {
            "content": "house",
            "beginOffset": -1
          },
          "type": "COMMON"
        }
      ]
    },
    {
      "name": "houses",
      "type": "LOCATION",
      "metadata": {},
      "salience": 0.0075838272,
      "mentions": [
        {
          "text": {
            "content": "houses",
            "beginOffset": -1
          },
          "type": "COMMON"
        }
      ]
    },
    {
      "name": "dog",
      "type": "OTHER",
      "metadata": {},
      "salience": 0.0067222756,
      "mentions": [
        {
          "text": {
            "content": "dog",
            "beginOffset": -1
          },
          "type": "COMMON"
        }
      ]
    },
    {
      "name": "People",
      "type": "PERSON",
      "metadata": {},
      "salience": 0.0064504007,
      "mentions": [
        {
          "text": {
            "content": "People",
            "beginOffset": -1
          },
          "type": "COMMON"
        }
      ]
    },
    {
      "name": "street",
      "type": "LOCATION",
      "metadata": {},
      "salience": 0.0064134607,
      "mentions": [
        {
          "text": {
            "content": "street",
            "beginOffset": -1
          },
          "type": "COMMON"
        }
      ]
    },
    {
      "name": "road",
      "type": "LOCATION",
      "metadata": {},
      "salience": 0.006405951,
      "mentions": [
        {
          "text": {
            "content": "road",
            "beginOffset": -1
          },
          "type": "COMMON"
        }
      ]
    },
    {
      "name": "road",
      "type": "LOCATION",
      "metadata": {},
      "salience": 0.0059277946,
      "mentions": [
        {
          "text": {
            "content": "road",
            "beginOffset": -1
          },
          "type": "COMMON"
        }
      ]
    },
    {
      "name": "front",
      "type": "OTHER",
      "metadata": {},
      "salience": 0.0056968606,
      "mentions": [
        {
          "text": {
            "content": "front",
            "beginOffset": -1
          },
          "type": "COMMON"
        }
      ]
    },
    {
      "name": "school",
      "type": "ORGANIZATION",
      "metadata": {},
      "salience": 0.0056907693,
      "mentions": [
        {
          "text": {
            "content": "school",
            "beginOffset": -1
          },
          "type": "COMMON"
        }
      ]
    },
    {
      "name": "gloves",
      "type": "OTHER",
      "metadata": {},
      "salience": 0.005675177,
      "mentions": [
        {
          "text": {
            "content": "gloves",
            "beginOffset": -1
          },
          "type": "COMMON"
        }
      ]
    },
    {
      "name": "pair",
      "type": "OTHER",
      "metadata": {},
      "salience": 0.005675177,
      "mentions": [
        {
          "text": {
            "content": "pair",
            "beginOffset": -1
          },
          "type": "COMMON"
        }
      ]
    },
    {
      "name": "sound",
      "type": "OTHER",
      "metadata": {},
      "salience": 0.0056493203,
      "mentions": [
        {
          "text": {
            "content": "sound",
            "beginOffset": -1
          },
          "type": "COMMON"
        }
      ]
    },
    {
      "name": "middle",
      "type": "OTHER",
      "metadata": {},
      "salience": 0.0056338413,
      "mentions": [
        {
          "text": {
            "content": "middle",
            "beginOffset": -1
          },
          "type": "COMMON"
        }
      ]
    },
    {
      "name": "cars",
      "type": "CONSUMER_GOOD",
      "metadata": {},
      "salience": 0.0051991055,
      "mentions": [
        {
          "text": {
            "content": "cars",
            "beginOffset": -1
          },
          "type": "COMMON"
        }
      ]
    },
    {
      "name": "dog",
      "type": "OTHER",
      "metadata": {},
      "salience": 0.0046997434,
      "mentions": [
        {
          "text": {
            "content": "dog",
            "beginOffset": -1
          },
          "type": "COMMON"
        }
      ]
    },
    {
      "name": "cats",
      "type": "OTHER",
      "metadata": {},
      "salience": 0.004278576,
      "mentions": [
        {
          "text": {
            "content": "cats",
            "beginOffset": -1
          },
          "type": "COMMON"
        }
      ]
    },
    {
      "name": "care",
      "type": "OTHER",
      "metadata": {},
      "salience": 0.0038994597,
      "mentions": [
        {
          "text": {
            "content": "care",
            "beginOffset": -1
          },
          "type": "COMMON"
        }
      ]
    },
    {
      "name": "difficulties",
      "type": "OTHER",
      "metadata": {},
      "salience": 0.0038975785,
      "mentions": [
        {
          "text": {
            "content": "difficulties",
            "beginOffset": -1
          },
          "type": "COMMON"
        }
      ]
    },
    {
      "name": "somebody",
      "type": "PERSON",
      "metadata": {},
      "salience": 0.0036521843,
      "mentions": [
        {
          "text": {
            "content": "somebody",
            "beginOffset": -1
          },
          "type": "COMMON"
        }
      ]
    },
    {
      "name": "boy",
      "type": "PERSON",
      "metadata": {},
      "salience": 0.003482893,
      "mentions": [
        {
          "text": {
            "content": "boy",
            "beginOffset": -1
          },
          "type": "COMMON"
        }
      ]
    },
    {
      "name": "jalan besar",
      "type": "LOCATION",
      "metadata": {},
      "salience": 0.0033676962,
      "mentions": [
        {
          "text": {
            "content": "jalan besar",
            "beginOffset": -1
          },
          "type": "PROPER"
        }
      ]
    },
    {
      "name": "character",
      "type": "PERSON",
      "metadata": {},
      "salience": 0.0027219332,
      "mentions": [
        {
          "text": {
            "content": "character",
            "beginOffset": -1
          },
          "type": "COMMON"
        }
      ]
    },
    {
      "name": "Malay",
      "type": "PERSON",
      "metadata": {},
      "salience": 0.0023057768,
      "mentions": [
        {
          "text": {
            "content": "Malay",
            "beginOffset": -1
          },
          "type": "PROPER"
        }
      ]
    },
    {
      "name": "house",
      "type": "LOCATION",
      "metadata": {},
      "salience": 0.0022945344,
      "mentions": [
        {
          "text": {
            "content": "house",
            "beginOffset": -1
          },
          "type": "COMMON"
        }
      ]
    },
    {
      "name": "some",
      "type": "PERSON",
      "metadata": {},
      "salience": 0.0021055199,
      "mentions": [
        {
          "text": {
            "content": "some",
            "beginOffset": -1
          },
          "type": "COMMON"
        }
      ]
    },
    {
      "name": "street",
      "type": "LOCATION",
      "metadata": {},
      "salience": 0.0019495258,
      "mentions": [
        {
          "text": {
            "content": "street",
            "beginOffset": -1
          },
          "type": "COMMON"
        }
      ]
    },
    {
      "name": "motorcycle",
      "type": "CONSUMER_GOOD",
      "metadata": {},
      "salience": 0.0017122426,
      "mentions": [
        {
          "text": {
            "content": "motorcycle",
            "beginOffset": -1
          },
          "type": "COMMON"
        }
      ]
    },
    {
      "name": "cage",
      "type": "OTHER",
      "metadata": {},
      "salience": 0.0017113058,
      "mentions": [
        {
          "text": {
            "content": "cage",
            "beginOffset": -1
          },
          "type": "COMMON"
        }
      ]
    },
    {
      "name": "Indian",
      "type": "LOCATION",
      "metadata": {},
      "salience": 0.0010116609,
      "mentions": [
        {
          "text": {
            "content": "Indian",
            "beginOffset": -1
          },
          "type": "PROPER"
        }
      ]
    }
  ],
  "documentSentiment": {
    "magnitude": 7.8,
    "score": 0
  },
  "language": "en",
  "categories": []
}
