{
  "sentences": [
    {
      "text": {
        "content": "Everyone calls me Spunky cos I like to galavant and is full of energy.",
        "beginOffset": -1
      },
      "sentiment": {
        "magnitude": 0.5,
        "score": 0.5
      }
    },
    {
      "text": {
        "content": "I love to eat too.",
        "beginOffset": -1
      },
      "sentiment": {
        "magnitude": 0.8,
        "score": 0.8
      }
    },
    {
      "text": {
        "content": "My owners say when they see me, they see a ball of white fur rolling around the house.",
        "beginOffset": -1
      },
      "sentiment": {
        "magnitude": 0,
        "score": 0
      }
    },
    {
      "text": {
        "content": "I wonder why.",
        "beginOffset": -1
      },
      "sentiment": {
        "magnitude": 0,
        "score": 0
      }
    }
  ],
  "tokens": [],
  "entities": [
    {
      "name": "cos",
      "type": "OTHER",
      "metadata": {},
      "salience": 0.4143506,
      "mentions": [
        {
          "text": {
            "content": "cos",
            "beginOffset": -1
          },
          "type": "COMMON"
        }
      ]
    },
    {
      "name": "Everyone",
      "type": "PERSON",
      "metadata": {},
      "salience": 0.35976356,
      "mentions": [
        {
          "text": {
            "content": "Everyone",
            "beginOffset": -1
          },
          "type": "COMMON"
        }
      ]
    },
    {
      "name": "energy",
      "type": "OTHER",
      "metadata": {},
      "salience": 0.09982432,
      "mentions": [
        {
          "text": {
            "content": "energy",
            "beginOffset": -1
          },
          "type": "COMMON"
        }
      ]
    },
    {
      "name": "owners",
      "type": "PERSON",
      "metadata": {},
      "salience": 0.04307778,
      "mentions": [
        {
          "text": {
            "content": "owners",
            "beginOffset": -1
          },
          "type": "COMMON"
        }
      ]
    },
    {
      "name": "fur",
      "type": "OTHER",
      "metadata": {},
      "salience": 0.034000464,
      "mentions": [
        {
          "text": {
            "content": "fur",
            "beginOffset": -1
          },
          "type": "COMMON"
        }
      ]
    },
    {
      "name": "house",
      "type": "LOCATION",
      "metadata": {},
      "salience": 0.034000464,
      "mentions": [
        {
          "text": {
            "content": "house",
            "beginOffset": -1
          },
          "type": "COMMON"
        }
      ]
    },
    {
      "name": "ball",
      "type": "OTHER",
      "metadata": {},
      "salience": 0.014982816,
      "mentions": [
        {
          "text": {
            "content": "ball",
            "beginOffset": -1
          },
          "type": "COMMON"
        }
      ]
    }
  ],
  "documentSentiment": {
    "magnitude": 1.4,
    "score": 0.3
  },
  "language": "en",
  "categories": []
}
