{
  "sentences": [
    {
      "text": {
        "content": "Dog is in healthy condition and has up to date vaccinations.",
        "beginOffset": -1
      },
      "sentiment": {
        "magnitude": 0.4,
        "score": 0.4
      }
    },
    {
      "text": {
        "content": "No injuries or other health issues.",
        "beginOffset": -1
      },
      "sentiment": {
        "magnitude": 0.1,
        "score": -0.1
      }
    },
    {
      "text": {
        "content": "He has been an inside dog to this point, and is reasonably potty trained with a tray, although he still has accidents from time to time due to his young age.",
        "beginOffset": -1
      },
      "sentiment": {
        "magnitude": 0.6,
        "score": 0.6
      }
    },
    {
      "text": {
        "content": "He is playful and friendly, with a lot of energy.",
        "beginOffset": -1
      },
      "sentiment": {
        "magnitude": 0.9,
        "score": 0.9
      }
    },
    {
      "text": {
        "content": "Pup is already taken.",
        "beginOffset": -1
      },
      "sentiment": {
        "magnitude": 0,
        "score": 0
      }
    },
    {
      "text": {
        "content": "Thanks for ur interest.",
        "beginOffset": -1
      },
      "sentiment": {
        "magnitude": 0.2,
        "score": 0.2
      }
    }
  ],
  "tokens": [],
  "entities": [
    {
      "name": "Dog",
      "type": "OTHER",
      "metadata": {},
      "salience": 0.30018955,
      "mentions": [
        {
          "text": {
            "content": "Dog",
            "beginOffset": -1
          },
          "type": "COMMON"
        }
      ]
    },
    {
      "name": "condition",
      "type": "OTHER",
      "metadata": {},
      "salience": 0.22592413,
      "mentions": [
        {
          "text": {
            "content": "condition",
            "beginOffset": -1
          },
          "type": "COMMON"
        }
      ]
    },
    {
      "name": "dog",
      "type": "OTHER",
      "metadata": {},
      "salience": 0.11703454,
      "mentions": [
        {
          "text": {
            "content": "dog",
            "beginOffset": -1
          },
          "type": "COMMON"
        }
      ]
    },
    {
      "name": "date vaccinations",
      "type": "OTHER",
      "metadata": {},
      "salience": 0.090055615,
      "mentions": [
        {
          "text": {
            "content": "date vaccinations",
            "beginOffset": -1
          },
          "type": "COMMON"
        }
      ]
    },
    {
      "name": "injuries",
      "type": "OTHER",
      "metadata": {},
      "salience": 0.043930434,
      "mentions": [
        {
          "text": {
            "content": "injuries",
            "beginOffset": -1
          },
          "type": "COMMON"
        }
      ]
    },
    {
      "name": "health issues",
      "type": "OTHER",
      "metadata": {},
      "salience": 0.043930434,
      "mentions": [
        {
          "text": {
            "content": "health issues",
            "beginOffset": -1
          },
          "type": "COMMON"
        }
      ]
    },
    {
      "name": "tray",
      "type": "CONSUMER_GOOD",
      "metadata": {},
      "salience": 0.029993352,
      "mentions": [
        {
          "text": {
            "content": "tray",
            "beginOffset": -1
          },
          "type": "COMMON"
        }
      ]
    },
    {
      "name": "point",
      "type": "OTHER",
      "metadata": {},
      "salience": 0.029630179,
      "mentions": [
        {
          "text": {
            "content": "point",
            "beginOffset": -1
          },
          "type": "COMMON"
        }
      ]
    },
    {
      "name": "accidents",
      "type": "EVENT",
      "metadata": {},
      "salience": 0.027540717,
      "mentions": [
        {
          "text": {
            "content": "accidents",
            "beginOffset": -1
          },
          "type": "COMMON"
        }
      ]
    },
    {
      "name": "lot",
      "type": "OTHER",
      "metadata": {},
      "salience": 0.020725153,
      "mentions": [
        {
          "text": {
            "content": "lot",
            "beginOffset": -1
          },
          "type": "COMMON"
        }
      ]
    },
    {
      "name": "energy",
      "type": "OTHER",
      "metadata": {},
      "salience": 0.020725153,
      "mentions": [
        {
          "text": {
            "content": "energy",
            "beginOffset": -1
          },
          "type": "COMMON"
        }
      ]
    },
    {
      "name": "Thanks",
      "type": "OTHER",
      "metadata": {},
      "salience": 0.014461066,
      "mentions": [
        {
          "text": {
            "content": "Thanks",
            "beginOffset": -1
          },
          "type": "COMMON"
        }
      ]
    },
    {
      "name": "interest",
      "type": "OTHER",
      "metadata": {},
      "salience": 0.014461066,
      "mentions": [
        {
          "text": {
            "content": "interest",
            "beginOffset": -1
          },
          "type": "COMMON"
        }
      ]
    },
    {
      "name": "Pup",
      "type": "PERSON",
      "metadata": {},
      "salience": 0.012247441,
      "mentions": [
        {
          "text": {
            "content": "Pup",
            "beginOffset": -1
          },
          "type": "PROPER"
        }
      ]
    },
    {
      "name": "age",
      "type": "OTHER",
      "metadata": {},
      "salience": 0.009151176,
      "mentions": [
        {
          "text": {
            "content": "age",
            "beginOffset": -1
          },
          "type": "COMMON"
        }
      ]
    }
  ],
  "documentSentiment": {
    "magnitude": 2.5,
    "score": 0.3
  },
  "language": "en",
  "categories": []
}
