{
  "sentences": [
    {
      "text": {
        "content": "Name: AS-Puppy-02 Age: 1 month Gender: Female Breed: Mixed/Mongrel For adoption, please contact April at.",
        "beginOffset": -1
      },
      "sentiment": {
        "magnitude": 0,
        "score": 0
      }
    }
  ],
  "tokens": [],
  "entities": [
    {
      "name": "Name",
      "type": "OTHER",
      "metadata": {},
      "salience": 0.7569246,
      "mentions": [
        {
          "text": {
            "content": "Name",
            "beginOffset": -1
          },
          "type": "COMMON"
        }
      ]
    },
    {
      "name": "Gender: Female Breed: Mixed/Mongrel For",
      "type": "WORK_OF_ART",
      "metadata": {},
      "salience": 0.15408204,
      "mentions": [
        {
          "text": {
            "content": "Gender: Female Breed: Mixed/Mongrel For",
            "beginOffset": -1
          },
          "type": "PROPER"
        }
      ]
    },
    {
      "name": "adoption",
      "type": "OTHER",
      "metadata": {},
      "salience": 0.088993326,
      "mentions": [
        {
          "text": {
            "content": "adoption",
            "beginOffset": -1
          },
          "type": "COMMON"
        }
      ]
    }
  ],
  "documentSentiment": {
    "magnitude": 0,
    "score": 0
  },
  "language": "en",
  "categories": []
}
