{
  "sentences": [
    {
      "text": {
        "content": "spotty girl is a cat version of a dalmation or a cow ...",
        "beginOffset": -1
      },
      "sentiment": {
        "magnitude": 0.3,
        "score": -0.3
      }
    }
  ],
  "tokens": [],
  "entities": [
    {
      "name": "girl",
      "type": "PERSON",
      "metadata": {},
      "salience": 0.5398454,
      "mentions": [
        {
          "text": {
            "content": "girl",
            "beginOffset": -1
          },
          "type": "COMMON"
        }
      ]
    },
    {
      "name": "cat version",
      "type": "WORK_OF_ART",
      "metadata": {},
      "salience": 0.1984913,
      "mentions": [
        {
          "text": {
            "content": "cat version",
            "beginOffset": -1
          },
          "type": "COMMON"
        }
      ]
    },
    {
      "name": "dalmation",
      "type": "PERSON",
      "metadata": {},
      "salience": 0.14770703,
      "mentions": [
        {
          "text": {
            "content": "dalmation",
            "beginOffset": -1
          },
          "type": "COMMON"
        }
      ]
    },
    {
      "name": "cow",
      "type": "OTHER",
      "metadata": {},
      "salience": 0.11395626,
      "mentions": [
        {
          "text": {
            "content": "cow",
            "beginOffset": -1
          },
          "type": "COMMON"
        }
      ]
    }
  ],
  "documentSentiment": {
    "magnitude": 0.3,
    "score": -0.3
  },
  "language": "en",
  "categories": []
}
