{
  "sentences": [
    {
      "text": {
        "content": "Someone throw puppies in front my office.",
        "beginOffset": -1
      },
      "sentiment": {
        "magnitude": 0.2,
        "score": -0.2
      }
    },
    {
      "text": {
        "content": "Hope you guys can come to foster them as soon as possible as i couldn't raise them for long time at office.",
        "beginOffset": -1
      },
      "sentiment": {
        "magnitude": 0,
        "score": 0
      }
    }
  ],
  "tokens": [],
  "entities": [
    {
      "name": "Someone throw puppies",
      "type": "OTHER",
      "metadata": {},
      "salience": 0.3159895,
      "mentions": [
        {
          "text": {
            "content": "Someone throw puppies",
            "beginOffset": -1
          },
          "type": "COMMON"
        }
      ]
    },
    {
      "name": "front",
      "type": "OTHER",
      "metadata": {},
      "salience": 0.3159895,
      "mentions": [
        {
          "text": {
            "content": "front",
            "beginOffset": -1
          },
          "type": "COMMON"
        }
      ]
    },
    {
      "name": "guys",
      "type": "PERSON",
      "metadata": {},
      "salience": 0.19346352,
      "mentions": [
        {
          "text": {
            "content": "guys",
            "beginOffset": -1
          },
          "type": "COMMON"
        }
      ]
    },
    {
      "name": "office",
      "type": "OTHER",
      "metadata": {},
      "salience": 0.14935341,
      "mentions": [
        {
          "text": {
            "content": "office",
            "beginOffset": -1
          },
          "type": "COMMON"
        }
      ]
    },
    {
      "name": "office",
      "type": "LOCATION",
      "metadata": {},
      "salience": 0.025204102,
      "mentions": [
        {
          "text": {
            "content": "office",
            "beginOffset": -1
          },
          "type": "COMMON"
        }
      ]
    }
  ],
  "documentSentiment": {
    "magnitude": 0.2,
    "score": -0.1
  },
  "language": "en",
  "categories": []
}
