{
  "sentences": [
    {
      "text": {
        "content": "A good temper pup needs a good home with lots of love.",
        "beginOffset": -1
      },
      "sentiment": {
        "magnitude": 0.8,
        "score": 0.8
      }
    },
    {
      "text": {
        "content": "And you'll be given back 10 times more.",
        "beginOffset": -1
      },
      "sentiment": {
        "magnitude": 0,
        "score": 0
      }
    }
  ],
  "tokens": [],
  "entities": [
    {
      "name": "temper pup",
      "type": "PERSON",
      "metadata": {},
      "salience": 0.3068412,
      "mentions": [
        {
          "text": {
            "content": "temper pup",
            "beginOffset": -1
          },
          "type": "COMMON"
        }
      ]
    },
    {
      "name": "lots",
      "type": "OTHER",
      "metadata": {},
      "salience": 0.21661623,
      "mentions": [
        {
          "text": {
            "content": "lots",
            "beginOffset": -1
          },
          "type": "COMMON"
        }
      ]
    },
    {
      "name": "love",
      "type": "OTHER",
      "metadata": {},
      "salience": 0.21661623,
      "mentions": [
        {
          "text": {
            "content": "love",
            "beginOffset": -1
          },
          "type": "COMMON"
        }
      ]
    },
    {
      "name": "home",
      "type": "LOCATION",
      "metadata": {},
      "salience": 0.18445452,
      "mentions": [
        {
          "text": {
            "content": "home",
            "beginOffset": -1
          },
          "type": "COMMON"
        }
      ]
    },
    {
      "name": "times",
      "type": "OTHER",
      "metadata": {},
      "salience": 0.07547185,
      "mentions": [
        {
          "text": {
            "content": "times",
            "beginOffset": -1
          },
          "type": "COMMON"
        }
      ]
    }
  ],
  "documentSentiment": {
    "magnitude": 0.9,
    "score": 0.4
  },
  "language": "en",
  "categories": []
}
