{
  "sentences": [
    {
      "text": {
        "content": "Loki is 3/4 months old.",
        "beginOffset": -1
      },
      "sentiment": {
        "magnitude": 0,
        "score": 0
      }
    },
    {
      "text": {
        "content": "He is very friendly and needs a loving home.",
        "beginOffset": -1
      },
      "sentiment": {
        "magnitude": 0.9,
        "score": 0.9
      }
    }
  ],
  "tokens": [],
  "entities": [
    {
      "name": "Loki",
      "type": "PERSON",
      "metadata": {
        "mid": "/m/05pnb1",
        "wikipedia_url": "https://en.wikipedia.org/wiki/Loki_(comics)"
      },
      "salience": 0.9565586,
      "mentions": [
        {
          "text": {
            "content": "Loki",
            "beginOffset": -1
          },
          "type": "PROPER"
        }
      ]
    },
    {
      "name": "home",
      "type": "LOCATION",
      "metadata": {},
      "salience": 0.043441415,
      "mentions": [
        {
          "text": {
            "content": "home",
            "beginOffset": -1
          },
          "type": "COMMON"
        }
      ]
    }
  ],
  "documentSentiment": {
    "magnitude": 0.9,
    "score": 0.4
  },
  "language": "en",
  "categories": []
}
