{
  "sentences": [
    {
      "text": {
        "content": "Dear Dog Lovers~ here are 5 puppy girl is waiting for a Lovely Home~ Please take some time to read the puppies stories.",
        "beginOffset": -1
      },
      "sentiment": {
        "magnitude": 0.8,
        "score": 0.8
      }
    },
    {
      "text": {
        "content": "* We were born at a dirty street.",
        "beginOffset": -1
      },
      "sentiment": {
        "magnitude": 0.6,
        "score": -0.6
      }
    },
    {
      "text": {
        "content": "After some days ago, our mama is passed away.",
        "beginOffset": -1
      },
      "sentiment": {
        "magnitude": 0.1,
        "score": 0.1
      }
    },
    {
      "text": {
        "content": "We don't have any milk to full our stomach and don't have place to keep us away from the rain.",
        "beginOffset": -1
      },
      "sentiment": {
        "magnitude": 0.5,
        "score": -0.5
      }
    },
    {
      "text": {
        "content": "All these days we are living with mouse everywhere in this street.",
        "beginOffset": -1
      },
      "sentiment": {
        "magnitude": 0.1,
        "score": -0.1
      }
    },
    {
      "text": {
        "content": "We really can't survive with this situation.",
        "beginOffset": -1
      },
      "sentiment": {
        "magnitude": 0,
        "score": 0
      }
    },
    {
      "text": {
        "content": "Althought we thought that our lives is gonna taken by grim reaper.",
        "beginOffset": -1
      },
      "sentiment": {
        "magnitude": 0,
        "score": 0
      }
    },
    {
      "text": {
        "content": "But here comes a kind women (li mei) who saw us and saves us from that bad enviroment.",
        "beginOffset": -1
      },
      "sentiment": {
        "magnitude": 0.7,
        "score": 0.7
      }
    },
    {
      "text": {
        "content": "She bring us to her home and taking good care every day and night.",
        "beginOffset": -1
      },
      "sentiment": {
        "magnitude": 0.8,
        "score": 0.8
      }
    },
    {
      "text": {
        "content": "Unfortunely, one of our sister has not gonna make it and she is passed away.",
        "beginOffset": -1
      },
      "sentiment": {
        "magnitude": 0.1,
        "score": -0.1
      }
    },
    {
      "text": {
        "content": "We are lucky because we still alive in this world.",
        "beginOffset": -1
      },
      "sentiment": {
        "magnitude": 0.5,
        "score": 0.5
      }
    },
    {
      "text": {
        "content": "But we also want to have a home,a owner,a love,treat us like family.",
        "beginOffset": -1
      },
      "sentiment": {
        "magnitude": 0.9,
        "score": 0.9
      }
    },
    {
      "text": {
        "content": "We suffer through the more we will cherish 'll be good We willing to be as guard dog of your house, protect you.",
        "beginOffset": -1
      },
      "sentiment": {
        "magnitude": 0.7,
        "score": 0.7
      }
    },
    {
      "text": {
        "content": "As long as you can give us a chance, we are willing to give everything.",
        "beginOffset": -1
      },
      "sentiment": {
        "magnitude": 0.3,
        "score": 0.3
      }
    },
    {
      "text": {
        "content": "Perhaps our look is not that cute to get attract, since we don't have drink enough of mama's milk from baby.",
        "beginOffset": -1
      },
      "sentiment": {
        "magnitude": 0.1,
        "score": -0.1
      }
    },
    {
      "text": {
        "content": "We can't choose to look cute but we really word hard to be.",
        "beginOffset": -1
      },
      "sentiment": {
        "magnitude": 0.5,
        "score": -0.5
      }
    },
    {
      "text": {
        "content": "They are still many puppy &amp; dogs are waiting for adopt in rescuer house.",
        "beginOffset": -1
      },
      "sentiment": {
        "magnitude": 0,
        "score": 0
      }
    },
    {
      "text": {
        "content": "We really can't stay there any longer.",
        "beginOffset": -1
      },
      "sentiment": {
        "magnitude": 0.3,
        "score": -0.3
      }
    },
    {
      "text": {
        "content": "As long as you are willing, we can continue to run for the life and accompanied around you.",
        "beginOffset": -1
      },
      "sentiment": {
        "magnitude": 0.7,
        "score": 0.7
      }
    },
    {
      "text": {
        "content": "Just because we don't want to be stray at street like mama.",
        "beginOffset": -1
      },
      "sentiment": {
        "magnitude": 0,
        "score": 0
      }
    },
    {
      "text": {
        "content": "Please help us to find a Home~ Location : Kepong area, KL area (can carry for you if you really want to adopt.)",
        "beginOffset": -1
      },
      "sentiment": {
        "magnitude": 0.2,
        "score": 0.2
      }
    },
    {
      "text": {
        "content": "Age : a month ago (5 female puppy) Already done the first vaccine After 6 month old, will bring them spay for FREE.",
        "beginOffset": -1
      },
      "sentiment": {
        "magnitude": 0.1,
        "score": -0.1
      }
    },
    {
      "text": {
        "content": "Contact number : (li mei) Adopt instead of buying, ligaton instead of culling.",
        "beginOffset": -1
      },
      "sentiment": {
        "magnitude": 0,
        "score": 0
      }
    },
    {
      "text": {
        "content": "Start from you and i.",
        "beginOffset": -1
      },
      "sentiment": {
        "magnitude": 0.1,
        "score": 0.1
      }
    },
    {
      "text": {
        "content": "Thank you.",
        "beginOffset": -1
      },
      "sentiment": {
        "magnitude": 0,
        "score": 0
      }
    }
  ],
  "tokens": [],
  "entities": [
    {
      "name": "puppies stories",
      "type": "WORK_OF_ART",
      "metadata": {},
      "salience": 0.10518004,
      "mentions": [
        {
          "text": {
            "content": "puppies stories",
            "beginOffset": -1
          },
          "type": "COMMON"
        }
      ]
    },
    {
      "name": "puppy girl",
      "type": "PERSON",
      "metadata": {},
      "salience": 0.08355924,
      "mentions": [
        {
          "text": {
            "content": "puppy girl",
            "beginOffset": -1
          },
          "type": "COMMON"
        }
      ]
    },
    {
      "name": "Lovely Home",
      "type": "ORGANIZATION",
      "metadata": {},
      "salience": 0.066399254,
      "mentions": [
        {
          "text": {
            "content": "Lovely Home",
            "beginOffset": -1
          },
          "type": "PROPER"
        }
      ]
    },
    {
      "name": "Dog Lovers",
      "type": "PERSON",
      "metadata": {},
      "salience": 0.055118382,
      "mentions": [
        {
          "text": {
            "content": "Dog Lovers",
            "beginOffset": -1
          },
          "type": "PROPER"
        }
      ]
    },
    {
      "name": "li mei",
      "type": "PERSON",
      "metadata": {},
      "salience": 0.053852268,
      "mentions": [
        {
          "text": {
            "content": "li mei",
            "beginOffset": -1
          },
          "type": "COMMON"
        }
      ]
    },
    {
      "name": "street",
      "type": "LOCATION",
      "metadata": {},
      "salience": 0.05031241,
      "mentions": [
        {
          "text": {
            "content": "street",
            "beginOffset": -1
          },
          "type": "COMMON"
        }
      ]
    },
    {
      "name": "mama",
      "type": "PERSON",
      "metadata": {},
      "salience": 0.05006399,
      "mentions": [
        {
          "text": {
            "content": "mama",
            "beginOffset": -1
          },
          "type": "COMMON"
        }
      ]
    },
    {
      "name": "milk",
      "type": "OTHER",
      "metadata": {},
      "salience": 0.04498007,
      "mentions": [
        {
          "text": {
            "content": "milk",
            "beginOffset": -1
          },
          "type": "COMMON"
        }
      ]
    },
    {
      "name": "women",
      "type": "PERSON",
      "metadata": {},
      "salience": 0.0339318,
      "mentions": [
        {
          "text": {
            "content": "women",
            "beginOffset": -1
          },
          "type": "COMMON"
        }
      ]
    },
    {
      "name": "sister",
      "type": "PERSON",
      "metadata": {},
      "salience": 0.02584346,
      "mentions": [
        {
          "text": {
            "content": "sister",
            "beginOffset": -1
          },
          "type": "COMMON"
        }
      ]
    },
    {
      "name": "street",
      "type": "LOCATION",
      "metadata": {},
      "salience": 0.018905964,
      "mentions": [
        {
          "text": {
            "content": "street",
            "beginOffset": -1
          },
          "type": "COMMON"
        }
      ]
    },
    {
      "name": "rain",
      "type": "OTHER",
      "metadata": {},
      "salience": 0.015193935,
      "mentions": [
        {
          "text": {
            "content": "rain",
            "beginOffset": -1
          },
          "type": "COMMON"
        }
      ]
    },
    {
      "name": "stomach",
      "type": "OTHER",
      "metadata": {},
      "salience": 0.015193935,
      "mentions": [
        {
          "text": {
            "content": "stomach",
            "beginOffset": -1
          },
          "type": "COMMON"
        }
      ]
    },
    {
      "name": "mouse",
      "type": "OTHER",
      "metadata": {},
      "salience": 0.015152342,
      "mentions": [
        {
          "text": {
            "content": "mouse",
            "beginOffset": -1
          },
          "type": "COMMON"
        }
      ]
    },
    {
      "name": "everywhere",
      "type": "LOCATION",
      "metadata": {},
      "salience": 0.015152342,
      "mentions": [
        {
          "text": {
            "content": "everywhere",
            "beginOffset": -1
          },
          "type": "COMMON"
        }
      ]
    },
    {
      "name": "situation",
      "type": "OTHER",
      "metadata": {},
      "salience": 0.015118442,
      "mentions": [
        {
          "text": {
            "content": "situation",
            "beginOffset": -1
          },
          "type": "COMMON"
        }
      ]
    },
    {
      "name": "grim reaper",
      "type": "PERSON",
      "metadata": {},
      "salience": 0.015089839,
      "mentions": [
        {
          "text": {
            "content": "grim reaper",
            "beginOffset": -1
          },
          "type": "COMMON"
        }
      ]
    },
    {
      "name": "place",
      "type": "OTHER",
      "metadata": {},
      "salience": 0.015008421,
      "mentions": [
        {
          "text": {
            "content": "place",
            "beginOffset": -1
          },
          "type": "COMMON"
        }
      ]
    },
    {
      "name": "home",
      "type": "LOCATION",
      "metadata": {},
      "salience": 0.01360549,
      "mentions": [
        {
          "text": {
            "content": "home",
            "beginOffset": -1
          },
          "type": "COMMON"
        }
      ]
    },
    {
      "name": "home",
      "type": "LOCATION",
      "metadata": {},
      "salience": 0.013557478,
      "mentions": [
        {
          "text": {
            "content": "home",
            "beginOffset": -1
          },
          "type": "COMMON"
        }
      ]
    },
    {
      "name": "care",
      "type": "OTHER",
      "metadata": {},
      "salience": 0.011765352,
      "mentions": [
        {
          "text": {
            "content": "care",
            "beginOffset": -1
          },
          "type": "COMMON"
        }
      ]
    },
    {
      "name": "mama",
      "type": "PERSON",
      "metadata": {},
      "salience": 0.011694844,
      "mentions": [
        {
          "text": {
            "content": "mama",
            "beginOffset": -1
          },
          "type": "COMMON"
        }
      ]
    },
    {
      "name": "love",
      "type": "OTHER",
      "metadata": {},
      "salience": 0.011658016,
      "mentions": [
        {
          "text": {
            "content": "love",
            "beginOffset": -1
          },
          "type": "COMMON"
        }
      ]
    },
    {
      "name": "look",
      "type": "OTHER",
      "metadata": {},
      "salience": 0.011268388,
      "mentions": [
        {
          "text": {
            "content": "look",
            "beginOffset": -1
          },
          "type": "COMMON"
        }
      ]
    },
    {
      "name": "Location",
      "type": "LOCATION",
      "metadata": {},
      "salience": 0.010949321,
      "mentions": [
        {
          "text": {
            "content": "Location",
            "beginOffset": -1
          },
          "type": "COMMON"
        }
      ]
    },
    {
      "name": "guard dog",
      "type": "PERSON",
      "metadata": {},
      "salience": 0.0106862215,
      "mentions": [
        {
          "text": {
            "content": "guard dog",
            "beginOffset": -1
          },
          "type": "COMMON"
        }
      ]
    },
    {
      "name": "house",
      "type": "LOCATION",
      "metadata": {},
      "salience": 0.0106862215,
      "mentions": [
        {
          "text": {
            "content": "house",
            "beginOffset": -1
          },
          "type": "COMMON"
        }
      ]
    },
    {
      "name": "milk",
      "type": "OTHER",
      "metadata": {},
      "salience": 0.010667437,
      "mentions": [
        {
          "text": {
            "content": "milk",
            "beginOffset": -1
          },
          "type": "COMMON"
        }
      ]
    },
    {
      "name": "world",
      "type": "LOCATION",
      "metadata": {},
      "salience": 0.010251856,
      "mentions": [
        {
          "text": {
            "content": "world",
            "beginOffset": -1
          },
          "type": "COMMON"
        }
      ]
    },
    {
      "name": "owner",
      "type": "PERSON",
      "metadata": {},
      "salience": 0.010240895,
      "mentions": [
        {
          "text": {
            "content": "owner",
            "beginOffset": -1
          },
          "type": "COMMON"
        }
      ]
    },
    {
      "name": "family",
      "type": "PERSON",
      "metadata": {},
      "salience": 0.010240895,
      "mentions": [
        {
          "text": {
            "content": "family",
            "beginOffset": -1
          },
          "type": "COMMON"
        }
      ]
    },
    {
      "name": "enviroment",
      "type": "OTHER",
      "metadata": {},
      "salience": 0.010166305,
      "mentions": [
        {
          "text": {
            "content": "enviroment",
            "beginOffset": -1
          },
          "type": "COMMON"
        }
      ]
    },
    {
      "name": "one",
      "type": "PERSON",
      "metadata": {},
      "salience": 0.010138449,
      "mentions": [
        {
          "text": {
            "content": "one",
            "beginOffset": -1
          },
          "type": "COMMON"
        }
      ]
    },
    {
      "name": "lives",
      "type": "OTHER",
      "metadata": {},
      "salience": 0.00981422,
      "mentions": [
        {
          "text": {
            "content": "lives",
            "beginOffset": -1
          },
          "type": "COMMON"
        }
      ]
    },
    {
      "name": "Home",
      "type": "OTHER",
      "metadata": {},
      "salience": 0.009426824,
      "mentions": [
        {
          "text": {
            "content": "Home",
            "beginOffset": -1
          },
          "type": "COMMON"
        }
      ]
    },
    {
      "name": "baby",
      "type": "PERSON",
      "metadata": {},
      "salience": 0.009370526,
      "mentions": [
        {
          "text": {
            "content": "baby",
            "beginOffset": -1
          },
          "type": "COMMON"
        }
      ]
    },
    {
      "name": "street",
      "type": "LOCATION",
      "metadata": {},
      "salience": 0.008782921,
      "mentions": [
        {
          "text": {
            "content": "street",
            "beginOffset": -1
          },
          "type": "COMMON"
        }
      ]
    },
    {
      "name": "mama",
      "type": "PERSON",
      "metadata": {},
      "salience": 0.008782921,
      "mentions": [
        {
          "text": {
            "content": "mama",
            "beginOffset": -1
          },
          "type": "COMMON"
        }
      ]
    },
    {
      "name": "area",
      "type": "LOCATION",
      "metadata": {},
      "salience": 0.008006157,
      "mentions": [
        {
          "text": {
            "content": "area",
            "beginOffset": -1
          },
          "type": "COMMON"
        }
      ]
    },
    {
      "name": "KL area",
      "type": "LOCATION",
      "metadata": {},
      "salience": 0.008006157,
      "mentions": [
        {
          "text": {
            "content": "KL area",
            "beginOffset": -1
          },
          "type": "COMMON"
        }
      ]
    },
    {
      "name": "everything",
      "type": "OTHER",
      "metadata": {},
      "salience": 0.007155042,
      "mentions": [
        {
          "text": {
            "content": "everything",
            "beginOffset": -1
          },
          "type": "COMMON"
        }
      ]
    },
    {
      "name": "chance",
      "type": "OTHER",
      "metadata": {},
      "salience": 0.007155042,
      "mentions": [
        {
          "text": {
            "content": "chance",
            "beginOffset": -1
          },
          "type": "COMMON"
        }
      ]
    },
    {
      "name": "life",
      "type": "OTHER",
      "metadata": {},
      "salience": 0.007041054,
      "mentions": [
        {
          "text": {
            "content": "life",
            "beginOffset": -1
          },
          "type": "COMMON"
        }
      ]
    },
    {
      "name": "puppy",
      "type": "OTHER",
      "metadata": {},
      "salience": 0.0065947105,
      "mentions": [
        {
          "text": {
            "content": "puppy",
            "beginOffset": -1
          },
          "type": "COMMON"
        }
      ]
    },
    {
      "name": "Age",
      "type": "OTHER",
      "metadata": {},
      "salience": 0.006448395,
      "mentions": [
        {
          "text": {
            "content": "Age",
            "beginOffset": -1
          },
          "type": "COMMON"
        }
      ]
    },
    {
      "name": "vaccine",
      "type": "OTHER",
      "metadata": {},
      "salience": 0.004919007,
      "mentions": [
        {
          "text": {
            "content": "vaccine",
            "beginOffset": -1
          },
          "type": "COMMON"
        }
      ]
    },
    {
      "name": "ligaton",
      "type": "OTHER",
      "metadata": {},
      "salience": 0.0049163164,
      "mentions": [
        {
          "text": {
            "content": "ligaton",
            "beginOffset": -1
          },
          "type": "COMMON"
        }
      ]
    },
    {
      "name": "buying",
      "type": "OTHER",
      "metadata": {},
      "salience": 0.0049163164,
      "mentions": [
        {
          "text": {
            "content": "buying",
            "beginOffset": -1
          },
          "type": "COMMON"
        }
      ]
    },
    {
      "name": "Contact number",
      "type": "OTHER",
      "metadata": {},
      "salience": 0.0049163164,
      "mentions": [
        {
          "text": {
            "content": "Contact number",
            "beginOffset": -1
          },
          "type": "COMMON"
        }
      ]
    },
    {
      "name": "Kepong",
      "type": "LOCATION",
      "metadata": {
        "mid": "/m/0d0_lw",
        "wikipedia_url": "https://en.wikipedia.org/wiki/Kepong"
      },
      "salience": 0.004156215,
      "mentions": [
        {
          "text": {
            "content": "Kepong",
            "beginOffset": -1
          },
          "type": "PROPER"
        }
      ]
    },
    {
      "name": "puppy",
      "type": "OTHER",
      "metadata": {},
      "salience": 0.0041445503,
      "mentions": [
        {
          "text": {
            "content": "puppy",
            "beginOffset": -1
          },
          "type": "COMMON"
        }
      ]
    },
    {
      "name": "Unfortunely",
      "type": "OTHER",
      "metadata": {},
      "salience": 0.0038957337,
      "mentions": [
        {
          "text": {
            "content": "Unfortunely",
            "beginOffset": -1
          },
          "type": "PROPER"
        }
      ]
    },
    {
      "name": "rescuer house",
      "type": "LOCATION",
      "metadata": {},
      "salience": 0.0035194464,
      "mentions": [
        {
          "text": {
            "content": "rescuer house",
            "beginOffset": -1
          },
          "type": "COMMON"
        }
      ]
    },
    {
      "name": "li mei",
      "type": "PERSON",
      "metadata": {},
      "salience": 0.0033077546,
      "mentions": [
        {
          "text": {
            "content": "li mei",
            "beginOffset": -1
          },
          "type": "PROPER"
        }
      ]
    },
    {
      "name": "dogs",
      "type": "OTHER",
      "metadata": {},
      "salience": 0.0030910836,
      "mentions": [
        {
          "text": {
            "content": "dogs",
            "beginOffset": -1
          },
          "type": "COMMON"
        }
      ]
    }
  ],
  "documentSentiment": {
    "magnitude": 9.2,
    "score": 0.1
  },
  "language": "en",
  "categories": []
}
