{
  "sentences": [
    {
      "text": {
        "content": "Rona is very lovely and activ girl , if you are intresting call me and visite the beuty girl .",
        "beginOffset": -1
      },
      "sentiment": {
        "magnitude": 0.9,
        "score": 0.9
      }
    }
  ],
  "tokens": [],
  "entities": [
    {
      "name": "Rona",
      "type": "PERSON",
      "metadata": {},
      "salience": 0.90709984,
      "mentions": [
        {
          "text": {
            "content": "Rona",
            "beginOffset": -1
          },
          "type": "PROPER"
        },
        {
          "text": {
            "content": "girl",
            "beginOffset": -1
          },
          "type": "COMMON"
        }
      ]
    },
    {
      "name": "beuty girl",
      "type": "PERSON",
      "metadata": {},
      "salience": 0.09290013,
      "mentions": [
        {
          "text": {
            "content": "beuty girl",
            "beginOffset": -1
          },
          "type": "COMMON"
        }
      ]
    }
  ],
  "documentSentiment": {
    "magnitude": 0.9,
    "score": 0.9
  },
  "language": "en",
  "categories": []
}
