{
  "sentences": [
    {
      "text": {
        "content": "The owner of this Beagle is migrating and she needs a new home.",
        "beginOffset": -1
      },
      "sentiment": {
        "magnitude": 0.1,
        "score": 0.1
      }
    },
    {
      "text": {
        "content": "She is a 4 years old Beagle and already spayed.",
        "beginOffset": -1
      },
      "sentiment": {
        "magnitude": 0,
        "score": 0
      }
    },
    {
      "text": {
        "content": "A well behaved and friendly Beagle.",
        "beginOffset": -1
      },
      "sentiment": {
        "magnitude": 0.9,
        "score": 0.9
      }
    },
    {
      "text": {
        "content": "Interested please call John .",
        "beginOffset": -1
      },
      "sentiment": {
        "magnitude": 0.4,
        "score": 0.4
      }
    },
    {
      "text": {
        "content": "thanks",
        "beginOffset": -1
      },
      "sentiment": {
        "magnitude": 0.3,
        "score": 0.3
      }
    }
  ],
  "tokens": [],
  "entities": [
    {
      "name": "owner",
      "type": "PERSON",
      "metadata": {},
      "salience": 0.6587035,
      "mentions": [
        {
          "text": {
            "content": "owner",
            "beginOffset": -1
          },
          "type": "COMMON"
        }
      ]
    },
    {
      "name": "Beagle",
      "type": "OTHER",
      "metadata": {
        "mid": "/m/01dj7",
        "wikipedia_url": "https://en.wikipedia.org/wiki/Beagle"
      },
      "salience": 0.26187763,
      "mentions": [
        {
          "text": {
            "content": "Beagle",
            "beginOffset": -1
          },
          "type": "PROPER"
        },
        {
          "text": {
            "content": "Beagle",
            "beginOffset": -1
          },
          "type": "PROPER"
        },
        {
          "text": {
            "content": "Beagle",
            "beginOffset": -1
          },
          "type": "PROPER"
        }
      ]
    },
    {
      "name": "home",
      "type": "LOCATION",
      "metadata": {},
      "salience": 0.054830976,
      "mentions": [
        {
          "text": {
            "content": "home",
            "beginOffset": -1
          },
          "type": "COMMON"
        }
      ]
    },
    {
      "name": "thanks",
      "type": "OTHER",
      "metadata": {},
      "salience": 0.015412986,
      "mentions": [
        {
          "text": {
            "content": "thanks",
            "beginOffset": -1
          },
          "type": "COMMON"
        }
      ]
    },
    {
      "name": "John",
      "type": "PERSON",
      "metadata": {},
      "salience": 0.009174922,
      "mentions": [
        {
          "text": {
            "content": "John",
            "beginOffset": -1
          },
          "type": "PROPER"
        }
      ]
    }
  ],
  "documentSentiment": {
    "magnitude": 1.8,
    "score": 0.3
  },
  "language": "en",
  "categories": []
}
