{
  "sentences": [
    {
      "text": {
        "content": "Larry is sweetheart.",
        "beginOffset": -1
      },
      "sentiment": {
        "magnitude": 0.6,
        "score": 0.6
      }
    },
    {
      "text": {
        "content": "His a playful cat and will always listen to you he will also eat anything you give him without hesitation (he mostly likes dry food).",
        "beginOffset": -1
      },
      "sentiment": {
        "magnitude": 0.8,
        "score": 0.8
      }
    },
    {
      "text": {
        "content": "Larry is a shy cat, so it may take a while for him to get use to you but don't worry, in time he will.",
        "beginOffset": -1
      },
      "sentiment": {
        "magnitude": 0.3,
        "score": 0.3
      }
    },
    {
      "text": {
        "content": "If you would like more information about him.",
        "beginOffset": -1
      },
      "sentiment": {
        "magnitude": 0.1,
        "score": 0.1
      }
    },
    {
      "text": {
        "content": "Call us at or email",
        "beginOffset": -1
      },
      "sentiment": {
        "magnitude": 0,
        "score": 0
      }
    }
  ],
  "tokens": [],
  "entities": [
    {
      "name": "Larry",
      "type": "PERSON",
      "metadata": {},
      "salience": 0.70271784,
      "mentions": [
        {
          "text": {
            "content": "Larry",
            "beginOffset": -1
          },
          "type": "PROPER"
        },
        {
          "text": {
            "content": "Larry",
            "beginOffset": -1
          },
          "type": "PROPER"
        }
      ]
    },
    {
      "name": "sweetheart",
      "type": "OTHER",
      "metadata": {},
      "salience": 0.14740741,
      "mentions": [
        {
          "text": {
            "content": "sweetheart",
            "beginOffset": -1
          },
          "type": "COMMON"
        }
      ]
    },
    {
      "name": "cat",
      "type": "OTHER",
      "metadata": {},
      "salience": 0.050976414,
      "mentions": [
        {
          "text": {
            "content": "cat",
            "beginOffset": -1
          },
          "type": "COMMON"
        }
      ]
    },
    {
      "name": "anything",
      "type": "OTHER",
      "metadata": {},
      "salience": 0.02257057,
      "mentions": [
        {
          "text": {
            "content": "anything",
            "beginOffset": -1
          },
          "type": "COMMON"
        }
      ]
    },
    {
      "name": "cat",
      "type": "OTHER",
      "metadata": {},
      "salience": 0.022334974,
      "mentions": [
        {
          "text": {
            "content": "cat",
            "beginOffset": -1
          },
          "type": "COMMON"
        }
      ]
    },
    {
      "name": "food",
      "type": "OTHER",
      "metadata": {},
      "salience": 0.017058495,
      "mentions": [
        {
          "text": {
            "content": "food",
            "beginOffset": -1
          },
          "type": "COMMON"
        }
      ]
    },
    {
      "name": "hesitation",
      "type": "OTHER",
      "metadata": {},
      "salience": 0.015284677,
      "mentions": [
        {
          "text": {
            "content": "hesitation",
            "beginOffset": -1
          },
          "type": "COMMON"
        }
      ]
    },
    {
      "name": "information",
      "type": "OTHER",
      "metadata": {},
      "salience": 0.008220567,
      "mentions": [
        {
          "text": {
            "content": "information",
            "beginOffset": -1
          },
          "type": "COMMON"
        }
      ]
    },
    {
      "name": "email",
      "type": "OTHER",
      "metadata": {},
      "salience": 0.007432163,
      "mentions": [
        {
          "text": {
            "content": "email",
            "beginOffset": -1
          },
          "type": "COMMON"
        }
      ]
    },
    {
      "name": "use",
      "type": "OTHER",
      "metadata": {},
      "salience": 0.005996889,
      "mentions": [
        {
          "text": {
            "content": "use",
            "beginOffset": -1
          },
          "type": "COMMON"
        }
      ]
    }
  ],
  "documentSentiment": {
    "magnitude": 2.1,
    "score": 0.4
  },
  "language": "en",
  "categories": []
}
