{
  "sentences": [
    {
      "text": {
        "content": "10 Kittens for Adoption 1 Month old Came from 2 mothers Letting go as owner are often not at home Contact Nik :",
        "beginOffset": -1
      },
      "sentiment": {
        "magnitude": 0.6,
        "score": -0.6
      }
    }
  ],
  "tokens": [],
  "entities": [
    {
      "name": "Kittens for Adoption 1 Month old",
      "type": "PERSON",
      "metadata": {},
      "salience": 0.44333807,
      "mentions": [
        {
          "text": {
            "content": "Kittens for Adoption 1 Month old",
            "beginOffset": -1
          },
          "type": "PROPER"
        }
      ]
    },
    {
      "name": "mothers",
      "type": "PERSON",
      "metadata": {},
      "salience": 0.19080156,
      "mentions": [
        {
          "text": {
            "content": "mothers",
            "beginOffset": -1
          },
          "type": "COMMON"
        }
      ]
    },
    {
      "name": "owner",
      "type": "PERSON",
      "metadata": {},
      "salience": 0.17233713,
      "mentions": [
        {
          "text": {
            "content": "owner",
            "beginOffset": -1
          },
          "type": "COMMON"
        }
      ]
    },
    {
      "name": "home",
      "type": "LOCATION",
      "metadata": {},
      "salience": 0.13545884,
      "mentions": [
        {
          "text": {
            "content": "home",
            "beginOffset": -1
          },
          "type": "COMMON"
        }
      ]
    },
    {
      "name": "Contact Nik",
      "type": "OTHER",
      "metadata": {},
      "salience": 0.058064405,
      "mentions": [
        {
          "text": {
            "content": "Contact Nik",
            "beginOffset": -1
          },
          "type": "PROPER"
        }
      ]
    }
  ],
  "documentSentiment": {
    "magnitude": 0.6,
    "score": -0.6
  },
  "language": "en",
  "categories": []
}
