{
  "sentences": [
    {
      "text": {
        "content": "Kiki is a 1 year old full black male dog and has been nuetered.",
        "beginOffset": -1
      },
      "sentiment": {
        "magnitude": 0.1,
        "score": 0.1
      }
    },
    {
      "text": {
        "content": "He gets along very well with other dogs and very playful.",
        "beginOffset": -1
      },
      "sentiment": {
        "magnitude": 0.9,
        "score": 0.9
      }
    },
    {
      "text": {
        "content": "Anyone who would like to adopt him, kindly contact me at /.",
        "beginOffset": -1
      },
      "sentiment": {
        "magnitude": 0.5,
        "score": 0.5
      }
    },
    {
      "text": {
        "content": "Free transportation can be arranged if you are from KL, Selangor, NS, Melaka or JB.",
        "beginOffset": -1
      },
      "sentiment": {
        "magnitude": 0.4,
        "score": 0.4
      }
    },
    {
      "text": {
        "content": "p/s: No tying up or caging or letting him out without leash.",
        "beginOffset": -1
      },
      "sentiment": {
        "magnitude": 0.4,
        "score": -0.4
      }
    },
    {
      "text": {
        "content": "Thank you..",
        "beginOffset": -1
      },
      "sentiment": {
        "magnitude": 0.1,
        "score": 0.1
      }
    }
  ],
  "tokens": [],
  "entities": [
    {
      "name": "Kiki",
      "type": "PERSON",
      "metadata": {},
      "salience": 0.60395515,
      "mentions": [
        {
          "text": {
            "content": "Kiki",
            "beginOffset": -1
          },
          "type": "PROPER"
        }
      ]
    },
    {
      "name": "dog",
      "type": "OTHER",
      "metadata": {},
      "salience": 0.22590257,
      "mentions": [
        {
          "text": {
            "content": "dog",
            "beginOffset": -1
          },
          "type": "COMMON"
        }
      ]
    },
    {
      "name": "Anyone",
      "type": "PERSON",
      "metadata": {},
      "salience": 0.05815239,
      "mentions": [
        {
          "text": {
            "content": "Anyone",
            "beginOffset": -1
          },
          "type": "COMMON"
        }
      ]
    },
    {
      "name": "dogs",
      "type": "OTHER",
      "metadata": {},
      "salience": 0.023815595,
      "mentions": [
        {
          "text": {
            "content": "dogs",
            "beginOffset": -1
          },
          "type": "COMMON"
        }
      ]
    },
    {
      "name": "transportation",
      "type": "OTHER",
      "metadata": {},
      "salience": 0.02194996,
      "mentions": [
        {
          "text": {
            "content": "transportation",
            "beginOffset": -1
          },
          "type": "COMMON"
        }
      ]
    },
    {
      "name": "p/s",
      "type": "OTHER",
      "metadata": {},
      "salience": 0.016530843,
      "mentions": [
        {
          "text": {
            "content": "p/s",
            "beginOffset": -1
          },
          "type": "COMMON"
        }
      ]
    },
    {
      "name": "caging",
      "type": "OTHER",
      "metadata": {},
      "salience": 0.016530843,
      "mentions": [
        {
          "text": {
            "content": "caging",
            "beginOffset": -1
          },
          "type": "COMMON"
        }
      ]
    },
    {
      "name": "leash",
      "type": "OTHER",
      "metadata": {},
      "salience": 0.011591838,
      "mentions": [
        {
          "text": {
            "content": "leash",
            "beginOffset": -1
          },
          "type": "COMMON"
        }
      ]
    },
    {
      "name": "KL",
      "type": "LOCATION",
      "metadata": {},
      "salience": 0.004314162,
      "mentions": [
        {
          "text": {
            "content": "KL",
            "beginOffset": -1
          },
          "type": "PROPER"
        }
      ]
    },
    {
      "name": "Selangor",
      "type": "LOCATION",
      "metadata": {
        "mid": "/m/01jc9d",
        "wikipedia_url": "https://en.wikipedia.org/wiki/Selangor"
      },
      "salience": 0.004314162,
      "mentions": [
        {
          "text": {
            "content": "Selangor",
            "beginOffset": -1
          },
          "type": "PROPER"
        }
      ]
    },
    {
      "name": "NS",
      "type": "ORGANIZATION",
      "metadata": {},
      "salience": 0.004314162,
      "mentions": [
        {
          "text": {
            "content": "NS",
            "beginOffset": -1
          },
          "type": "PROPER"
        }
      ]
    },
    {
      "name": "Melaka",
      "type": "LOCATION",
      "metadata": {
        "mid": "/m/0dhf5",
        "wikipedia_url": "https://en.wikipedia.org/wiki/Malacca"
      },
      "salience": 0.004314162,
      "mentions": [
        {
          "text": {
            "content": "Melaka",
            "beginOffset": -1
          },
          "type": "PROPER"
        }
      ]
    },
    {
      "name": "JB",
      "type": "PERSON",
      "metadata": {
        "mid": "/m/09g8tdm",
        "wikipedia_url": "https://en.wikipedia.org/wiki/J._B._Pritzker"
      },
      "salience": 0.004314162,
      "mentions": [
        {
          "text": {
            "content": "JB",
            "beginOffset": -1
          },
          "type": "PROPER"
        }
      ]
    }
  ],
  "documentSentiment": {
    "magnitude": 2.7,
    "score": 0.3
  },
  "language": "en",
  "categories": []
}
