{
  "sentences": [
    {
      "text": {
        "content": "Bubbles is among four pups found in Ara Damansara just before Chinese new Year.",
        "beginOffset": -1
      },
      "sentiment": {
        "magnitude": 0.3,
        "score": 0.3
      }
    },
    {
      "text": {
        "content": "She is the chubbiest among her siblings.",
        "beginOffset": -1
      },
      "sentiment": {
        "magnitude": 0.1,
        "score": 0.1
      }
    },
    {
      "text": {
        "content": "Very adorable girl.",
        "beginOffset": -1
      },
      "sentiment": {
        "magnitude": 0.8,
        "score": 0.8
      }
    },
    {
      "text": {
        "content": "They are about 5-6 weeks old and can eat puppy kibbles already.",
        "beginOffset": -1
      },
      "sentiment": {
        "magnitude": 0,
        "score": 0
      }
    },
    {
      "text": {
        "content": "Vaccination and neutering are compulsory, cost to be borne by adopter.",
        "beginOffset": -1
      },
      "sentiment": {
        "magnitude": 0.6,
        "score": 0.6
      }
    },
    {
      "text": {
        "content": "Please call if you can give her a good home.",
        "beginOffset": -1
      },
      "sentiment": {
        "magnitude": 0.3,
        "score": 0.3
      }
    },
    {
      "text": {
        "content": "Adopted 3 March .",
        "beginOffset": -1
      },
      "sentiment": {
        "magnitude": 0,
        "score": 0
      }
    },
    {
      "text": {
        "content": "Renamed Lucky.",
        "beginOffset": -1
      },
      "sentiment": {
        "magnitude": 0.2,
        "score": 0.2
      }
    }
  ],
  "tokens": [],
  "entities": [
    {
      "name": "Bubbles",
      "type": "OTHER",
      "metadata": {},
      "salience": 0.2625246,
      "mentions": [
        {
          "text": {
            "content": "Bubbles",
            "beginOffset": -1
          },
          "type": "COMMON"
        }
      ]
    },
    {
      "name": "pups",
      "type": "PERSON",
      "metadata": {},
      "salience": 0.22255647,
      "mentions": [
        {
          "text": {
            "content": "pups",
            "beginOffset": -1
          },
          "type": "COMMON"
        }
      ]
    },
    {
      "name": "chubbiest",
      "type": "OTHER",
      "metadata": {},
      "salience": 0.1631796,
      "mentions": [
        {
          "text": {
            "content": "chubbiest",
            "beginOffset": -1
          },
          "type": "COMMON"
        }
      ]
    },
    {
      "name": "Ara Damansara",
      "type": "LOCATION",
      "metadata": {
        "mid": "/m/0g1wqy",
        "wikipedia_url": "https://en.wikipedia.org/wiki/Ara_Damansara"
      },
      "salience": 0.13693391,
      "mentions": [
        {
          "text": {
            "content": "Ara Damansara",
            "beginOffset": -1
          },
          "type": "PROPER"
        }
      ]
    },
    {
      "name": "Chinese",
      "type": "LOCATION",
      "metadata": {},
      "salience": 0.053754654,
      "mentions": [
        {
          "text": {
            "content": "Chinese",
            "beginOffset": -1
          },
          "type": "PROPER"
        }
      ]
    },
    {
      "name": "siblings",
      "type": "PERSON",
      "metadata": {},
      "salience": 0.029728644,
      "mentions": [
        {
          "text": {
            "content": "siblings",
            "beginOffset": -1
          },
          "type": "COMMON"
        }
      ]
    },
    {
      "name": "girl",
      "type": "PERSON",
      "metadata": {},
      "salience": 0.029582454,
      "mentions": [
        {
          "text": {
            "content": "girl",
            "beginOffset": -1
          },
          "type": "COMMON"
        }
      ]
    },
    {
      "name": "puppy kibbles",
      "type": "OTHER",
      "metadata": {},
      "salience": 0.027404197,
      "mentions": [
        {
          "text": {
            "content": "puppy kibbles",
            "beginOffset": -1
          },
          "type": "COMMON"
        }
      ]
    },
    {
      "name": "neutering",
      "type": "OTHER",
      "metadata": {},
      "salience": 0.027329875,
      "mentions": [
        {
          "text": {
            "content": "neutering",
            "beginOffset": -1
          },
          "type": "COMMON"
        }
      ]
    },
    {
      "name": "Vaccination",
      "type": "OTHER",
      "metadata": {},
      "salience": 0.026672576,
      "mentions": [
        {
          "text": {
            "content": "Vaccination",
            "beginOffset": -1
          },
          "type": "COMMON"
        }
      ]
    },
    {
      "name": "home",
      "type": "LOCATION",
      "metadata": {},
      "salience": 0.011038604,
      "mentions": [
        {
          "text": {
            "content": "home",
            "beginOffset": -1
          },
          "type": "COMMON"
        }
      ]
    },
    {
      "name": "Lucky",
      "type": "PERSON",
      "metadata": {},
      "salience": 0.009294398,
      "mentions": [
        {
          "text": {
            "content": "Lucky",
            "beginOffset": -1
          },
          "type": "PROPER"
        }
      ]
    }
  ],
  "documentSentiment": {
    "magnitude": 2.7,
    "score": 0.3
  },
  "language": "en",
  "categories": []
}
