{
  "sentences": [
    {
      "text": {
        "content": "These ears are God-made-sensors :)",
        "beginOffset": -1
      },
      "sentiment": {
        "magnitude": 0.2,
        "score": 0.2
      }
    },
    {
      "text": {
        "content": "All the better to pick up on any anomaly when in comes to guarding you house!",
        "beginOffset": -1
      },
      "sentiment": {
        "magnitude": 0.4,
        "score": 0.4
      }
    }
  ],
  "tokens": [],
  "entities": [
    {
      "name": "sensors",
      "type": "OTHER",
      "metadata": {},
      "salience": 0.7349427,
      "mentions": [
        {
          "text": {
            "content": "ears",
            "beginOffset": -1
          },
          "type": "COMMON"
        },
        {
          "text": {
            "content": "sensors",
            "beginOffset": -1
          },
          "type": "COMMON"
        }
      ]
    },
    {
      "name": "God",
      "type": "PERSON",
      "metadata": {
        "mid": "/m/0d05l6",
        "wikipedia_url": "https://en.wikipedia.org/wiki/God"
      },
      "salience": 0.24633251,
      "mentions": [
        {
          "text": {
            "content": "God",
            "beginOffset": -1
          },
          "type": "PROPER"
        }
      ]
    },
    {
      "name": "anomaly",
      "type": "OTHER",
      "metadata": {},
      "salience": 0.018724808,
      "mentions": [
        {
          "text": {
            "content": "anomaly",
            "beginOffset": -1
          },
          "type": "COMMON"
        }
      ]
    }
  ],
  "documentSentiment": {
    "magnitude": 0.6,
    "score": 0.3
  },
  "language": "en",
  "categories": []
}
