{
  "sentences": [
    {
      "text": {
        "content": "One of four brothers found dumped and starving at Melawati, KL",
        "beginOffset": -1
      },
      "sentiment": {
        "magnitude": 0.8,
        "score": 0.8
      }
    }
  ],
  "tokens": [],
  "entities": [
    {
      "name": "brothers",
      "type": "PERSON",
      "metadata": {},
      "salience": 0.7287488,
      "mentions": [
        {
          "text": {
            "content": "brothers",
            "beginOffset": -1
          },
          "type": "COMMON"
        }
      ]
    },
    {
      "name": "KL",
      "type": "LOCATION",
      "metadata": {
        "wikipedia_url": "https://en.wikipedia.org/wiki/Kuala_Lumpur",
        "mid": "/m/049d1"
      },
      "salience": 0.16581939,
      "mentions": [
        {
          "text": {
            "content": "KL",
            "beginOffset": -1
          },
          "type": "PROPER"
        }
      ]
    },
    {
      "name": "Melawati",
      "type": "LOCATION",
      "metadata": {
        "wikipedia_url": "https://en.wikipedia.org/wiki/Taman_Melawati",
        "mid": "/m/0c2j7g"
      },
      "salience": 0.10543179,
      "mentions": [
        {
          "text": {
            "content": "Melawati",
            "beginOffset": -1
          },
          "type": "PROPER"
        }
      ]
    }
  ],
  "documentSentiment": {
    "magnitude": 0.8,
    "score": 0.8
  },
  "language": "en",
  "categories": []
}
