{
  "sentences": [
    {
      "text": {
        "content": "STRIPEY... very playful, very smart, fun kitty.",
        "beginOffset": -1
      },
      "sentiment": {
        "magnitude": 0.9,
        "score": 0.9
      }
    },
    {
      "text": {
        "content": "Independent,easy going, always happy and mingles well.",
        "beginOffset": -1
      },
      "sentiment": {
        "magnitude": 0.9,
        "score": 0.9
      }
    },
    {
      "text": {
        "content": "No fuss eating, litter trained, just adorable!",
        "beginOffset": -1
      },
      "sentiment": {
        "magnitude": 0.9,
        "score": 0.9
      }
    },
    {
      "text": {
        "content": "Responds to its name, call and he will come running.",
        "beginOffset": -1
      },
      "sentiment": {
        "magnitude": 0.2,
        "score": 0.2
      }
    },
    {
      "text": {
        "content": "Description : Large eyes, smiling face, grey striped with golden hair on belly and side of face.",
        "beginOffset": -1
      },
      "sentiment": {
        "magnitude": 0.4,
        "score": 0.4
      }
    },
    {
      "text": {
        "content": "Stardust burst spray on back and stripes limbs.",
        "beginOffset": -1
      },
      "sentiment": {
        "magnitude": 0,
        "score": 0
      }
    },
    {
      "text": {
        "content": "Long tailed.",
        "beginOffset": -1
      },
      "sentiment": {
        "magnitude": 0,
        "score": 0
      }
    },
    {
      "text": {
        "content": "WHITENOSE ... very affectionate, gentle nature.",
        "beginOffset": -1
      },
      "sentiment": {
        "magnitude": 0.9,
        "score": 0.9
      }
    },
    {
      "text": {
        "content": "wrestles around with Stripey everyday.",
        "beginOffset": -1
      },
      "sentiment": {
        "magnitude": 0.1,
        "score": 0.1
      }
    },
    {
      "text": {
        "content": "Loves toys.",
        "beginOffset": -1
      },
      "sentiment": {
        "magnitude": 0.9,
        "score": 0.9
      }
    },
    {
      "text": {
        "content": "Sociable.",
        "beginOffset": -1
      },
      "sentiment": {
        "magnitude": 0.1,
        "score": 0.1
      }
    },
    {
      "text": {
        "content": "Litter trained.",
        "beginOffset": -1
      },
      "sentiment": {
        "magnitude": 0.1,
        "score": 0.1
      }
    },
    {
      "text": {
        "content": "Good pet for someone who loves attachment, Whitenose likes human company and loves to be stroked and sits on lap.",
        "beginOffset": -1
      },
      "sentiment": {
        "magnitude": 0.8,
        "score": 0.8
      }
    },
    {
      "text": {
        "content": "Description: Golden eyes, all black short hair, with white fine fur at chest and belly.",
        "beginOffset": -1
      },
      "sentiment": {
        "magnitude": 0.3,
        "score": 0.3
      }
    },
    {
      "text": {
        "content": "Patch of white around snout, that's how he got his name!",
        "beginOffset": -1
      },
      "sentiment": {
        "magnitude": 0.1,
        "score": -0.1
      }
    },
    {
      "text": {
        "content": "Call and he will come to you.",
        "beginOffset": -1
      },
      "sentiment": {
        "magnitude": 0,
        "score": 0
      }
    }
  ],
  "tokens": [],
  "entities": [
    {
      "name": "kitty",
      "type": "OTHER",
      "metadata": {},
      "salience": 0.16756324,
      "mentions": [
        {
          "text": {
            "content": "kitty",
            "beginOffset": -1
          },
          "type": "COMMON"
        }
      ]
    },
    {
      "name": "STRIPEY",
      "type": "OTHER",
      "metadata": {},
      "salience": 0.12470971,
      "mentions": [
        {
          "text": {
            "content": "STRIPEY",
            "beginOffset": -1
          },
          "type": "PROPER"
        }
      ]
    },
    {
      "name": "litter",
      "type": "OTHER",
      "metadata": {},
      "salience": 0.035357423,
      "mentions": [
        {
          "text": {
            "content": "litter",
            "beginOffset": -1
          },
          "type": "COMMON"
        }
      ]
    },
    {
      "name": "name",
      "type": "OTHER",
      "metadata": {},
      "salience": 0.035233255,
      "mentions": [
        {
          "text": {
            "content": "name",
            "beginOffset": -1
          },
          "type": "COMMON"
        }
      ]
    },
    {
      "name": "fuss eating",
      "type": "OTHER",
      "metadata": {},
      "salience": 0.031079058,
      "mentions": [
        {
          "text": {
            "content": "fuss eating",
            "beginOffset": -1
          },
          "type": "COMMON"
        }
      ]
    },
    {
      "name": "call",
      "type": "OTHER",
      "metadata": {},
      "salience": 0.030969817,
      "mentions": [
        {
          "text": {
            "content": "call",
            "beginOffset": -1
          },
          "type": "COMMON"
        }
      ]
    },
    {
      "name": "stripes",
      "type": "OTHER",
      "metadata": {},
      "salience": 0.026288169,
      "mentions": [
        {
          "text": {
            "content": "stripes",
            "beginOffset": -1
          },
          "type": "COMMON"
        }
      ]
    },
    {
      "name": "someone",
      "type": "PERSON",
      "metadata": {},
      "salience": 0.025152728,
      "mentions": [
        {
          "text": {
            "content": "someone",
            "beginOffset": -1
          },
          "type": "COMMON"
        }
      ]
    },
    {
      "name": "face",
      "type": "OTHER",
      "metadata": {},
      "salience": 0.024039367,
      "mentions": [
        {
          "text": {
            "content": "face",
            "beginOffset": -1
          },
          "type": "COMMON"
        }
      ]
    },
    {
      "name": "belly",
      "type": "OTHER",
      "metadata": {},
      "salience": 0.0237465,
      "mentions": [
        {
          "text": {
            "content": "belly",
            "beginOffset": -1
          },
          "type": "COMMON"
        }
      ]
    },
    {
      "name": "hair",
      "type": "OTHER",
      "metadata": {},
      "salience": 0.0237465,
      "mentions": [
        {
          "text": {
            "content": "hair",
            "beginOffset": -1
          },
          "type": "COMMON"
        }
      ]
    },
    {
      "name": "eyes",
      "type": "OTHER",
      "metadata": {},
      "salience": 0.0237465,
      "mentions": [
        {
          "text": {
            "content": "eyes",
            "beginOffset": -1
          },
          "type": "COMMON"
        }
      ]
    },
    {
      "name": "face",
      "type": "OTHER",
      "metadata": {},
      "salience": 0.0237465,
      "mentions": [
        {
          "text": {
            "content": "face",
            "beginOffset": -1
          },
          "type": "COMMON"
        }
      ]
    },
    {
      "name": "Description",
      "type": "OTHER",
      "metadata": {},
      "salience": 0.0237465,
      "mentions": [
        {
          "text": {
            "content": "Description",
            "beginOffset": -1
          },
          "type": "COMMON"
        }
      ]
    },
    {
      "name": "Litter",
      "type": "OTHER",
      "metadata": {},
      "salience": 0.021826796,
      "mentions": [
        {
          "text": {
            "content": "Litter",
            "beginOffset": -1
          },
          "type": "COMMON"
        }
      ]
    },
    {
      "name": "spray",
      "type": "CONSUMER_GOOD",
      "metadata": {},
      "salience": 0.021077357,
      "mentions": [
        {
          "text": {
            "content": "spray",
            "beginOffset": -1
          },
          "type": "COMMON"
        }
      ]
    },
    {
      "name": "limbs",
      "type": "OTHER",
      "metadata": {},
      "salience": 0.021077357,
      "mentions": [
        {
          "text": {
            "content": "limbs",
            "beginOffset": -1
          },
          "type": "COMMON"
        }
      ]
    },
    {
      "name": "back",
      "type": "OTHER",
      "metadata": {},
      "salience": 0.021077357,
      "mentions": [
        {
          "text": {
            "content": "back",
            "beginOffset": -1
          },
          "type": "COMMON"
        }
      ]
    },
    {
      "name": "side",
      "type": "OTHER",
      "metadata": {},
      "salience": 0.020867033,
      "mentions": [
        {
          "text": {
            "content": "side",
            "beginOffset": -1
          },
          "type": "COMMON"
        }
      ]
    },
    {
      "name": "nature",
      "type": "OTHER",
      "metadata": {},
      "salience": 0.01927484,
      "mentions": [
        {
          "text": {
            "content": "nature",
            "beginOffset": -1
          },
          "type": "COMMON"
        }
      ]
    },
    {
      "name": "wrestles",
      "type": "OTHER",
      "metadata": {},
      "salience": 0.019247005,
      "mentions": [
        {
          "text": {
            "content": "wrestles",
            "beginOffset": -1
          },
          "type": "COMMON"
        }
      ]
    },
    {
      "name": "everyday",
      "type": "PERSON",
      "metadata": {},
      "salience": 0.019247005,
      "mentions": [
        {
          "text": {
            "content": "everyday",
            "beginOffset": -1
          },
          "type": "COMMON"
        }
      ]
    },
    {
      "name": "Loves toys",
      "type": "OTHER",
      "metadata": {},
      "salience": 0.01922214,
      "mentions": [
        {
          "text": {
            "content": "Loves toys",
            "beginOffset": -1
          },
          "type": "COMMON"
        }
      ]
    },
    {
      "name": "Patch",
      "type": "OTHER",
      "metadata": {},
      "salience": 0.017338192,
      "mentions": [
        {
          "text": {
            "content": "Patch",
            "beginOffset": -1
          },
          "type": "COMMON"
        }
      ]
    },
    {
      "name": "belly",
      "type": "OTHER",
      "metadata": {},
      "salience": 0.016428802,
      "mentions": [
        {
          "text": {
            "content": "belly",
            "beginOffset": -1
          },
          "type": "COMMON"
        }
      ]
    },
    {
      "name": "eyes",
      "type": "OTHER",
      "metadata": {},
      "salience": 0.016428802,
      "mentions": [
        {
          "text": {
            "content": "eyes",
            "beginOffset": -1
          },
          "type": "COMMON"
        }
      ]
    },
    {
      "name": "hair",
      "type": "OTHER",
      "metadata": {},
      "salience": 0.016428802,
      "mentions": [
        {
          "text": {
            "content": "hair",
            "beginOffset": -1
          },
          "type": "COMMON"
        }
      ]
    },
    {
      "name": "fur",
      "type": "OTHER",
      "metadata": {},
      "salience": 0.014434026,
      "mentions": [
        {
          "text": {
            "content": "fur",
            "beginOffset": -1
          },
          "type": "COMMON"
        }
      ]
    },
    {
      "name": "chest",
      "type": "OTHER",
      "metadata": {},
      "salience": 0.014434026,
      "mentions": [
        {
          "text": {
            "content": "chest",
            "beginOffset": -1
          },
          "type": "COMMON"
        }
      ]
    },
    {
      "name": "Stripey",
      "type": "OTHER",
      "metadata": {},
      "salience": 0.014210083,
      "mentions": [
        {
          "text": {
            "content": "Stripey",
            "beginOffset": -1
          },
          "type": "PROPER"
        }
      ]
    },
    {
      "name": "WHITENOSE",
      "type": "OTHER",
      "metadata": {},
      "salience": 0.014147052,
      "mentions": [
        {
          "text": {
            "content": "WHITENOSE",
            "beginOffset": -1
          },
          "type": "PROPER"
        }
      ]
    },
    {
      "name": "pet",
      "type": "OTHER",
      "metadata": {},
      "salience": 0.012777188,
      "mentions": [
        {
          "text": {
            "content": "pet",
            "beginOffset": -1
          },
          "type": "COMMON"
        }
      ]
    },
    {
      "name": "Stardust",
      "type": "PERSON",
      "metadata": {},
      "salience": 0.012472624,
      "mentions": [
        {
          "text": {
            "content": "Stardust",
            "beginOffset": -1
          },
          "type": "PROPER"
        }
      ]
    },
    {
      "name": "snout",
      "type": "OTHER",
      "metadata": {},
      "salience": 0.010098694,
      "mentions": [
        {
          "text": {
            "content": "snout",
            "beginOffset": -1
          },
          "type": "COMMON"
        }
      ]
    },
    {
      "name": "Description",
      "type": "OTHER",
      "metadata": {},
      "salience": 0.0072110947,
      "mentions": [
        {
          "text": {
            "content": "Description",
            "beginOffset": -1
          },
          "type": "COMMON"
        }
      ]
    },
    {
      "name": "name",
      "type": "OTHER",
      "metadata": {},
      "salience": 0.0072049783,
      "mentions": [
        {
          "text": {
            "content": "name",
            "beginOffset": -1
          },
          "type": "COMMON"
        }
      ]
    },
    {
      "name": "human company",
      "type": "ORGANIZATION",
      "metadata": {},
      "salience": 0.0069954805,
      "mentions": [
        {
          "text": {
            "content": "human company",
            "beginOffset": -1
          },
          "type": "COMMON"
        }
      ]
    },
    {
      "name": "attachment",
      "type": "OTHER",
      "metadata": {},
      "salience": 0.006742037,
      "mentions": [
        {
          "text": {
            "content": "attachment",
            "beginOffset": -1
          },
          "type": "COMMON"
        }
      ]
    },
    {
      "name": "lap",
      "type": "OTHER",
      "metadata": {},
      "salience": 0.0063398452,
      "mentions": [
        {
          "text": {
            "content": "lap",
            "beginOffset": -1
          },
          "type": "COMMON"
        }
      ]
    },
    {
      "name": "Whitenose",
      "type": "PERSON",
      "metadata": {},
      "salience": 0.0042661135,
      "mentions": [
        {
          "text": {
            "content": "Whitenose",
            "beginOffset": -1
          },
          "type": "PROPER"
        }
      ]
    }
  ],
  "documentSentiment": {
    "magnitude": 7.4,
    "score": 0.4
  },
  "language": "en",
  "categories": []
}
