{
  "sentences": [
    {
      "text": {
        "content": "Fluffy and intelligent puppy.",
        "beginOffset": -1
      },
      "sentiment": {
        "magnitude": 0.8,
        "score": 0.8
      }
    },
    {
      "text": {
        "content": "No caging or tying for long hours except for precautionary purposes Commitment for spay her is compulsory Serious adopter pls call Amy @",
        "beginOffset": -1
      },
      "sentiment": {
        "magnitude": 0.5,
        "score": 0.5
      }
    }
  ],
  "tokens": [],
  "entities": [
    {
      "name": "puppy",
      "type": "OTHER",
      "metadata": {},
      "salience": 0.595301,
      "mentions": [
        {
          "text": {
            "content": "puppy",
            "beginOffset": -1
          },
          "type": "COMMON"
        }
      ]
    },
    {
      "name": "caging",
      "type": "OTHER",
      "metadata": {},
      "salience": 0.15223335,
      "mentions": [
        {
          "text": {
            "content": "caging",
            "beginOffset": -1
          },
          "type": "COMMON"
        }
      ]
    },
    {
      "name": "Commitment",
      "type": "OTHER",
      "metadata": {},
      "salience": 0.08112646,
      "mentions": [
        {
          "text": {
            "content": "Commitment",
            "beginOffset": -1
          },
          "type": "COMMON"
        }
      ]
    },
    {
      "name": "purposes",
      "type": "OTHER",
      "metadata": {},
      "salience": 0.08112646,
      "mentions": [
        {
          "text": {
            "content": "purposes",
            "beginOffset": -1
          },
          "type": "COMMON"
        }
      ]
    },
    {
      "name": "Serious",
      "type": "OTHER",
      "metadata": {},
      "salience": 0.036622442,
      "mentions": [
        {
          "text": {
            "content": "Serious",
            "beginOffset": -1
          },
          "type": "PROPER"
        }
      ]
    },
    {
      "name": "spay",
      "type": "OTHER",
      "metadata": {},
      "salience": 0.02724294,
      "mentions": [
        {
          "text": {
            "content": "spay",
            "beginOffset": -1
          },
          "type": "COMMON"
        }
      ]
    },
    {
      "name": "Amy @",
      "type": "PERSON",
      "metadata": {},
      "salience": 0.026347386,
      "mentions": [
        {
          "text": {
            "content": "Amy @",
            "beginOffset": -1
          },
          "type": "PROPER"
        }
      ]
    }
  ],
  "documentSentiment": {
    "magnitude": 1.3,
    "score": 0.6
  },
  "language": "en",
  "categories": []
}
