{
  "sentences": [
    {
      "text": {
        "content": "Tara is a gentle giant.",
        "beginOffset": -1
      },
      "sentiment": {
        "magnitude": 0.3,
        "score": 0.3
      }
    },
    {
      "text": {
        "content": "She was believed to have been dumped at shops in Ara Damansara.",
        "beginOffset": -1
      },
      "sentiment": {
        "magnitude": 0.4,
        "score": -0.4
      }
    },
    {
      "text": {
        "content": "Her best friend is Java, believed to be her pup.",
        "beginOffset": -1
      },
      "sentiment": {
        "magnitude": 0.6,
        "score": 0.6
      }
    },
    {
      "text": {
        "content": "They take care of each other.",
        "beginOffset": -1
      },
      "sentiment": {
        "magnitude": 0,
        "score": 0
      }
    },
    {
      "text": {
        "content": "It would be great if we can rehome them together.",
        "beginOffset": -1
      },
      "sentiment": {
        "magnitude": 0.5,
        "score": 0.5
      }
    },
    {
      "text": {
        "content": "Neutering cost to be borne by adopter.",
        "beginOffset": -1
      },
      "sentiment": {
        "magnitude": 0.7,
        "score": 0.7
      }
    },
    {
      "text": {
        "content": "Please call if interested.",
        "beginOffset": -1
      },
      "sentiment": {
        "magnitude": 0.2,
        "score": -0.2
      }
    }
  ],
  "tokens": [],
  "entities": [
    {
      "name": "Tara",
      "type": "PERSON",
      "metadata": {},
      "salience": 0.6384785,
      "mentions": [
        {
          "text": {
            "content": "Tara",
            "beginOffset": -1
          },
          "type": "PROPER"
        }
      ]
    },
    {
      "name": "giant",
      "type": "ORGANIZATION",
      "metadata": {},
      "salience": 0.19544283,
      "mentions": [
        {
          "text": {
            "content": "giant",
            "beginOffset": -1
          },
          "type": "COMMON"
        }
      ]
    },
    {
      "name": "shops",
      "type": "LOCATION",
      "metadata": {},
      "salience": 0.030896097,
      "mentions": [
        {
          "text": {
            "content": "shops",
            "beginOffset": -1
          },
          "type": "COMMON"
        }
      ]
    },
    {
      "name": "pup",
      "type": "OTHER",
      "metadata": {},
      "salience": 0.025953598,
      "mentions": [
        {
          "text": {
            "content": "pup",
            "beginOffset": -1
          },
          "type": "COMMON"
        }
      ]
    },
    {
      "name": "best friend",
      "type": "PERSON",
      "metadata": {},
      "salience": 0.025026657,
      "mentions": [
        {
          "text": {
            "content": "best friend",
            "beginOffset": -1
          },
          "type": "COMMON"
        }
      ]
    },
    {
      "name": "care",
      "type": "OTHER",
      "metadata": {},
      "salience": 0.0220888,
      "mentions": [
        {
          "text": {
            "content": "care",
            "beginOffset": -1
          },
          "type": "COMMON"
        }
      ]
    },
    {
      "name": "each other",
      "type": "PERSON",
      "metadata": {},
      "salience": 0.019323336,
      "mentions": [
        {
          "text": {
            "content": "each other",
            "beginOffset": -1
          },
          "type": "COMMON"
        }
      ]
    },
    {
      "name": "Java",
      "type": "OTHER",
      "metadata": {
        "mid": "/m/07sbkfb",
        "wikipedia_url": "https://en.wikipedia.org/wiki/Java_(programming_language)"
      },
      "salience": 0.015814032,
      "mentions": [
        {
          "text": {
            "content": "Java",
            "beginOffset": -1
          },
          "type": "PROPER"
        }
      ]
    },
    {
      "name": "cost",
      "type": "OTHER",
      "metadata": {},
      "salience": 0.01452711,
      "mentions": [
        {
          "text": {
            "content": "cost",
            "beginOffset": -1
          },
          "type": "COMMON"
        }
      ]
    },
    {
      "name": "Ara Damansara",
      "type": "LOCATION",
      "metadata": {
        "mid": "/m/0g1wqy",
        "wikipedia_url": "https://en.wikipedia.org/wiki/Ara_Damansara"
      },
      "salience": 0.012449011,
      "mentions": [
        {
          "text": {
            "content": "Ara Damansara",
            "beginOffset": -1
          },
          "type": "PROPER"
        }
      ]
    }
  ],
  "documentSentiment": {
    "magnitude": 3,
    "score": 0.2
  },
  "language": "en",
  "categories": []
}
