{
  "sentences": [
    {
      "text": {
        "content": "Another kitten I found alone behind my office.",
        "beginOffset": -1
      },
      "sentiment": {
        "magnitude": 0.1,
        "score": -0.1
      }
    },
    {
      "text": {
        "content": "She's very playful.",
        "beginOffset": -1
      },
      "sentiment": {
        "magnitude": 0.7,
        "score": 0.7
      }
    },
    {
      "text": {
        "content": "She will try to catch your feet when you're walking near her.",
        "beginOffset": -1
      },
      "sentiment": {
        "magnitude": 0,
        "score": 0
      }
    },
    {
      "text": {
        "content": "She's healthy, eats and drinks no problem.",
        "beginOffset": -1
      },
      "sentiment": {
        "magnitude": 0.6,
        "score": 0.6
      }
    },
    {
      "text": {
        "content": "Has good appetite.",
        "beginOffset": -1
      },
      "sentiment": {
        "magnitude": 0.8,
        "score": 0.8
      }
    },
    {
      "text": {
        "content": "Pee and poo in the litter box.",
        "beginOffset": -1
      },
      "sentiment": {
        "magnitude": 0.4,
        "score": -0.4
      }
    },
    {
      "text": {
        "content": "I hope to find a loving home with an animal loving family who can take care of her forever.",
        "beginOffset": -1
      },
      "sentiment": {
        "magnitude": 0.9,
        "score": 0.9
      }
    }
  ],
  "tokens": [],
  "entities": [
    {
      "name": "kitten",
      "type": "PERSON",
      "metadata": {},
      "salience": 0.7139791,
      "mentions": [
        {
          "text": {
            "content": "kitten",
            "beginOffset": -1
          },
          "type": "COMMON"
        }
      ]
    },
    {
      "name": "office",
      "type": "OTHER",
      "metadata": {},
      "salience": 0.126402,
      "mentions": [
        {
          "text": {
            "content": "office",
            "beginOffset": -1
          },
          "type": "COMMON"
        }
      ]
    },
    {
      "name": "family",
      "type": "PERSON",
      "metadata": {},
      "salience": 0.033262197,
      "mentions": [
        {
          "text": {
            "content": "family",
            "beginOffset": -1
          },
          "type": "COMMON"
        }
      ]
    },
    {
      "name": "home",
      "type": "LOCATION",
      "metadata": {},
      "salience": 0.017641917,
      "mentions": [
        {
          "text": {
            "content": "home",
            "beginOffset": -1
          },
          "type": "COMMON"
        }
      ]
    },
    {
      "name": "eats",
      "type": "OTHER",
      "metadata": {},
      "salience": 0.01650882,
      "mentions": [
        {
          "text": {
            "content": "eats",
            "beginOffset": -1
          },
          "type": "COMMON"
        }
      ]
    },
    {
      "name": "feet",
      "type": "OTHER",
      "metadata": {},
      "salience": 0.016365904,
      "mentions": [
        {
          "text": {
            "content": "feet",
            "beginOffset": -1
          },
          "type": "COMMON"
        }
      ]
    },
    {
      "name": "problem",
      "type": "OTHER",
      "metadata": {},
      "salience": 0.015156391,
      "mentions": [
        {
          "text": {
            "content": "problem",
            "beginOffset": -1
          },
          "type": "COMMON"
        }
      ]
    },
    {
      "name": "appetite",
      "type": "OTHER",
      "metadata": {},
      "salience": 0.015115135,
      "mentions": [
        {
          "text": {
            "content": "appetite",
            "beginOffset": -1
          },
          "type": "COMMON"
        }
      ]
    },
    {
      "name": "Pee",
      "type": "OTHER",
      "metadata": {},
      "salience": 0.01508151,
      "mentions": [
        {
          "text": {
            "content": "Pee",
            "beginOffset": -1
          },
          "type": "COMMON"
        }
      ]
    },
    {
      "name": "animal",
      "type": "OTHER",
      "metadata": {},
      "salience": 0.011362578,
      "mentions": [
        {
          "text": {
            "content": "animal",
            "beginOffset": -1
          },
          "type": "COMMON"
        }
      ]
    },
    {
      "name": "care",
      "type": "OTHER",
      "metadata": {},
      "salience": 0.009114345,
      "mentions": [
        {
          "text": {
            "content": "care",
            "beginOffset": -1
          },
          "type": "COMMON"
        }
      ]
    },
    {
      "name": "poo",
      "type": "OTHER",
      "metadata": {},
      "salience": 0.005005024,
      "mentions": [
        {
          "text": {
            "content": "poo",
            "beginOffset": -1
          },
          "type": "COMMON"
        }
      ]
    },
    {
      "name": "litter box",
      "type": "OTHER",
      "metadata": {},
      "salience": 0.005005024,
      "mentions": [
        {
          "text": {
            "content": "litter box",
            "beginOffset": -1
          },
          "type": "COMMON"
        }
      ]
    }
  ],
  "documentSentiment": {
    "magnitude": 3.8,
    "score": 0.3
  },
  "language": "en",
  "categories": []
}
