{
  "sentences": [
    {
      "text": {
        "content": "The minder, a Filipino maid, has left the country, and Cucu is looking for a home now.",
        "beginOffset": -1
      },
      "sentiment": {
        "magnitude": 0.2,
        "score": 0.2
      }
    },
    {
      "text": {
        "content": "For info:",
        "beginOffset": -1
      },
      "sentiment": {
        "magnitude": 0.1,
        "score": 0.1
      }
    }
  ],
  "tokens": [],
  "entities": [
    {
      "name": "minder",
      "type": "OTHER",
      "metadata": {},
      "salience": 0.4510635,
      "mentions": [
        {
          "text": {
            "content": "minder",
            "beginOffset": -1
          },
          "type": "COMMON"
        }
      ]
    },
    {
      "name": "maid",
      "type": "PERSON",
      "metadata": {},
      "salience": 0.18860996,
      "mentions": [
        {
          "text": {
            "content": "maid",
            "beginOffset": -1
          },
          "type": "COMMON"
        }
      ]
    },
    {
      "name": "Filipino",
      "type": "LOCATION",
      "metadata": {},
      "salience": 0.115734905,
      "mentions": [
        {
          "text": {
            "content": "Filipino",
            "beginOffset": -1
          },
          "type": "PROPER"
        }
      ]
    },
    {
      "name": "country",
      "type": "LOCATION",
      "metadata": {},
      "salience": 0.09797069,
      "mentions": [
        {
          "text": {
            "content": "country",
            "beginOffset": -1
          },
          "type": "COMMON"
        }
      ]
    },
    {
      "name": "Cucu",
      "type": "PERSON",
      "metadata": {},
      "salience": 0.072283745,
      "mentions": [
        {
          "text": {
            "content": "Cucu",
            "beginOffset": -1
          },
          "type": "PROPER"
        }
      ]
    },
    {
      "name": "home",
      "type": "LOCATION",
      "metadata": {},
      "salience": 0.04201807,
      "mentions": [
        {
          "text": {
            "content": "home",
            "beginOffset": -1
          },
          "type": "COMMON"
        }
      ]
    },
    {
      "name": "info",
      "type": "OTHER",
      "metadata": {},
      "salience": 0.032319125,
      "mentions": [
        {
          "text": {
            "content": "info",
            "beginOffset": -1
          },
          "type": "COMMON"
        }
      ]
    }
  ],
  "documentSentiment": {
    "magnitude": 0.3,
    "score": 0.1
  },
  "language": "en",
  "categories": []
}
