{
  "sentences": [
    {
      "text": {
        "content": "ADOPTION STATUS: 12th Mar - Alonso, the brown fatty puppy is booked and confirm adoption by William from Setapak What do you call when u have eight puppies?",
        "beginOffset": -1
      },
      "sentiment": {
        "magnitude": 0.4,
        "score": -0.4
      }
    },
    {
      "text": {
        "content": "HUATTTTT!!!!!",
        "beginOffset": -1
      },
      "sentiment": {
        "magnitude": 0,
        "score": 0
      }
    },
    {
      "text": {
        "content": "Rescued 8 adorable puppies when they are barely one month old.",
        "beginOffset": -1
      },
      "sentiment": {
        "magnitude": 0.1,
        "score": 0.1
      }
    },
    {
      "text": {
        "content": "They are infested w fleas, usual for strays but with constant care and grooming, I bet they will surpass any any good purebred dogs!",
        "beginOffset": -1
      },
      "sentiment": {
        "magnitude": 0.7,
        "score": -0.7
      }
    },
    {
      "text": {
        "content": "Due to good milk and food and momma's milk (and me pokai-ing), they grew stronger and even starts to run at 1.5months old!",
        "beginOffset": -1
      },
      "sentiment": {
        "magnitude": 0,
        "score": 0
      }
    },
    {
      "text": {
        "content": "I am really surprised!",
        "beginOffset": -1
      },
      "sentiment": {
        "magnitude": 0.3,
        "score": 0.3
      }
    },
    {
      "text": {
        "content": "I bet they will be someone's good companion for walks, run and even playing fetch!",
        "beginOffset": -1
      },
      "sentiment": {
        "magnitude": 0.9,
        "score": 0.9
      }
    },
    {
      "text": {
        "content": "Their momma is a beautiful long hair breed abd I bet their pop is a short hair breed coz they have medium short hair hahaa what a way to assume their breed _ _&quot;&quot; All puppies are looking for their forever home before they make my home their forever home!",
        "beginOffset": -1
      },
      "sentiment": {
        "magnitude": 0.3,
        "score": 0.3
      }
    },
    {
      "text": {
        "content": "Noooooo~~~~ And there's one minor challenge - when I rescued the puppies n momma dog, they were infested w fleas.",
        "beginOffset": -1
      },
      "sentiment": {
        "magnitude": 0.8,
        "score": -0.8
      }
    },
    {
      "text": {
        "content": "The puppies were bathed and sprayed w Frontline n momma dog is on Advocate to get rid of fleas n worms.",
        "beginOffset": -1
      },
      "sentiment": {
        "magnitude": 0,
        "score": 0
      }
    },
    {
      "text": {
        "content": "The fleas seeked revenge on those poor babies n bit them real hard n so much that some of their furs dropped.",
        "beginOffset": -1
      },
      "sentiment": {
        "magnitude": 0.6,
        "score": -0.6
      }
    },
    {
      "text": {
        "content": "But w a lil grooming and bath n good diet, their fur will grow back in no time n will look as cute as ever!",
        "beginOffset": -1
      },
      "sentiment": {
        "magnitude": 0.8,
        "score": 0.8
      }
    },
    {
      "text": {
        "content": "So please be forewarned or else u think I m sending off bad looking puppies &gt;",
        "beginOffset": -1
      },
      "sentiment": {
        "magnitude": 0.4,
        "score": -0.4
      }
    }
  ],
  "tokens": [],
  "entities": [
    {
      "name": "12th Mar - Alonso",
      "type": "PERSON",
      "metadata": {},
      "salience": 0.15008762,
      "mentions": [
        {
          "text": {
            "content": "12th Mar - Alonso",
            "beginOffset": -1
          },
          "type": "PROPER"
        },
        {
          "text": {
            "content": "brown fatty puppy",
            "beginOffset": -1
          },
          "type": "COMMON"
        }
      ]
    },
    {
      "name": "puppies",
      "type": "OTHER",
      "metadata": {},
      "salience": 0.10412839,
      "mentions": [
        {
          "text": {
            "content": "puppies",
            "beginOffset": -1
          },
          "type": "COMMON"
        }
      ]
    },
    {
      "name": "adoption",
      "type": "OTHER",
      "metadata": {},
      "salience": 0.09181146,
      "mentions": [
        {
          "text": {
            "content": "adoption",
            "beginOffset": -1
          },
          "type": "COMMON"
        }
      ]
    },
    {
      "name": "puppies",
      "type": "OTHER",
      "metadata": {},
      "salience": 0.06618453,
      "mentions": [
        {
          "text": {
            "content": "puppies",
            "beginOffset": -1
          },
          "type": "COMMON"
        }
      ]
    },
    {
      "name": "puppies",
      "type": "OTHER",
      "metadata": {},
      "salience": 0.048139233,
      "mentions": [
        {
          "text": {
            "content": "puppies",
            "beginOffset": -1
          },
          "type": "COMMON"
        }
      ]
    },
    {
      "name": "hair breed",
      "type": "OTHER",
      "metadata": {},
      "salience": 0.043764304,
      "mentions": [
        {
          "text": {
            "content": "pop",
            "beginOffset": -1
          },
          "type": "COMMON"
        },
        {
          "text": {
            "content": "hair breed",
            "beginOffset": -1
          },
          "type": "COMMON"
        }
      ]
    },
    {
      "name": "William",
      "type": "PERSON",
      "metadata": {},
      "salience": 0.040661402,
      "mentions": [
        {
          "text": {
            "content": "William",
            "beginOffset": -1
          },
          "type": "PROPER"
        }
      ]
    },
    {
      "name": "ADOPTION STATUS",
      "type": "OTHER",
      "metadata": {},
      "salience": 0.040661402,
      "mentions": [
        {
          "text": {
            "content": "ADOPTION STATUS",
            "beginOffset": -1
          },
          "type": "PROPER"
        }
      ]
    },
    {
      "name": "Setapak",
      "type": "LOCATION",
      "metadata": {
        "wikipedia_url": "https://en.wikipedia.org/wiki/Setapak",
        "mid": "/m/0d0_g0"
      },
      "salience": 0.040661402,
      "mentions": [
        {
          "text": {
            "content": "Setapak",
            "beginOffset": -1
          },
          "type": "PROPER"
        }
      ]
    },
    {
      "name": "HUATTTTT",
      "type": "OTHER",
      "metadata": {},
      "salience": 0.03306628,
      "mentions": [
        {
          "text": {
            "content": "HUATTTTT",
            "beginOffset": -1
          },
          "type": "COMMON"
        }
      ]
    },
    {
      "name": "babies",
      "type": "PERSON",
      "metadata": {},
      "salience": 0.023390312,
      "mentions": [
        {
          "text": {
            "content": "babies",
            "beginOffset": -1
          },
          "type": "COMMON"
        }
      ]
    },
    {
      "name": "w fleas",
      "type": "OTHER",
      "metadata": {},
      "salience": 0.016690338,
      "mentions": [
        {
          "text": {
            "content": "w fleas",
            "beginOffset": -1
          },
          "type": "COMMON"
        }
      ]
    },
    {
      "name": "grooming",
      "type": "OTHER",
      "metadata": {},
      "salience": 0.014181225,
      "mentions": [
        {
          "text": {
            "content": "grooming",
            "beginOffset": -1
          },
          "type": "COMMON"
        }
      ]
    },
    {
      "name": "dogs",
      "type": "OTHER",
      "metadata": {},
      "salience": 0.013915404,
      "mentions": [
        {
          "text": {
            "content": "dogs",
            "beginOffset": -1
          },
          "type": "COMMON"
        }
      ]
    },
    {
      "name": "momma",
      "type": "PERSON",
      "metadata": {},
      "salience": 0.01266503,
      "mentions": [
        {
          "text": {
            "content": "momma",
            "beginOffset": -1
          },
          "type": "COMMON"
        }
      ]
    },
    {
      "name": "care",
      "type": "OTHER",
      "metadata": {},
      "salience": 0.012460133,
      "mentions": [
        {
          "text": {
            "content": "care",
            "beginOffset": -1
          },
          "type": "COMMON"
        }
      ]
    },
    {
      "name": "strays",
      "type": "OTHER",
      "metadata": {},
      "salience": 0.012460133,
      "mentions": [
        {
          "text": {
            "content": "strays",
            "beginOffset": -1
          },
          "type": "COMMON"
        }
      ]
    },
    {
      "name": "hair",
      "type": "OTHER",
      "metadata": {},
      "salience": 0.010534542,
      "mentions": [
        {
          "text": {
            "content": "hair",
            "beginOffset": -1
          },
          "type": "COMMON"
        }
      ]
    },
    {
      "name": "momma",
      "type": "PERSON",
      "metadata": {},
      "salience": 0.010466187,
      "mentions": [
        {
          "text": {
            "content": "momma",
            "beginOffset": -1
          },
          "type": "COMMON"
        }
      ]
    },
    {
      "name": "companion",
      "type": "PERSON",
      "metadata": {},
      "salience": 0.010420227,
      "mentions": [
        {
          "text": {
            "content": "companion",
            "beginOffset": -1
          },
          "type": "COMMON"
        }
      ]
    },
    {
      "name": "hair",
      "type": "OTHER",
      "metadata": {},
      "salience": 0.009666552,
      "mentions": [
        {
          "text": {
            "content": "hair",
            "beginOffset": -1
          },
          "type": "COMMON"
        }
      ]
    },
    {
      "name": "milk",
      "type": "OTHER",
      "metadata": {},
      "salience": 0.009547377,
      "mentions": [
        {
          "text": {
            "content": "milk",
            "beginOffset": -1
          },
          "type": "COMMON"
        }
      ]
    },
    {
      "name": "milk",
      "type": "CONSUMER_GOOD",
      "metadata": {},
      "salience": 0.009547377,
      "mentions": [
        {
          "text": {
            "content": "milk",
            "beginOffset": -1
          },
          "type": "COMMON"
        }
      ]
    },
    {
      "name": "home",
      "type": "LOCATION",
      "metadata": {},
      "salience": 0.00881777,
      "mentions": [
        {
          "text": {
            "content": "home",
            "beginOffset": -1
          },
          "type": "COMMON"
        }
      ]
    },
    {
      "name": "home",
      "type": "LOCATION",
      "metadata": {},
      "salience": 0.00881777,
      "mentions": [
        {
          "text": {
            "content": "home",
            "beginOffset": -1
          },
          "type": "COMMON"
        }
      ]
    },
    {
      "name": "someone",
      "type": "PERSON",
      "metadata": {},
      "salience": 0.008456044,
      "mentions": [
        {
          "text": {
            "content": "someone",
            "beginOffset": -1
          },
          "type": "COMMON"
        }
      ]
    },
    {
      "name": "run",
      "type": "EVENT",
      "metadata": {},
      "salience": 0.008456044,
      "mentions": [
        {
          "text": {
            "content": "run",
            "beginOffset": -1
          },
          "type": "COMMON"
        }
      ]
    },
    {
      "name": "walks",
      "type": "OTHER",
      "metadata": {},
      "salience": 0.008456044,
      "mentions": [
        {
          "text": {
            "content": "walks",
            "beginOffset": -1
          },
          "type": "COMMON"
        }
      ]
    },
    {
      "name": "food",
      "type": "OTHER",
      "metadata": {},
      "salience": 0.00838737,
      "mentions": [
        {
          "text": {
            "content": "food",
            "beginOffset": -1
          },
          "type": "COMMON"
        }
      ]
    },
    {
      "name": "fleas",
      "type": "OTHER",
      "metadata": {},
      "salience": 0.007803601,
      "mentions": [
        {
          "text": {
            "content": "fleas",
            "beginOffset": -1
          },
          "type": "COMMON"
        }
      ]
    },
    {
      "name": "fleas",
      "type": "OTHER",
      "metadata": {},
      "salience": 0.0077944645,
      "mentions": [
        {
          "text": {
            "content": "fleas",
            "beginOffset": -1
          },
          "type": "COMMON"
        }
      ]
    },
    {
      "name": "home",
      "type": "LOCATION",
      "metadata": {},
      "salience": 0.007746221,
      "mentions": [
        {
          "text": {
            "content": "home",
            "beginOffset": -1
          },
          "type": "COMMON"
        }
      ]
    },
    {
      "name": "way",
      "type": "OTHER",
      "metadata": {},
      "salience": 0.007746221,
      "mentions": [
        {
          "text": {
            "content": "way",
            "beginOffset": -1
          },
          "type": "COMMON"
        }
      ]
    },
    {
      "name": "n",
      "type": "OTHER",
      "metadata": {},
      "salience": 0.006620257,
      "mentions": [
        {
          "text": {
            "content": "n",
            "beginOffset": -1
          },
          "type": "COMMON"
        }
      ]
    },
    {
      "name": "puppies",
      "type": "OTHER",
      "metadata": {},
      "salience": 0.006328495,
      "mentions": [
        {
          "text": {
            "content": "puppies",
            "beginOffset": -1
          },
          "type": "COMMON"
        }
      ]
    },
    {
      "name": "grooming",
      "type": "PERSON",
      "metadata": {},
      "salience": 0.006218833,
      "mentions": [
        {
          "text": {
            "content": "grooming",
            "beginOffset": -1
          },
          "type": "COMMON"
        }
      ]
    },
    {
      "name": "some",
      "type": "OTHER",
      "metadata": {},
      "salience": 0.0061085457,
      "mentions": [
        {
          "text": {
            "content": "some",
            "beginOffset": -1
          },
          "type": "COMMON"
        }
      ]
    },
    {
      "name": "Advocate",
      "type": "PERSON",
      "metadata": {},
      "salience": 0.0058221472,
      "mentions": [
        {
          "text": {
            "content": "Advocate",
            "beginOffset": -1
          },
          "type": "COMMON"
        }
      ]
    },
    {
      "name": "worms",
      "type": "OTHER",
      "metadata": {},
      "salience": 0.0058221472,
      "mentions": [
        {
          "text": {
            "content": "worms",
            "beginOffset": -1
          },
          "type": "COMMON"
        }
      ]
    },
    {
      "name": "revenge",
      "type": "OTHER",
      "metadata": {},
      "salience": 0.0058153267,
      "mentions": [
        {
          "text": {
            "content": "revenge",
            "beginOffset": -1
          },
          "type": "COMMON"
        }
      ]
    },
    {
      "name": "furs",
      "type": "OTHER",
      "metadata": {},
      "salience": 0.0058153267,
      "mentions": [
        {
          "text": {
            "content": "furs",
            "beginOffset": -1
          },
          "type": "COMMON"
        }
      ]
    },
    {
      "name": "lil",
      "type": "PERSON",
      "metadata": {},
      "salience": 0.005809107,
      "mentions": [
        {
          "text": {
            "content": "lil",
            "beginOffset": -1
          },
          "type": "COMMON"
        }
      ]
    },
    {
      "name": "diet",
      "type": "OTHER",
      "metadata": {},
      "salience": 0.0040660864,
      "mentions": [
        {
          "text": {
            "content": "diet",
            "beginOffset": -1
          },
          "type": "COMMON"
        }
      ]
    },
    {
      "name": "bath",
      "type": "OTHER",
      "metadata": {},
      "salience": 0.0040660864,
      "mentions": [
        {
          "text": {
            "content": "bath",
            "beginOffset": -1
          },
          "type": "COMMON"
        }
      ]
    },
    {
      "name": "puppies",
      "type": "OTHER",
      "metadata": {},
      "salience": 0.0039834525,
      "mentions": [
        {
          "text": {
            "content": "puppies",
            "beginOffset": -1
          },
          "type": "COMMON"
        }
      ]
    },
    {
      "name": "puppies",
      "type": "OTHER",
      "metadata": {},
      "salience": 0.0039782915,
      "mentions": [
        {
          "text": {
            "content": "puppies",
            "beginOffset": -1
          },
          "type": "COMMON"
        }
      ]
    },
    {
      "name": "fur",
      "type": "OTHER",
      "metadata": {},
      "salience": 0.0038234652,
      "mentions": [
        {
          "text": {
            "content": "fur",
            "beginOffset": -1
          },
          "type": "COMMON"
        }
      ]
    },
    {
      "name": "momma dog",
      "type": "OTHER",
      "metadata": {},
      "salience": 0.003496022,
      "mentions": [
        {
          "text": {
            "content": "momma dog",
            "beginOffset": -1
          },
          "type": "COMMON"
        }
      ]
    },
    {
      "name": "w fleas",
      "type": "OTHER",
      "metadata": {},
      "salience": 0.003427302,
      "mentions": [
        {
          "text": {
            "content": "w fleas",
            "beginOffset": -1
          },
          "type": "COMMON"
        }
      ]
    },
    {
      "name": "w",
      "type": "OTHER",
      "metadata": {},
      "salience": 0.0031869847,
      "mentions": [
        {
          "text": {
            "content": "w",
            "beginOffset": -1
          },
          "type": "COMMON"
        }
      ]
    },
    {
      "name": "momma dog",
      "type": "OTHER",
      "metadata": {},
      "salience": 0.0029104652,
      "mentions": [
        {
          "text": {
            "content": "momma dog",
            "beginOffset": -1
          },
          "type": "COMMON"
        }
      ]
    },
    {
      "name": "challenge",
      "type": "OTHER",
      "metadata": {},
      "salience": 0.0025562765,
      "mentions": [
        {
          "text": {
            "content": "challenge",
            "beginOffset": -1
          },
          "type": "COMMON"
        }
      ]
    },
    {
      "name": "Frontline",
      "type": "OTHER",
      "metadata": {},
      "salience": 0.0025529636,
      "mentions": [
        {
          "text": {
            "content": "Frontline",
            "beginOffset": -1
          },
          "type": "COMMON"
        }
      ]
    }
  ],
  "documentSentiment": {
    "magnitude": 5.9,
    "score": 0
  },
  "language": "en",
  "categories": []
}
