{
  "sentences": [
    {
      "text": {
        "content": "Found the cat on the street near i live.",
        "beginOffset": -1
      },
      "sentiment": {
        "magnitude": 0.3,
        "score": 0.3
      }
    },
    {
      "text": {
        "content": "Healthy and very active.",
        "beginOffset": -1
      },
      "sentiment": {
        "magnitude": 0.8,
        "score": 0.8
      }
    },
    {
      "text": {
        "content": "Looking for cat lovers to adopot him as i can't take care of him fulltime due to the nature of my job.",
        "beginOffset": -1
      },
      "sentiment": {
        "magnitude": 0.7,
        "score": 0.7
      }
    },
    {
      "text": {
        "content": "Toilet trained.",
        "beginOffset": -1
      },
      "sentiment": {
        "magnitude": 0.1,
        "score": 0.1
      }
    }
  ],
  "tokens": [],
  "entities": [
    {
      "name": "cat",
      "type": "OTHER",
      "metadata": {},
      "salience": 0.44025502,
      "mentions": [
        {
          "text": {
            "content": "cat",
            "beginOffset": -1
          },
          "type": "COMMON"
        }
      ]
    },
    {
      "name": "street",
      "type": "LOCATION",
      "metadata": {},
      "salience": 0.39383915,
      "mentions": [
        {
          "text": {
            "content": "street",
            "beginOffset": -1
          },
          "type": "COMMON"
        }
      ]
    },
    {
      "name": "cat lovers",
      "type": "PERSON",
      "metadata": {},
      "salience": 0.054922722,
      "mentions": [
        {
          "text": {
            "content": "cat lovers",
            "beginOffset": -1
          },
          "type": "COMMON"
        }
      ]
    },
    {
      "name": "nature",
      "type": "OTHER",
      "metadata": {},
      "salience": 0.038175195,
      "mentions": [
        {
          "text": {
            "content": "nature",
            "beginOffset": -1
          },
          "type": "COMMON"
        }
      ]
    },
    {
      "name": "job",
      "type": "OTHER",
      "metadata": {},
      "salience": 0.026812773,
      "mentions": [
        {
          "text": {
            "content": "job",
            "beginOffset": -1
          },
          "type": "COMMON"
        }
      ]
    },
    {
      "name": "Toilet",
      "type": "OTHER",
      "metadata": {},
      "salience": 0.026718788,
      "mentions": [
        {
          "text": {
            "content": "Toilet",
            "beginOffset": -1
          },
          "type": "COMMON"
        }
      ]
    },
    {
      "name": "care",
      "type": "OTHER",
      "metadata": {},
      "salience": 0.019276362,
      "mentions": [
        {
          "text": {
            "content": "care",
            "beginOffset": -1
          },
          "type": "COMMON"
        }
      ]
    }
  ],
  "documentSentiment": {
    "magnitude": 2,
    "score": 0.5
  },
  "language": "en",
  "categories": []
}
