{
  "sentences": [
    {
      "text": {
        "content": "3 cute and playful kitties 2 months old for free adoption.",
        "beginOffset": -1
      },
      "sentiment": {
        "magnitude": 0.9,
        "score": 0.9
      }
    },
    {
      "text": {
        "content": "Tabby (female),White (female) and gold/orange (male).",
        "beginOffset": -1
      },
      "sentiment": {
        "magnitude": 0.1,
        "score": 0.1
      }
    },
    {
      "text": {
        "content": "Location Damansara.",
        "beginOffset": -1
      },
      "sentiment": {
        "magnitude": 0.1,
        "score": 0.1
      }
    },
    {
      "text": {
        "content": "Interested please call aishah or abdullah.",
        "beginOffset": -1
      },
      "sentiment": {
        "magnitude": 0.5,
        "score": 0.5
      }
    }
  ],
  "tokens": [],
  "entities": [
    {
      "name": "kitties",
      "type": "OTHER",
      "metadata": {},
      "salience": 0.4339005,
      "mentions": [
        {
          "text": {
            "content": "kitties",
            "beginOffset": -1
          },
          "type": "COMMON"
        }
      ]
    },
    {
      "name": "Damansara",
      "type": "LOCATION",
      "metadata": {
        "mid": "/m/06wbn36",
        "wikipedia_url": "https://en.wikipedia.org/wiki/Damansara,_Kuala_Lumpur"
      },
      "salience": 0.1279285,
      "mentions": [
        {
          "text": {
            "content": "Damansara",
            "beginOffset": -1
          },
          "type": "PROPER"
        },
        {
          "text": {
            "content": "Location",
            "beginOffset": -1
          },
          "type": "COMMON"
        }
      ]
    },
    {
      "name": "adoption",
      "type": "OTHER",
      "metadata": {},
      "salience": 0.12393903,
      "mentions": [
        {
          "text": {
            "content": "adoption",
            "beginOffset": -1
          },
          "type": "COMMON"
        }
      ]
    },
    {
      "name": "female",
      "type": "PERSON",
      "metadata": {},
      "salience": 0.06894586,
      "mentions": [
        {
          "text": {
            "content": "female",
            "beginOffset": -1
          },
          "type": "COMMON"
        }
      ]
    },
    {
      "name": "orange",
      "type": "OTHER",
      "metadata": {},
      "salience": 0.0564756,
      "mentions": [
        {
          "text": {
            "content": "orange",
            "beginOffset": -1
          },
          "type": "COMMON"
        }
      ]
    },
    {
      "name": "gold",
      "type": "OTHER",
      "metadata": {},
      "salience": 0.0564756,
      "mentions": [
        {
          "text": {
            "content": "gold",
            "beginOffset": -1
          },
          "type": "COMMON"
        }
      ]
    },
    {
      "name": "White",
      "type": "PERSON",
      "metadata": {},
      "salience": 0.036610644,
      "mentions": [
        {
          "text": {
            "content": "White",
            "beginOffset": -1
          },
          "type": "PROPER"
        }
      ]
    },
    {
      "name": "Tabby",
      "type": "OTHER",
      "metadata": {
        "mid": "/m/0g4cd0",
        "wikipedia_url": "https://en.wikipedia.org/wiki/Tabby_cat"
      },
      "salience": 0.036167853,
      "mentions": [
        {
          "text": {
            "content": "Tabby",
            "beginOffset": -1
          },
          "type": "PROPER"
        }
      ]
    },
    {
      "name": "aishah",
      "type": "PERSON",
      "metadata": {},
      "salience": 0.029778205,
      "mentions": [
        {
          "text": {
            "content": "aishah",
            "beginOffset": -1
          },
          "type": "COMMON"
        }
      ]
    },
    {
      "name": "abdullah",
      "type": "PERSON",
      "metadata": {},
      "salience": 0.029778205,
      "mentions": [
        {
          "text": {
            "content": "abdullah",
            "beginOffset": -1
          },
          "type": "COMMON"
        }
      ]
    }
  ],
  "documentSentiment": {
    "magnitude": 1.8,
    "score": 0.4
  },
  "language": "en",
  "categories": []
}
