{
  "sentences": [
    {
      "text": {
        "content": "Found outside Restoran Mei Sek at USJ 14.",
        "beginOffset": -1
      },
      "sentiment": {
        "magnitude": 0,
        "score": 0
      }
    },
    {
      "text": {
        "content": "Apparently abandoned by its owner at the Petronas station nearby.",
        "beginOffset": -1
      },
      "sentiment": {
        "magnitude": 0.7,
        "score": -0.7
      }
    },
    {
      "text": {
        "content": "Determined by vet to be around 4 years old.",
        "beginOffset": -1
      },
      "sentiment": {
        "magnitude": 0.1,
        "score": 0.1
      }
    },
    {
      "text": {
        "content": "Not too sure what breed mix except that its a Spitz mix.",
        "beginOffset": -1
      },
      "sentiment": {
        "magnitude": 0,
        "score": 0
      }
    },
    {
      "text": {
        "content": "Very well trained and obedient.",
        "beginOffset": -1
      },
      "sentiment": {
        "magnitude": 0.9,
        "score": 0.9
      }
    },
    {
      "text": {
        "content": "Does not bark, bite or jump on cushions in the house.",
        "beginOffset": -1
      },
      "sentiment": {
        "magnitude": 0.4,
        "score": -0.4
      }
    },
    {
      "text": {
        "content": "Toilet trained to conduct its business outdoors on grass.",
        "beginOffset": -1
      },
      "sentiment": {
        "magnitude": 0,
        "score": 0
      }
    }
  ],
  "tokens": [],
  "entities": [
    {
      "name": "Restoran Mei Sek",
      "type": "LOCATION",
      "metadata": {
        "mid": "/g/1x6p_86p"
      },
      "salience": 0.23429951,
      "mentions": [
        {
          "text": {
            "content": "Restoran Mei Sek",
            "beginOffset": -1
          },
          "type": "PROPER"
        }
      ]
    },
    {
      "name": "USJ 14",
      "type": "LOCATION",
      "metadata": {
        "mid": "/g/1tfg9r62"
      },
      "salience": 0.23429951,
      "mentions": [
        {
          "text": {
            "content": "USJ 14",
            "beginOffset": -1
          },
          "type": "PROPER"
        }
      ]
    },
    {
      "name": "owner",
      "type": "PERSON",
      "metadata": {},
      "salience": 0.074971974,
      "mentions": [
        {
          "text": {
            "content": "owner",
            "beginOffset": -1
          },
          "type": "COMMON"
        }
      ]
    },
    {
      "name": "station",
      "type": "LOCATION",
      "metadata": {},
      "salience": 0.074971974,
      "mentions": [
        {
          "text": {
            "content": "station",
            "beginOffset": -1
          },
          "type": "COMMON"
        }
      ]
    },
    {
      "name": "Toilet",
      "type": "OTHER",
      "metadata": {},
      "salience": 0.06967458,
      "mentions": [
        {
          "text": {
            "content": "Toilet",
            "beginOffset": -1
          },
          "type": "COMMON"
        }
      ]
    },
    {
      "name": "mix",
      "type": "OTHER",
      "metadata": {},
      "salience": 0.053302962,
      "mentions": [
        {
          "text": {
            "content": "mix",
            "beginOffset": -1
          },
          "type": "COMMON"
        }
      ]
    },
    {
      "name": "vet",
      "type": "PERSON",
      "metadata": {},
      "salience": 0.050616782,
      "mentions": [
        {
          "text": {
            "content": "vet",
            "beginOffset": -1
          },
          "type": "COMMON"
        }
      ]
    },
    {
      "name": "Petronas",
      "type": "ORGANIZATION",
      "metadata": {
        "mid": "/m/0489ks",
        "wikipedia_url": "https://en.wikipedia.org/wiki/Petronas"
      },
      "salience": 0.04463739,
      "mentions": [
        {
          "text": {
            "content": "Petronas",
            "beginOffset": -1
          },
          "type": "PROPER"
        }
      ]
    },
    {
      "name": "cushions",
      "type": "OTHER",
      "metadata": {},
      "salience": 0.035251252,
      "mentions": [
        {
          "text": {
            "content": "cushions",
            "beginOffset": -1
          },
          "type": "COMMON"
        }
      ]
    },
    {
      "name": "house",
      "type": "LOCATION",
      "metadata": {},
      "salience": 0.035251252,
      "mentions": [
        {
          "text": {
            "content": "house",
            "beginOffset": -1
          },
          "type": "COMMON"
        }
      ]
    },
    {
      "name": "Spitz",
      "type": "PERSON",
      "metadata": {},
      "salience": 0.027834928,
      "mentions": [
        {
          "text": {
            "content": "Spitz",
            "beginOffset": -1
          },
          "type": "PROPER"
        }
      ]
    },
    {
      "name": "business",
      "type": "OTHER",
      "metadata": {},
      "salience": 0.024682794,
      "mentions": [
        {
          "text": {
            "content": "business",
            "beginOffset": -1
          },
          "type": "COMMON"
        }
      ]
    },
    {
      "name": "grass",
      "type": "OTHER",
      "metadata": {},
      "salience": 0.024682794,
      "mentions": [
        {
          "text": {
            "content": "grass",
            "beginOffset": -1
          },
          "type": "COMMON"
        }
      ]
    },
    {
      "name": "bite",
      "type": "OTHER",
      "metadata": {},
      "salience": 0.01552229,
      "mentions": [
        {
          "text": {
            "content": "bite",
            "beginOffset": -1
          },
          "type": "COMMON"
        }
      ]
    }
  ],
  "documentSentiment": {
    "magnitude": 2.4,
    "score": 0
  },
  "language": "en",
  "categories": []
}
